"client_id","client_name","location"
1,"100 otis st Site","100 otis st"
2,"400 rindge ave Site","400 rindge ave"
3,norumbega st Site,norumbega st
4,Intersection of fifth st & gore st,fifth st & gore st
5,"600 massachusetts ave Site","600 massachusetts ave"
6,"100 clifton st Site","100 clifton st"
7,"100 seventh st Site","100 seventh st"
8,"500 massachusetts ave Site","500 massachusetts ave"
9,corcoran ln Site,corcoran ln
10,Intersection of rindge ave & jackson pl,rindge ave & jackson pl
11,"200 bent st Site","200 bent st"
12,"100 harvey st Site","100 harvey st"
13,fulkerson st Site,fulkerson st
14,"800 massachusetts ave Site","800 massachusetts ave"
15,fawcett st Site,fawcett st
16,Intersection of memorial dr & magazine st,memorial dr & magazine st
17,Intersection of bent st & first st,bent st & first st
18,"100 fifth st Site","100 fifth st"
19,lambert st Site,lambert st
20,Intersection of fifth st & thorndike st,fifth st & thorndike st
21,"400 massachusetts ave Site","400 massachusetts ave"
22,"200 green st Site","200 green st"
23,"100 mount auburn st Site","100 mount auburn st"
24,"200 magazine st Site","200 magazine st"
25,granite st Site,granite st
26,"100 kirkland st Site","100 kirkland st"
27,hilliard st Site,hilliard st
28,jfk st Site,jfk st
29,thorndike st Site,thorndike st
30,"1600 cambridge st Site","1600 cambridge st"
31,speridakis ter Site,speridakis ter
32,waterhouse st Site,waterhouse st
33,Intersection of cambridge st & third st,cambridge st & third st
34,"1300 massachusetts ave Site","1300 massachusetts ave"
35,Intersection of allston st & brookline st,allston st & brookline st
36,"1200 massachusetts ave Site","1200 massachusetts ave"
37,"300 pearl st Site","300 pearl st"
38,"100 cambridgeside pl Site","100 cambridgeside pl"
39,"800 massachusetts ave Site","800 massachusetts ave"
40,"700 massachusetts ave Site","700 massachusetts ave"
41,Intersection of cambridge st & first st,cambridge st & first st
42,Intersection of plympton st & mill st,plympton st & mill st
43,watson st Site,watson st
44,"100 school st Site","100 school st"
45,chauncy st Site,chauncy st
46,"900 main st Site","900 main st"
47,Intersection of gorham st & museum st,gorham st & museum st
48,hurley st Site,hurley st
49,"100 thorndike st Site","100 thorndike st"
50,Intersection of jfk st & winthrop st,jfk st & winthrop st
51,florence st Site,florence st
52,dana st Site,dana st
53,raymond st Site,raymond st
54,"500 technology sq Site","500 technology sq"
55,"1200 massachusetts ave Site","1200 massachusetts ave"
56,ware st Site,ware st
57,"100 smith pl Site","100 smith pl"
58,lowell st Site,lowell st
59,Intersection of massachusetts ave & sidney st,massachusetts ave & sidney st
60,Intersection of clay st & rindge ave,clay st & rindge ave
61,"100 montgomery st Site","100 montgomery st"
62,jefferson park Site,jefferson park
63,central sq Site,central sq
64,"100 pleasant st Site","100 pleasant st"
65,"700 concord ave Site","700 concord ave"
66,"200 sherman st Site","200 sherman st"
67,"400 cambridge st Site","400 cambridge st"
68,normandy ave Site,normandy ave
69,"100 sixth st Site","100 sixth st"
70,"100 sciarappa st Site","100 sciarappa st"
71,"300 charles st Site","300 charles st"
72,"300 concord ave Site","300 concord ave"
73,Intersection of cambridge st & sixth st,cambridge st & sixth st
74,trowbridge st Site,trowbridge st
75,"200 first st Site","200 first st"
76,Intersection of garden st & huron ave,garden st & huron ave
77,"200 hampshire st Site","200 hampshire st"
78,Intersection of dunster st & mount auburn st,dunster st & mount auburn st
79,Intersection of sidney st & main st,sidney st & main st
80,Intersection of inman st & st mary rd,inman st & st mary rd
81,"100 langdon st Site","100 langdon st"
82,central sq Site,central sq
83,"200 erie st Site","200 erie st"
84,Intersection of mount auburn st & plympton st,mount auburn st & plympton st
85,holyoke st Site,holyoke st
86,mount auburn st Site,mount auburn st
87,francis ave Site,francis ave
88,Intersection of bow st & dewolfe st,bow st & dewolfe st
89,"100 dana st Site","100 dana st"
90,Intersection of cambridge st & ellery st,cambridge st & ellery st
91,"200 third st Site","200 third st"
92,"100 magazine st Site","100 magazine st"
93,"100 mount auburn st Site","100 mount auburn st"
94,Intersection of magazine st & lawrence st,magazine st & lawrence st
95,valentine st Site,valentine st
96,dunster st Site,dunster st
97,central sq Site,central sq
98,"100 pearl st Site","100 pearl st"
99,"300 broadway Site","300 broadway"
100,"200 cambridge st Site","200 cambridge st"
101,Intersection of gore st & lambert st,gore st & lambert st
102,garden ter Site,garden ter
103,"200 alewife brook pky Site","200 alewife brook pky"
104,"600 concord ave Site","600 concord ave"
105,"200 fifth st Site","200 fifth st"
106,reed st Site,reed st
107,garden st Site,garden st
108,"800 massachusetts ave Site","800 massachusetts ave"
109,remington st Site,remington st
110,Intersection of ash st & mount auburn st,ash st & mount auburn st
111,appian way Site,appian way
112,Intersection of charles st & second st,charles st & second st
113,"300 binney st Site","300 binney st"
114,Intersection of raymond st & upland rd,raymond st & upland rd
115,Intersection of harvard st & ware st,harvard st & ware st
116,"500 cambridge st Site","500 cambridge st"
117,Intersection of perry st & magazine st,perry st & magazine st
118,Intersection of fulkerson st & rogers st,fulkerson st & rogers st
119,Intersection of cambridge st & fifth st,cambridge st & fifth st
120,Intersection of ellery st & harvard st,ellery st & harvard st
121,"300 mount auburn st Site","300 mount auburn st"
122,brookline st Site,brookline st
123,"1100 massachusetts ave Site","1100 massachusetts ave"
124,Intersection of harvard st & remington st,harvard st & remington st
125,Intersection of harvard st & trowbridge st,harvard st & trowbridge st
126,"1000 massachusetts ave Site","1000 massachusetts ave"
127,"200 otis st Site","200 otis st"
128,"600 cambridge st Site","600 cambridge st"
129,"100 normandy ave Site","100 normandy ave"
130,"700 huron ave Site","700 huron ave"
131,"300 mount auburn st Site","300 mount auburn st"
132,"100 cambridgeside pl Site","100 cambridgeside pl"
133,"100 sixth st Site","100 sixth st"
134,"400 rindge ave Site","400 rindge ave"
135,Intersection of hampshire st & prospect st,hampshire st & prospect st
136,"1600 massachusetts ave Site","1600 massachusetts ave"
137,Intersection of windsor st & front st,windsor st & front st
138,Intersection of francis ave & kirkland st,francis ave & kirkland st
139,"300 cambridge st Site","300 cambridge st"
140,william st Site,william st
141,"800 main st Site","800 main st"
142,"100 inman st Site","100 inman st"
143,"100 francis ave Site","100 francis ave"
144,Intersection of massachusetts ave & garden st,massachusetts ave & garden st
145,Intersection of franklin st & magazine st,franklin st & magazine st
146,follen st Site,follen st
147,"100 jfk st Site","100 jfk st"
148,pleasant st Site,pleasant st
149,farrar st Site,farrar st
150,"100 amory st Site","100 amory st"
151,"800 memorial dr Site","800 memorial dr"
152,Intersection of massachusetts ave & waterhouse st,massachusetts ave & waterhouse st
153,Intersection of appian way & garden st,appian way & garden st
154,"400 technology sq Site","400 technology sq"
155,"100 spring st Site","100 spring st"
156,"100 reed st Site","100 reed st"
157,"800 concord ave Site","800 concord ave"
158,concord ave Site,concord ave
159,jackson pl Site,jackson pl
160,"100 jackson cir Site","100 jackson cir"
161,"100 dudley st Site","100 dudley st"
162,"100 lawn st Site","100 lawn st"
163,"1000 memorial dr Site","1000 memorial dr"
164,"200 spring st Site","200 spring st"
165,garden st Site,garden st
166,"200 spring st Site","200 spring st"
167,sparks pl Site,sparks pl
168,reed street ct Site,reed street ct
169,Intersection of central sq & central sq,central sq & central sq
170,tufts st Site,tufts st
171,Intersection of massachusetts ave & pleasant st,massachusetts ave & pleasant st
172,"200 massachusetts ave Site","200 massachusetts ave"
173,"200 allston st Site","200 allston st"
174,"500 broadway Site","500 broadway"
175,lopez st Site,lopez st
176,"300 prospect st Site","300 prospect st"
177,"100 hamilton st Site","100 hamilton st"
178,Intersection of brookline st & putnam ave,brookline st & putnam ave
179,gorham st Site,gorham st
180,Intersection of auburn st & pearl st,auburn st & pearl st
181,"100 second st Site","100 second st"
182,"100 ellery st Site","100 ellery st"
183,elmer st Site,elmer st
184,Intersection of plympton st & mount auburn st,plympton st & mount auburn st
185,"400 third st Site","400 third st"
186,"100 cambridgeside pl Site","100 cambridgeside pl"
187,bellis cir Site,bellis cir
188,canal park Site,canal park
189,cambridge ctr Site,cambridge ctr
190,putnam ave Site,putnam ave
191,"200 monsignor obrien hwy Site","200 monsignor obrien hwy"
192,leighton st Site,leighton st
193,education st Site,education st
194,gladstone st Site,gladstone st
195,"100 plymouth st Site","100 plymouth st"
196,Intersection of main st & wadsworth st,main st & wadsworth st
197,Intersection of wadsworth st & main st,wadsworth st & main st
198,"100 church st Site","100 church st"
199,"100 cambridgeside pl Site","100 cambridgeside pl"
200,lancaster st Site,lancaster st
201,"100 alpine st Site","100 alpine st"
202,ivy st Site,ivy st
203,sherman st Site,sherman st
204,"200 harvard st Site","200 harvard st"
205,kendall sq Site,kendall sq
206,creighton st Site,creighton st
207,marie ave Site,marie ave
208,newtowne ct Site,newtowne ct
209,"900 massachusetts ave Site","900 massachusetts ave"
210,"200 columbia st Site","200 columbia st"
211,"300 broadway Site","300 broadway"
212,"2000 massachusetts ave Site","2000 massachusetts ave"
213,Intersection of fresh pond pky & kingsley park,fresh pond pky & kingsley park
214,"1800 massachusetts ave Site","1800 massachusetts ave"
215,"600 kendall st Site","600 kendall st"
216,Intersection of broadway & main st,broadway & main st
217,emily st Site,emily st
218,forest st Site,forest st
219,sacramento st Site,sacramento st
220,oxford st Site,oxford st
221,brattle st Site,brattle st
222,"100 main st Site","100 main st"
223,cogswell ave Site,cogswell ave
224,"100 sidney st Site","100 sidney st"
225,cambridge ctr Site,cambridge ctr
226,"100 washington st Site","100 washington st"
227,craigie cir Site,craigie cir
228,arnold cir Site,arnold cir
229,"300 river st Site","300 river st"
230,"100 massachusetts ave Site","100 massachusetts ave"
231,Intersection of massachusetts ave & vassar st,massachusetts ave & vassar st
232,vassar st Site,vassar st
233,norris st Site,norris st
234,hovey ave Site,hovey ave
235,parker st Site,parker st
236,fenno st Site,fenno st
237,Intersection of harvard st & lee st,harvard st & lee st
238,"2400 massachusetts ave Site","2400 massachusetts ave"
239,irving st Site,irving st
240,leonard ave Site,leonard ave
241,riedesel ave Site,riedesel ave
242,cedar sq Site,cedar sq
243,"100 magnolia ave Site","100 magnolia ave"
244,Intersection of chauncy st & chauncy st,chauncy st & chauncy st
245,cedar st Site,cedar st
246,craigie cir Site,craigie cir
247,Intersection of gore st & sciarappa st,gore st & sciarappa st
248,craigie st Site,craigie st
249,"100 lexington ave Site","100 lexington ave"
250,"700 cambridge st Site","700 cambridge st"
251,"400 binney st Site","400 binney st"
252,"400 broadway Site","400 broadway"
253,"600 massachusetts ave Site","600 massachusetts ave"
254,"200 hancock st Site","200 hancock st"
255,Intersection of massachusetts ave & massachusetts ave,massachusetts ave & massachusetts ave
256,plymouth st Site,plymouth st
257,hawthorne st Site,hawthorne st
258,boardman st Site,boardman st
259,warren st Site,warren st
260,"900 cambridge st Site","900 cambridge st"
261,"300 brookline st Site","300 brookline st"
262,Intersection of douglass st & massachusetts ave,douglass st & massachusetts ave
263,"500 massachusetts ave Site","500 massachusetts ave"
264,"300 harvard st Site","300 harvard st"
265,"300 massachusetts ave Site","300 massachusetts ave"
266,"300 sidney st Site","300 sidney st"
267,pearl st Site,pearl st
268,"700 memorial dr Site","700 memorial dr"
269,Intersection of bishop allen dr & columbia st,bishop allen dr & columbia st
270,"100 prospect st Site","100 prospect st"
271,linnaean st Site,linnaean st
272,"100 prescott st Site","100 prescott st"
273,Intersection of inman pl & west pl,inman pl & west pl
274,blackstone st Site,blackstone st
275,Intersection of franklin st & western ave,franklin st & western ave
276,"100 webster ave Site","100 webster ave"
277,"100 york st Site","100 york st"
278,Intersection of magoun st & whittemore ave,magoun st & whittemore ave
279,jfk st Site,jfk st
280,"700 mount auburn st Site","700 mount auburn st"
281,eliot st Site,eliot st
282,Intersection of eliot st & jfk st,eliot st & jfk st
283,"2200 massachusetts ave Site","2200 massachusetts ave"
284,white st Site,white st
285,story st Site,story st
286,"100 cushing st Site","100 cushing st"
287,woodrow wilson ct Site,woodrow wilson ct
288,lincoln way Site,lincoln way
289,"100 mount auburn st Site","100 mount auburn st"
290,"200 raymond st Site","200 raymond st"
291,Intersection of broadway & columbia st,broadway & columbia st
292,walden square rd Site,walden square rd
293,gardner rd Site,gardner rd
294,"100 norfolk st Site","100 norfolk st"
295,brattle st Site,brattle st
296,"200 concord tpke Site","200 concord tpke"
297,jackson gdns Site,jackson gdns
298,"200 walden st Site","200 walden st"
299,river st Site,river st
300,"100 elm st Site","100 elm st"
301,"200 spring st Site","200 spring st"
302,bennett st Site,bennett st
303,"100 columbia st Site","100 columbia st"
304,"700 massachusetts ave Site","700 massachusetts ave"
305,tremont st Site,tremont st
306,shea rd Site,shea rd
307,Intersection of newtowne ct & newtowne ct,newtowne ct & newtowne ct
308,maple ave Site,maple ave
309,Intersection of bristol st & market st,bristol st & market st
310,"100 maple ave Site","100 maple ave"
311,"300 upland rd Site","300 upland rd"
312,"100 mount vernon st Site","100 mount vernon st"
313,berkeley st Site,berkeley st
314,"400 prospect st Site","400 prospect st"
315,"100 waverly st Site","100 waverly st"
316,Intersection of fernald dr & robinson st,fernald dr & robinson st
317,arlington st Site,arlington st
318,sidney st Site,sidney st
319,howard st Site,howard st
320,"300 third st Site","300 third st"
321,"200 lexington ave Site","200 lexington ave"
322,"300 prospect st Site","300 prospect st"
323,"100 walden st Site","100 walden st"
324,Intersection of memorial dr & vassar st,memorial dr & vassar st
325,university rd Site,university rd
326,"200 hampshire st Site","200 hampshire st"
327,"200 river st Site","200 river st"
328,"100 sherman st Site","100 sherman st"
329,vail ct Site,vail ct
330,"200 cambridgepark dr Site","200 cambridgepark dr"
331,blair pl Site,blair pl
332,Intersection of bolton st & bolton st,bolton st & bolton st
333,white st Site,white st
334,"100 essex st Site","100 essex st"
335,"100 church st Site","100 church st"
336,blakeslee st Site,blakeslee st
337,"300 vassar st Site","300 vassar st"
338,"100 winthrop st Site","100 winthrop st"
339,"100 aberdeen ave Site","100 aberdeen ave"
340,gold star rd Site,gold star rd
341,Intersection of walden st & wood st,walden st & wood st
342,Intersection of massachusetts ave & prospect st,massachusetts ave & prospect st
343,"100 garden st Site","100 garden st"
344,"100 reed st Site","100 reed st"
345,Intersection of brattle st & sparks st,brattle st & sparks st
346,sixth st Site,sixth st
347,Intersection of otis st & otis st,otis st & otis st
348,Intersection of cambridge st & cambridge st,cambridge st & cambridge st
349,"400 walden st Site","400 walden st"
350,Intersection of bond st & concord ave,bond st & concord ave
351,"100 jackson st Site","100 jackson st"
352,"700 memorial dr Site","700 memorial dr"
353,Intersection of brookline st & massachusetts ave,brookline st & massachusetts ave
354,vincent st Site,vincent st
355,"200 gore st Site","200 gore st"
356,Intersection of alewife brook pky & rindge ave,alewife brook pky & rindge ave
357,Intersection of bent st & fulkerson st,bent st & fulkerson st
358,"200 broadway Site","200 broadway"
359,"200 western ave Site","200 western ave"
360,"1700 massachusetts ave Site","1700 massachusetts ave"
361,cambridge ctr Site,cambridge ctr
362,Intersection of ames st & memorial dr,ames st & memorial dr
363,Intersection of broadway & davis st,broadway & davis st
364,ames st Site,ames st
365,"100 new st Site","100 new st"
366,"300 main st Site","300 main st"
367,"100 middlesex st Site","100 middlesex st"
368,"300 columbia st Site","300 columbia st"
369,"100 garfield st Site","100 garfield st"
370,"300 athenaeum st Site","300 athenaeum st"
371,Intersection of cambridge st & prospect st,cambridge st & prospect st
372,"1100 cambridge st Site","1100 cambridge st"
373,"300 windsor st Site","300 windsor st"
374,highland ave Site,highland ave
375,land blvd Site,land blvd
376,corporal mcternan st Site,corporal mcternan st
377,Intersection of main st & windsor st,main st & windsor st
378,"200 prospect st Site","200 prospect st"
379,"200 coolidge hill Site","200 coolidge hill"
380,"500 putnam ave Site","500 putnam ave"
381,"400 green st Site","400 green st"
382,Intersection of state st & windsor st,state st & windsor st
383,Intersection of flagg st & putnam ave,flagg st & putnam ave
384,"100 brookline st Site","100 brookline st"
385,Intersection of cambridge st & second st,cambridge st & second st
386,Intersection of massachusetts ave & windsor st,massachusetts ave & windsor st
387,Intersection of mount auburn st & putnam ave,mount auburn st & putnam ave
388,"100 third st Site","100 third st"
389,Intersection of albany st & portland st,albany st & portland st
390,"100 charles st Site","100 charles st"
391,holmes st Site,holmes st
392,Intersection of norfolk st & broadway,norfolk st & broadway
393,temple st Site,temple st
394,Intersection of prospect st & sennott park,prospect st & sennott park
395,"1400 massachusetts ave Site","1400 massachusetts ave"
396,Intersection of broadway & sennott park,broadway & sennott park
397,brattle sq Site,brattle sq
398,Intersection of broadway & norfolk st,broadway & norfolk st
399,"200 whittemore ave Site","200 whittemore ave"
400,"100 church st Site","100 church st"
401,Intersection of bennett st & eliot st,bennett st & eliot st
402,"200 richdale ave Site","200 richdale ave"
403,"200 richdale ave Site","200 richdale ave"
404,madison ave Site,madison ave
405,"1600 massachusetts ave Site","1600 massachusetts ave"
406,Intersection of jarvis st & massachusetts ave,jarvis st & massachusetts ave
407,"200 norfolk st Site","200 norfolk st"
408,"600 massachusetts ave Site","600 massachusetts ave"
409,kelly rd Site,kelly rd
410,Intersection of first st & rogers st,first st & rogers st
411,"100 bent st Site","100 bent st"
412,Intersection of fifth st & spring st,fifth st & spring st
413,Intersection of fulkerson st & bent st,fulkerson st & bent st
414,"300 rindge ave Site","300 rindge ave"
415,"400 harvard st Site","400 harvard st"
416,"100 albany st Site","100 albany st"
417,Intersection of garden st & stearns st,garden st & stearns st
418,broadway Site,broadway
419,"700 mount auburn st Site","700 mount auburn st"
420,"300 webster ave Site","300 webster ave"
421,oakland st Site,oakland st
422,"600 green st Site","600 green st"
423,"100 cambridge st Site","100 cambridge st"
424,"100 fenno st Site","100 fenno st"
425,"100 washington ave Site","100 washington ave"
426,cambridgeside pl Site,cambridgeside pl
427,"100 rindge ave Site","100 rindge ave"
428,"500 concord ave Site","500 concord ave"
429,Intersection of cambridge st & windsor st,cambridge st & windsor st
430,Intersection of ames st & ames st,ames st & ames st
431,market st Site,market st
432,"100 churchill ave Site","100 churchill ave"
433,Intersection of cambridge st & line st,cambridge st & line st
434,Intersection of pacific st & sidney st,pacific st & sidney st
435,Intersection of brookline st & franklin st,brookline st & franklin st
436,"200 larch rd Site","200 larch rd"
437,jay st Site,jay st
438,"100 landsdowne st Site","100 landsdowne st"
439,"900 massachusetts ave Site","900 massachusetts ave"
440,"100 oxford st Site","100 oxford st"
441,Intersection of fairmont ave & fairmont st,fairmont ave & fairmont st
442,"100 hancock st Site","100 hancock st"
443,magnolia ave Site,magnolia ave
444,Intersection of sumner rd & cambridge st,sumner rd & cambridge st
445,"2300 massachusetts ave Site","2300 massachusetts ave"
446,Intersection of cedar st & dudley st,cedar st & dudley st
447,elm st Site,elm st
448,lee st Site,lee st
449,gore st Site,gore st
450,highland st Site,highland st
451,"100 fayerweather st Site","100 fayerweather st"
452,"500 main st Site","500 main st"
453,Intersection of massachusetts ave & rindge ave,massachusetts ave & rindge ave
454,hollis st Site,hollis st
455,Intersection of harvard st & prospect st,harvard st & prospect st
456,cambridgepark dr Site,cambridgepark dr
457,"1100 massachusetts ave Site","1100 massachusetts ave"
458,everett st Site,everett st
459,porter sq Site,porter sq
460,"100 jfk st Site","100 jfk st"
461,"400 washington st Site","400 washington st"
462,kennedy rd Site,kennedy rd
463,"100 clarendon ave Site","100 clarendon ave"
464,"300 columbia st Site","300 columbia st"
465,cadbury rd Site,cadbury rd
466,church st Site,church st
467,"2100 massachusetts ave Site","2100 massachusetts ave"
468,fernald dr Site,fernald dr
469,Intersection of broadway & third st,broadway & third st
470,museum way Site,museum way
471,soden st Site,soden st
472,"300 franklin st Site","300 franklin st"
473,union st Site,union st
474,"100 richdale ave Site","100 richdale ave"
475,cameron ave Site,cameron ave
476,Intersection of education st & education st,education st & education st
477,"200 albany st Site","200 albany st"
478,Intersection of hampshire st & inman st,hampshire st & inman st
479,"500 broadway Site","500 broadway"
480,"1000 cambridge st Site","1000 cambridge st"
481,oak st Site,oak st
482,concord ave Site,concord ave
483,harvey st Site,harvey st
484,Intersection of hovey ave & cambridge st,hovey ave & cambridge st
485,Intersection of gore st & rufo rd,gore st & rufo rd
486,Intersection of oxford st & sacramento st,oxford st & sacramento st
487,"100 aberdeen ave Site","100 aberdeen ave"
488,grozier rd Site,grozier rd
489,Intersection of museum st & museum st,museum st & museum st
490,"100 museum st Site","100 museum st"
491,buckingham st Site,buckingham st
492,centre st Site,centre st
493,bigelow st Site,bigelow st
494,Intersection of eliot st & bennett st,eliot st & bennett st
495,"100 hammond st Site","100 hammond st"
496,Intersection of pleasant st & pleasant st,pleasant st & pleasant st
497,"1500 cambridge st Site","1500 cambridge st"
498,rindgefield st Site,rindgefield st
499,Intersection of harvard st & norfolk st,harvard st & norfolk st
500,"2500 massachusetts ave Site","2500 massachusetts ave"
501,pleasant pl Site,pleasant pl
502,"100 fairmont st Site","100 fairmont st"
503,Intersection of broadway & prospect st,broadway & prospect st
504,elm st Site,elm st
505,eliot st Site,eliot st
506,"300 huron ave Site","300 huron ave"
507,"100 prospect st Site","100 prospect st"
508,beech st Site,beech st
509,inman st Site,inman st
510,Intersection of massachusetts ave & temple st,massachusetts ave & temple st
511,"100 pemberton st Site","100 pemberton st"
512,"100 massachusetts ave Site","100 massachusetts ave"
513,"300 windsor st Site","300 windsor st"
514,"500 concord ave Site","500 concord ave"
515,alewife brook pky Site,alewife brook pky
516,st johns rd Site,st johns rd
517,Intersection of windsor st & windsor st,windsor st & windsor st
518,Intersection of ames st & main st,ames st & main st
519,"100 harvard st Site","100 harvard st"
520,Intersection of greenough ave & highland ave,greenough ave & highland ave
521,fainwood cir Site,fainwood cir
522,phillips pl Site,phillips pl
523,"200 garden st Site","200 garden st"
524,"600 mount auburn st Site","600 mount auburn st"
525,Intersection of lancaster st & washington ave,lancaster st & washington ave
526,palmer st Site,palmer st
527,"100 alewife brook pky Site","100 alewife brook pky"
528,fairmont st Site,fairmont st
529,rockwell st Site,rockwell st
530,buena vista park Site,buena vista park
531,"100 kinnaird st Site","100 kinnaird st"
532,"100 pacific st Site","100 pacific st"
533,"300 elm st Site","300 elm st"
534,Intersection of cambridge st & norfolk st,cambridge st & norfolk st
535,Intersection of pacific st & purrington st,pacific st & purrington st
536,"200 fayerweather st Site","200 fayerweather st"
537,Intersection of frost st & prentiss st,frost st & prentiss st
538,"200 pemberton st Site","200 pemberton st"
539,"1900 massachusetts ave Site","1900 massachusetts ave"
540,"1800 massachusetts ave Site","1800 massachusetts ave"
541,"400 columbia st Site","400 columbia st"
542,bay st Site,bay st
543,Intersection of exeter park & massachusetts ave,exeter park & massachusetts ave
544,upland rd Site,upland rd
545,eighth st Site,eighth st
546,Intersection of bond st & bond st,bond st & bond st
547,"700 concord ave Site","700 concord ave"
548,"300 hurley st Site","300 hurley st"
549,Intersection of massachusetts ave & pearl st,massachusetts ave & pearl st
550,ware st Site,ware st
551,Intersection of ellery st & ellery st,ellery st & ellery st
552,Intersection of oxford ave & oxford ave,oxford ave & oxford ave
553,"100 mooney st Site","100 mooney st"
554,Intersection of massachusetts ave & western ave,massachusetts ave & western ave
555,"200 appleton st Site","200 appleton st"
556,Intersection of amory st & broadway,amory st & broadway
557,Intersection of broadway & prospect st,broadway & prospect st
558,Intersection of amory st & st mary rd,amory st & st mary rd
559,Intersection of main st & osborn st,main st & osborn st
560,langdon st Site,langdon st
561,salem st Site,salem st
562,Intersection of first st & otis st,first st & otis st
563,"200 hurley st Site","200 hurley st"
564,"100 winthrop st Site","100 winthrop st"
565,Intersection of lawrence st & magazine st,lawrence st & magazine st
566,Intersection of garden st & massachusetts ave,garden st & massachusetts ave
567,"200 prospect st Site","200 prospect st"
568,"100 brattle st Site","100 brattle st"
569,Intersection of pleasant st & chalk st,pleasant st & chalk st
570,"100 whittemore ave Site","100 whittemore ave"
571,sheridan st Site,sheridan st
572,Intersection of cameron ave & massachusetts ave,cameron ave & massachusetts ave
573,washburn ave Site,washburn ave
574,locke st Site,locke st
575,Intersection of porter sq & porter sq mbta stat,porter sq & porter sq mbta stat
576,worcester st Site,worcester st
577,Intersection of brattle st & palmer st,brattle st & palmer st
578,"100 prospect st Site","100 prospect st"
579,Intersection of porter rd & porter rd,porter rd & porter rd
580,cutler ave Site,cutler ave
581,"100 auburn park Site","100 auburn park"
582,middlesex st Site,middlesex st
583,garfield st Site,garfield st
584,Intersection of prospect st & cambridge cemetery,prospect st & cambridge cemetery
585,Intersection of cambridge st & hampshire st,cambridge st & hampshire st
586,"400 main st Site","400 main st"
587,"1300 cambridge st Site","1300 cambridge st"
588,"100 vassar st Site","100 vassar st"
589,Intersection of potter st & third st,potter st & third st
590,wendell st Site,wendell st
591,"100 western ave Site","100 western ave"
592,"300 norfolk st Site","300 norfolk st"
593,Intersection of hollis st & massachusetts ave,hollis st & massachusetts ave
594,Intersection of lee st & massachusetts ave,lee st & massachusetts ave
595,"100 gorham st Site","100 gorham st"
596,"100 kirkland st Site","100 kirkland st"
597,"100 trowbridge st Site","100 trowbridge st"
598,Intersection of irving st & irving ter,irving st & irving ter
599,"100 winter st Site","100 winter st"
600,Intersection of concord ave & huron ave,concord ave & huron ave
601,"300 walden st Site","300 walden st"
602,Intersection of hampshire st & murdock st,hampshire st & murdock st
603,irving ter Site,irving ter
604,rindge ter Site,rindge ter
605,sumner rd Site,sumner rd
606,Intersection of sacramento st & oxford st,sacramento st & oxford st
607,"100 gore st Site","100 gore st"
608,Intersection of bishop allen dr & vail ct,bishop allen dr & vail ct
609,Intersection of belmont st & mount auburn st,belmont st & mount auburn st
610,"200 brattle st Site","200 brattle st"
611,Intersection of magazine st & chalk st,magazine st & chalk st
612,holworthy st Site,holworthy st
613,Intersection of broadway & tremont st,broadway & tremont st
614,"100 prospect st Site","100 prospect st"
615,linwood ct Site,linwood ct
616,Intersection of massachusetts ave & walden st,massachusetts ave & walden st
617,"1200 cambridge st Site","1200 cambridge st"
618,verdun st Site,verdun st
619,"300 massachusetts ave Site","300 massachusetts ave"
620,Intersection of cambridge st & maple ave,cambridge st & maple ave
621,agassiz st Site,agassiz st
622,washington st Site,washington st
623,"100 antrim st Site","100 antrim st"
624,Intersection of oxford st & forest st,oxford st & forest st
625,newport rd Site,newport rd
626,"2600 massachusetts ave Site","2600 massachusetts ave"
627,Intersection of athens st & mount auburn st,athens st & mount auburn st
628,dewolfe st Site,dewolfe st
629,Intersection of front st & windsor st,front st & windsor st
630,Intersection of windsor st & state st,windsor st & state st
631,bow st Site,bow st
632,arrow st Site,arrow st
633,Intersection of irving st & irving st,irving st & irving st
634,Intersection of central sq & central sq,central sq & central sq
635,Intersection of magazine st & chestnut st,magazine st & chestnut st
636,Intersection of brookline st & watson st,brookline st & watson st
637,"200 chestnut st Site","200 chestnut st"
638,"200 concord ave Site","200 concord ave"
639,"200 binney st Site","200 binney st"
640,"100 st sauveur ct Site","100 st sauveur ct"
641,sparks st Site,sparks st
642,clifton st Site,clifton st
643,gibson st Site,gibson st
644,Intersection of otis st & seventh st,otis st & seventh st
645,farwell pl Site,farwell pl
646,"100 raymond st Site","100 raymond st"
647,"100 lincoln way Site","100 lincoln way"
648,"100 market st Site","100 market st"
649,Intersection of massachusetts ave & somerville ave,massachusetts ave & somerville ave
650,"100 winthrop st Site","100 winthrop st"
651,"100 cambridgepark dr Site","100 cambridgepark dr"
652,upton st Site,upton st
653,church st Site,church st
654,brookford st Site,brookford st
655,"100 appleton st Site","100 appleton st"
656,Intersection of porter sq & porter sq,porter sq & porter sq
657,laurel st Site,laurel st
658,union st Site,union st
659,"200 elm st Site","200 elm st"
660,Intersection of main st & portland st,main st & portland st
661,Intersection of mount vernon st & upland rd,mount vernon st & upland rd
662,cambridge ter Site,cambridge ter
663,"100 bristol st Site","100 bristol st"
664,Intersection of wadsworth st & wadsworth st,wadsworth st & wadsworth st
665,Intersection of columbia st & lincoln st,columbia st & lincoln st
666,Intersection of elm st & hampshire st,elm st & hampshire st
667,"300 fresh pond pky Site","300 fresh pond pky"
668,"200 upland rd Site","200 upland rd"
669,richdale ave Site,richdale ave
670,"200 main st Site","200 main st"
671,yerxa rd Site,yerxa rd
672,Intersection of landsdowne st & pacific st,landsdowne st & pacific st
673,Intersection of cedar st & massachusetts ave,cedar st & massachusetts ave
674,homer ave Site,homer ave
675,magoun st Site,magoun st
676,Intersection of inman st & massachusetts ave,inman st & massachusetts ave
677,Intersection of brattle st & harvard sq,brattle st & harvard sq
678,"200 worcester st Site","200 worcester st"
679,kirkland st Site,kirkland st
680,Intersection of massachusetts ave & cedar st,massachusetts ave & cedar st
681,Intersection of pacific st & sidney st,pacific st & sidney st
682,landsdowne st Site,landsdowne st
683,"100 hampshire st Site","100 hampshire st"
684,notre dame ave Site,notre dame ave
685,"100 gerrys landing rd Site","100 gerrys landing rd"
686,"400 huron ave Site","400 huron ave"
687,Intersection of western ave & pleasant st,western ave & pleasant st
688,"100 highland ave Site","100 highland ave"
689,Intersection of garfield st & massachusetts ave,garfield st & massachusetts ave
690,Intersection of albany st & massachusetts ave,albany st & massachusetts ave
691,Intersection of harvard st & portland st,harvard st & portland st
692,sargent st Site,sargent st
693,humboldt st Site,humboldt st
694,"100 amherst st Site","100 amherst st"
695,Intersection of broadway & hampshire st,broadway & hampshire st
696,walnut ave Site,walnut ave
697,"100 mount pleasant st Site","100 mount pleasant st"
698,Intersection of massachusetts ave & albany st,massachusetts ave & albany st
699,walden st Site,walden st
700,Intersection of massachusetts ave & church st,massachusetts ave & church st
701,Intersection of massachusetts ave & roseland st,massachusetts ave & roseland st
702,richard ave Site,richard ave
703,Intersection of elm st & hampshire st,elm st & hampshire st
704,"300 albany st Site","300 albany st"
705,erie st Site,erie st
706,"100 memorial dr Site","100 memorial dr"
707,pemberton st Site,pemberton st
708,Intersection of river st & green st,river st & green st
709,"100 erie st Site","100 erie st"
710,Intersection of new st & danehy park,new st & danehy park
711,"100 upland rd Site","100 upland rd"
712,regent st Site,regent st
713,rogers st Site,rogers st
714,"100 bristol st Site","100 bristol st"
715,Intersection of mount auburn st & brattle st,mount auburn st & brattle st
716,Intersection of fresh pond pky & huron ave,fresh pond pky & huron ave
717,Intersection of ellsworth ave & ellsworth ave,ellsworth ave & ellsworth ave
718,fayette st Site,fayette st
719,Intersection of columbia st & webster ave,columbia st & webster ave
720,"200 hampshire st Site","200 hampshire st"
721,"200 sidney st Site","200 sidney st"
722,"100 coolidge hill Site","100 coolidge hill"
723,brookline pl Site,brookline pl
724,"200 sherman st Site","200 sherman st"
725,"1900 massachusetts ave Site","1900 massachusetts ave"
726,"100 willow st Site","100 willow st"
727,prentiss st Site,prentiss st
728,Intersection of broadway & market st,broadway & market st
729,webster ave Site,webster ave
730,"300 kendall sq Site","300 kendall sq"
731,Intersection of brookline pl & pacific st,brookline pl & pacific st
732,Intersection of prospect st & hampshire st,prospect st & hampshire st
733,Intersection of muller ave & murray hill rd,muller ave & murray hill rd
734,"100 tremont st Site","100 tremont st"
735,Intersection of garden st & mason st,garden st & mason st
736,Intersection of industrial park rd & north point blvd,industrial park rd & north point blvd
737,Intersection of pacific st & landsdowne st,pacific st & landsdowne st
738,Intersection of bay st & green st,bay st & green st
739,Intersection of massachusetts ave & regent st,massachusetts ave & regent st
740,pilgrim st Site,pilgrim st
741,"100 cambridge pky Site","100 cambridge pky"
742,Intersection of sidney st & pacific st,sidney st & pacific st
743,"100 standish st Site","100 standish st"
744,prospect st Site,prospect st
745,"200 alewife brook pky Site","200 alewife brook pky"
746,york st Site,york st
747,Intersection of gray st & linnaean st,gray st & linnaean st
748,Intersection of broadway & prescott st,broadway & prescott st
749,"800 cambridge st Site","800 cambridge st"
750,"100 willow st Site","100 willow st"
751,Intersection of river st & blackstone st,river st & blackstone st
752,callender st Site,callender st
753,"100 franklin st Site","100 franklin st"
754,harding st Site,harding st
755,Intersection of longfellow park & mount auburn st,longfellow park & mount auburn st
756,Intersection of bishop allen dr & essex st,bishop allen dr & essex st
757,james way Site,james way
758,marcella st Site,marcella st
759,fort washington pl Site,fort washington pl
760,Intersection of cambridge st & peabody st,cambridge st & peabody st
761,Intersection of endicott st & memorial dr,endicott st & memorial dr
762,Intersection of hayes st & howard st,hayes st & howard st
763,"2100 massachusetts ave Site","2100 massachusetts ave"
764,Intersection of avon st & shepard st,avon st & shepard st
765,Intersection of holyoke st & massachusetts ave,holyoke st & massachusetts ave
766,lopez ave Site,lopez ave
767,"200 franklin st Site","200 franklin st"
768,Intersection of kirkland st & oxford st,kirkland st & oxford st
769,Intersection of jfk st & mount auburn st,jfk st & mount auburn st
770,Intersection of dunster st & massachusetts ave,dunster st & massachusetts ave
771,jfk st Site,jfk st
772,newton st Site,newton st
773,amory st Site,amory st
774,"100 granite st Site","100 granite st"
775,Intersection of brattle st & hilliard st,brattle st & hilliard st
776,Intersection of columbia st & columbia ter,columbia st & columbia ter
777,Intersection of harvard yard & harvard yard,harvard yard & harvard yard
778,"1900 massachusetts ave Site","1900 massachusetts ave"
779,austin park Site,austin park
780,"300 norfolk st Site","300 norfolk st"
781,Intersection of harvard sq & harvard sq,harvard sq & harvard sq
782,columbia ter Site,columbia ter
783,Intersection of massachusetts ave & woodbridge st,massachusetts ave & woodbridge st
784,Intersection of church st & palmer st,church st & palmer st
785,Intersection of field st & field st,field st & field st
786,Intersection of massachusetts ave & mount vernon st,massachusetts ave & mount vernon st
787,ellsworth ave Site,ellsworth ave
788,Intersection of albany st & cross st,albany st & cross st
789,alpine st Site,alpine st
790,canal park Site,canal park
791,"400 windsor st Site","400 windsor st"
792,harwell dr Site,harwell dr
793,antrim st Site,antrim st
794,"100 frost st Site","100 frost st"
795,traill st Site,traill st
796,Intersection of charles st & first st,charles st & first st
797,"1000 jackson pl Site","1000 jackson pl"
798,Intersection of fulkerson st & otis st,fulkerson st & otis st
799,"200 otis st Site","200 otis st"
800,fulkerson st Site,fulkerson st
801,"500 technology sq Site","500 technology sq"
802,Intersection of concord ave & blanchard rd,concord ave & blanchard rd
803,channing st Site,channing st
804,"300 green st Site","300 green st"
805,"300 rindge ave Site","300 rindge ave"
806,"200 charles st Site","200 charles st"
807,"200 putnam ave Site","200 putnam ave"
808,Intersection of palermo st & willow st,palermo st & willow st
809,Intersection of jefferson st & harding st,jefferson st & harding st
810,Intersection of bishop allen dr & norfolk st,bishop allen dr & norfolk st
811,"400 massachusetts ave Site","400 massachusetts ave"
812,chatham st Site,chatham st
813,"600 putnam ave Site","600 putnam ave"
814,marney st Site,marney st
815,"100 martin st Site","100 martin st"
816,river st Site,river st
817,"100 orchard st Site","100 orchard st"
818,Intersection of allston st & sidney st,allston st & sidney st
819,Intersection of roosevelt towers & windsor st,roosevelt towers & windsor st
820,"100 putnam ave Site","100 putnam ave"
821,"100 linnaean st Site","100 linnaean st"
822,Intersection of cambridge st & ellsworth ave,cambridge st & ellsworth ave
823,hayes st Site,hayes st
824,jefferson st Site,jefferson st
825,Intersection of berkshire st & york st,berkshire st & york st
826,"300 evereteze way Site","300 evereteze way"
827,Intersection of essex st & massachusetts ave,essex st & massachusetts ave
828,Intersection of green st & pleasant st,green st & pleasant st
829,roosevelt towers Site,roosevelt towers
830,hunting st Site,hunting st
831,acacia st Site,acacia st
832,Intersection of massachusetts ave & norfolk st,massachusetts ave & norfolk st
833,Intersection of broadway & harvard st,broadway & harvard st
834,"1700 massachusetts ave Site","1700 massachusetts ave"
835,"1400 cambridge st Site","1400 cambridge st"
836,Intersection of everett st & oxford st,everett st & oxford st
837,"100 highland ave Site","100 highland ave"
838,"200 auburn st Site","200 auburn st"
839,Intersection of green st & sidney st,green st & sidney st
840,Intersection of willow st & willow st,willow st & willow st
841,science park Site,science park
842,newtowne ct Site,newtowne ct
843,"500 franklin st Site","500 franklin st"
844,Intersection of binney st & cardinal medeiros ave,binney st & cardinal medeiros ave
845,"500 kendall st Site","500 kendall st"
846,Intersection of regent st & massachusetts ave,regent st & massachusetts ave
847,"200 vassal ln Site","200 vassal ln"
848,Intersection of lancaster st & massachusetts ave,lancaster st & massachusetts ave
849,madison st Site,madison st
850,"100 thingvalla ave Site","100 thingvalla ave"
851,Intersection of sidney st & massachusetts ave,sidney st & massachusetts ave
852,Intersection of green st & magazine st,green st & magazine st
853,Intersection of garden st & garden st,garden st & garden st
854,Intersection of thorndike st & thorndike st,thorndike st & thorndike st
855,"400 brookline st Site","400 brookline st"
856,whitney ave Site,whitney ave
857,Intersection of putnam ave & magazine st,putnam ave & magazine st
858,Intersection of hurley st & second st,hurley st & second st
859,holden st Site,holden st
860,Intersection of holden st & kirkland st,holden st & kirkland st
861,surrey st Site,surrey st
862,"300 massachusetts ave Site","300 massachusetts ave"
863,Intersection of hammond st & oxford st,hammond st & oxford st
864,Intersection of museum st & carver st,museum st & carver st
865,Intersection of mount auburn st & putnam sq,mount auburn st & putnam sq
866,Intersection of main st & sidney st,main st & sidney st
867,Intersection of chestnut st & pleasant st,chestnut st & pleasant st
868,"100 fayette st Site","100 fayette st"
869,"300 river st Site","300 river st"
870,frost st Site,frost st
871,"100 porter rd Site","100 porter rd"
872,Intersection of kendall sq & kendall sq mbta stat,kendall sq & kendall sq mbta stat
873,gray gardens east Site,gray gardens east
874,cambridge pky Site,cambridge pky
875,Intersection of columbia st & market st,columbia st & market st
876,"200 washington st Site","200 washington st"
877,Intersection of chauncy st & garden st,chauncy st & garden st
878,Intersection of pleasant st & prince st,pleasant st & prince st
879,"200 pearl st Site","200 pearl st"
880,Intersection of magazine st & putnam ave,magazine st & putnam ave
881,Intersection of magazine st & erie st,magazine st & erie st
882,"100 follen st Site","100 follen st"
883,athens st Site,athens st
884,"200 hamilton st Site","200 hamilton st"
885,chester st Site,chester st
886,Intersection of bishop allen dr & prospect st,bishop allen dr & prospect st
887,"600 memorial dr Site","600 memorial dr"
888,chalk st Site,chalk st
889,davenport st Site,davenport st
890,pleasant st Site,pleasant st
891,Intersection of binney st & fifth st,binney st & fifth st
892,smith pl Site,smith pl
893,Intersection of concord ave & moulton st,concord ave & moulton st
894,"100 clay st Site","100 clay st"
895,Intersection of massachusetts ave & pearl st,massachusetts ave & pearl st
896,church st Site,church st
897,Intersection of massachusetts ave & essex st,massachusetts ave & essex st
898,"100 fawcett st Site","100 fawcett st"
899,Intersection of rufo rd & gore st,rufo rd & gore st
900,"200 harvey st Site","200 harvey st"
901,moulton st Site,moulton st
902,Intersection of bent st & first st,bent st & first st
903,"300 western ave Site","300 western ave"
904,inman pl Site,inman pl
905,"400 cardinal medeiros ave Site","400 cardinal medeiros ave"
906,Intersection of banks st & grant st,banks st & grant st
907,"100 howard st Site","100 howard st"
908,elmer st Site,elmer st
909,peabody ter Site,peabody ter
910,putnam gdns Site,putnam gdns
911,"100 allston st Site","100 allston st"
912,"200 willow st Site","200 willow st"
913,hews st Site,hews st
914,Intersection of broadway & quincy st,broadway & quincy st
915,"200 mount auburn st Site","200 mount auburn st"
916,Intersection of harvard st & prescott st,harvard st & prescott st
917,Intersection of linnaean st & garden st,linnaean st & garden st
918,Intersection of cardinal medeiros ave & marney st,cardinal medeiros ave & marney st
919,"100 windsor st Site","100 windsor st"
920,Intersection of massachusetts ave & wendell st,massachusetts ave & wendell st
921,"900 massachusetts ave Site","900 massachusetts ave"
922,Intersection of cambridge st & quincy st,cambridge st & quincy st
923,"100 willow st Site","100 willow st"
924,Intersection of cherry st & school st,cherry st & school st
925,Intersection of green st & pearl st,green st & pearl st
926,martin st Site,martin st
927,columbia st Site,columbia st
928,Intersection of brattle st & willard st,brattle st & willard st
929,"100 berkshire st Site","100 berkshire st"
930,orchard st Site,orchard st
931,Intersection of erie st & sidney st,erie st & sidney st
932,boardman pl Site,boardman pl
933,marcella st Site,marcella st
934,walker ct Site,walker ct
935,Intersection of blackstone st & western ave,blackstone st & western ave
936,Intersection of mount auburn st & story st,mount auburn st & story st
937,Intersection of stearns st & esten st,stearns st & esten st
938,Intersection of bishop allen dr & temple st,bishop allen dr & temple st
939,"100 homer ave Site","100 homer ave"
940,Intersection of columbia st & columbia ter,columbia st & columbia ter
941,"200 rindge ave Site","200 rindge ave"
942,Intersection of rogers st & third st,rogers st & third st
943,Intersection of jackson st & rindge ave,jackson st & rindge ave
944,Intersection of bent st & second st,bent st & second st
945,"700 cambridge st Site","700 cambridge st"
946,Intersection of cambridge st & max ave,cambridge st & max ave
947,"600 technology sq Site","600 technology sq"
948,Intersection of garden st & appian way,garden st & appian way
949,"100 pleasant st Site","100 pleasant st"
950,decatur st Site,decatur st
951,"100 holden green Site","100 holden green"
952,"200 brookline st Site","200 brookline st"
953,"1700 cambridge st Site","1700 cambridge st"
954,Intersection of holyoke st & mill st,holyoke st & mill st
955,"200 auburn st Site","200 auburn st"
956,dewolfe st Site,dewolfe st
957,Intersection of windsor st & massachusetts ave,windsor st & massachusetts ave
958,Intersection of holyoke st & mount auburn st,holyoke st & mount auburn st
959,Intersection of memorial dr & plympton st,memorial dr & plympton st
960,Intersection of dunster st & massachusetts ave,dunster st & massachusetts ave
961,quincy st Site,quincy st
962,Intersection of rindge ave & rindgefield st,rindge ave & rindgefield st
963,Intersection of ames st & amherst st,ames st & amherst st
964,Intersection of lamont ave & magnolia ave,lamont ave & magnolia ave
965,aberdeen ave Site,aberdeen ave
966,Intersection of cambridge st & trowbridge st,cambridge st & trowbridge st
967,third st Site,third st
968,"200 monsignor obrien hwy Site","200 monsignor obrien hwy"
969,"300 monsignor obrien hwy Site","300 monsignor obrien hwy"
970,"200 pleasant st Site","200 pleasant st"
971,"100 concord ave Site","100 concord ave"
972,Intersection of ellery st & massachusetts ave,ellery st & massachusetts ave
973,"100 eustis st Site","100 eustis st"
974,roberts rd Site,roberts rd
975,Intersection of sciarappa st & winter st,sciarappa st & winter st
976,Intersection of coolidge hill & coolidge hill,coolidge hill & coolidge hill
977,"300 concord ave Site","300 concord ave"
978,Intersection of charles st & fulkerson st,charles st & fulkerson st
979,avon hill st Site,avon hill st
980,"100 oxford ave Site","100 oxford ave"
981,Intersection of terminal rd & gracewood park,terminal rd & gracewood park
982,"100 jackson pl Site","100 jackson pl"
983,Intersection of palmer st & palmer st,palmer st & palmer st
984,murdock st Site,murdock st
985,suffolk st Site,suffolk st
986,cameron ave Site,cameron ave
987,"800 somerville ave Site","800 somerville ave"
988,Intersection of sennott park & broadway,sennott park & broadway
989,park ave Site,park ave
990,aberdeen way Site,aberdeen way
991,huron ave Site,huron ave
992,Intersection of prentiss st & oxford st,prentiss st & oxford st
993,Intersection of albany st & massachusetts ave,albany st & massachusetts ave
994,"1400 cambridge st Site","1400 cambridge st"
995,"500 huron ave Site","500 huron ave"
996,Intersection of sidney st & emily st,sidney st & emily st
997,Intersection of webster ave & webster ave,webster ave & webster ave
998,matignon rd Site,matignon rd
999,Intersection of pilgrim st & sidney st,pilgrim st & sidney st
1000,Intersection of haskell st & pemberton st,haskell st & pemberton st
1001,cambridge ctr Site,cambridge ctr
1002,Intersection of oxford st & prentiss st,oxford st & prentiss st
1003,"100 field st Site","100 field st"
1004,robinson st Site,robinson st
1005,mead st Site,mead st
1006,"400 windsor st Site","400 windsor st"
1007,"400 franklin st Site","400 franklin st"
1008,"100 harvard st Site","100 harvard st"
1009,Intersection of cambridge ter & richdale ave,cambridge ter & richdale ave
1010,Intersection of memorial dr & wadsworth st,memorial dr & wadsworth st
1011,Intersection of amherst st & amherst st,amherst st & amherst st
1012,Intersection of sherman st & sherman st,sherman st & sherman st
1013,"100 portland st Site","100 portland st"
1014,Intersection of massachusetts ave & memorial dr,massachusetts ave & memorial dr
1015,Intersection of brattle st & mason st,brattle st & mason st
1016,Intersection of albany st & portland st,albany st & portland st
1017,Intersection of magazine st & massachusetts ave,magazine st & massachusetts ave
1018,Intersection of gilmore st & western ave,gilmore st & western ave
1019,bishop allen dr Site,bishop allen dr
1020,Intersection of bishop allen dr & norfolk st,bishop allen dr & norfolk st
1021,magazine st Site,magazine st
1022,Intersection of willow st & york st,willow st & york st
1023,"600 massachusetts ave Site","600 massachusetts ave"
1024,"400 bishop allen dr Site","400 bishop allen dr"
1025,Intersection of flagg st & flagg st,flagg st & flagg st
1026,Intersection of mount auburn st & willard st,mount auburn st & willard st
1027,Intersection of windsor st & harvard st,windsor st & harvard st
1028,Intersection of albany st & main st,albany st & main st
1029,"100 kirkland st Site","100 kirkland st"
1030,"1600 cambridge st Site","1600 cambridge st"
1031,lakeview ave Site,lakeview ave
1032,"100 cedar st Site","100 cedar st"
1033,wyman rd Site,wyman rd
1034,"300 putnam ave Site","300 putnam ave"
1035,Intersection of gore st & gore street park,gore st & gore street park
1036,Intersection of bigelow st & massachusetts ave,bigelow st & massachusetts ave
1037,"100 wendell st Site","100 wendell st"
1038,"100 sacramento st Site","100 sacramento st"
1039,Intersection of bay st & franklin st,bay st & franklin st
1040,"400 walden st Site","400 walden st"
1041,Intersection of cambridge st & tremont st,cambridge st & tremont st
1042,"1000 massachusetts ave Site","1000 massachusetts ave"
1043,"100 chilton st Site","100 chilton st"
1044,"400 concord ave Site","400 concord ave"
1045,Intersection of concord ave & fresh pond pky,concord ave & fresh pond pky
1046,Intersection of danehy park & danehy park,danehy park & danehy park
1047,Intersection of concord ln & concord ln,concord ln & concord ln
1048,Intersection of hamilton st & sidney st,hamilton st & sidney st
1049,Intersection of garden st & linnaean st,garden st & linnaean st
1050,Intersection of cambridge st & quincy st,cambridge st & quincy st
1051,vandine st Site,vandine st
1052,Intersection of line st & cambridge st,line st & cambridge st
1053,Intersection of jefferson st & jefferson st,jefferson st & jefferson st
1054,Intersection of bishop allen dr & bishop allen dr,bishop allen dr & bishop allen dr
1055,Intersection of davenport st & orchard st,davenport st & orchard st
1056,"100 washburn ave Site","100 washburn ave"
1057,cresto ter Site,cresto ter
1058,"300 allston st Site","300 allston st"
1059,"200 grove st Site","200 grove st"
1060,ellery st Site,ellery st
1061,"100 rice st Site","100 rice st"
1062,Intersection of grove st & huron ave,grove st & huron ave
1063,Intersection of rindge ave & massachusetts ave,rindge ave & massachusetts ave
1064,"100 buckingham st Site","100 buckingham st"
1065,"100 broadway Site","100 broadway"
1066,Intersection of clark st & harvard st,clark st & harvard st
1067,Intersection of ames st & amherst st,ames st & amherst st
1068,highland park Site,highland park
1069,fairfield st Site,fairfield st
1070,"200 webster ave Site","200 webster ave"
1071,Intersection of washington st & washington st,washington st & washington st
1072,"1000 memorial dr Site","1000 memorial dr"
1073,Intersection of ware st & ware st,ware st & ware st
1074,bennett st Site,bennett st
1075,james st Site,james st
1076,fawcett st Site,fawcett st
1077,"100 moulton st Site","100 moulton st"
1078,Intersection of fifth st & hurley st,fifth st & hurley st
1079,"100 rogers st Site","100 rogers st"
1080,st sauveur ct Site,st sauveur ct
1081,tierney st Site,tierney st
1082,Intersection of rindge ave & rindge ave,rindge ave & rindge ave
1083,Intersection of charles st & sixth st,charles st & sixth st
1084,"300 chestnut st Site","300 chestnut st"
1085,Intersection of concord ave & waterhouse st,concord ave & waterhouse st
1086,"100 first st Site","100 first st"
1087,Intersection of pearl st & putnam ave,pearl st & putnam ave
1088,Intersection of charles st & third st,charles st & third st
1089,Intersection of cambridge st & felton st,cambridge st & felton st
1090,Intersection of albany st & osborn st,albany st & osborn st
1091,bailey pl Site,bailey pl
1092,otis st Site,otis st
1093,Intersection of pearl st & speridakis ter,pearl st & speridakis ter
1094,Intersection of granite st & pearl st,granite st & pearl st
1095,chauncy st Site,chauncy st
1096,Intersection of fairmont st & pleasant st,fairmont st & pleasant st
1097,Intersection of prospect st & prospect st,prospect st & prospect st
1098,Intersection of harvard sq & massachusetts ave,harvard sq & massachusetts ave
1099,Intersection of river st & william st,river st & william st
1100,newman st Site,newman st
1101,Intersection of brookline st & emily st,brookline st & emily st
1102,"100 haskell st Site","100 haskell st"
1103,"500 memorial dr Site","500 memorial dr"
1104,Intersection of hancock st & kinnaird st,hancock st & kinnaird st
1105,"100 eighth st Site","100 eighth st"
1106,"100 fulkerson st Site","100 fulkerson st"
1107,saville st Site,saville st
1108,Intersection of terminal rd & cambridgepark dr,terminal rd & cambridgepark dr
1109,"300 mount pleasant st Site","300 mount pleasant st"
1110,"100 sherman st Site","100 sherman st"
1111,Intersection of magazine st & green st,magazine st & green st
1112,Intersection of hawthorne st & mount auburn st,hawthorne st & mount auburn st
1113,"200 auburn st Site","200 auburn st"
1114,shepard st Site,shepard st
1115,Intersection of first st & hurley st,first st & hurley st
1116,Intersection of langdon st & massachusetts ave,langdon st & massachusetts ave
1117,Intersection of prince st & magazine st,prince st & magazine st
1118,Intersection of magazine st & erie st,magazine st & erie st
1119,Intersection of second st & thorndike st,second st & thorndike st
1120,Intersection of corporal mcternan st & magazine st,corporal mcternan st & magazine st
1121,"100 bishop allen dr Site","100 bishop allen dr"
1122,kinnaird st Site,kinnaird st
1123,Intersection of cambridge st & willow st,cambridge st & willow st
1124,"300 putnam ave Site","300 putnam ave"
1125,willow st Site,willow st
1126,Intersection of chatham st & hancock st,chatham st & hancock st
1127,Intersection of cambridge st & line st,cambridge st & line st
1128,bristol st Site,bristol st
1129,Intersection of orchard st & orchard st,orchard st & orchard st
1130,king st Site,king st
1131,Intersection of cardinal medeiros ave & hampshire st,cardinal medeiros ave & hampshire st
1132,Intersection of massachusetts ave & front st,massachusetts ave & front st
1133,Intersection of kendall sq & kendall sq,kendall sq & kendall sq
1134,"1400 massachusetts ave Site","1400 massachusetts ave"
1135,second st Site,second st
1136,bryant st Site,bryant st
1137,"100 hurley st Site","100 hurley st"
1138,Intersection of massachusetts ave & brattle st,massachusetts ave & brattle st
1139,eliot st Site,eliot st
1140,Intersection of channing st & mount auburn st,channing st & mount auburn st
1141,Intersection of green st & magazine st,green st & magazine st
1142,Intersection of garden st & mason st,garden st & mason st
1143,"200 fawcett st Site","200 fawcett st"
1144,"200 thorndike st Site","200 thorndike st"
1145,vincent st Site,vincent st
1146,"100 avon hill st Site","100 avon hill st"
1147,adams ter Site,adams ter
1148,Intersection of craigie st & brattle st,craigie st & brattle st
1149,traymore st Site,traymore st
1150,fayerweather st Site,fayerweather st
1151,fairmont ave Site,fairmont ave
1152,lexington ave Site,lexington ave
1153,Intersection of river st & putnam ave,river st & putnam ave
1154,"600 main st Site","600 main st"
1155,Intersection of green st & hancock st,green st & hancock st
1156,norris st Site,norris st
1157,Intersection of cambridge st & roberts rd,cambridge st & roberts rd
1158,westley ave Site,westley ave
1159,museum way Site,museum way
1160,walden st Site,walden st
1161,"400 memorial dr Site","400 memorial dr"
1162,portsmouth st Site,portsmouth st
1163,porter rd Site,porter rd
1164,Intersection of henry st & pearl st,henry st & pearl st
1165,Intersection of peabody st & massachusetts ave,peabody st & massachusetts ave
1166,Intersection of shepard st & walker st,shepard st & walker st
1167,linden st Site,linden st
1168,Intersection of pearl st & franklin st,pearl st & franklin st
1169,"200 pemberton st Site","200 pemberton st"
1170,essex st Site,essex st
1171,ashburton pl Site,ashburton pl
1172,"600 huron ave Site","600 huron ave"
1173,Intersection of brattle st & brattle st,brattle st & brattle st
1174,"100 lawrence st Site","100 lawrence st"
1175,Intersection of massachusetts ave & church st,massachusetts ave & church st
1176,Intersection of brattle st & church st,brattle st & church st
1177,Intersection of church st & massachusetts ave,church st & massachusetts ave
1178,Intersection of hamlin st & plymouth st,hamlin st & plymouth st
1179,howard st Site,howard st
1180,pine st Site,pine st
1181,douglass st Site,douglass st
1182,Intersection of blackstone st & river st,blackstone st & river st
1183,norton pl Site,norton pl
1184,"300 washington st Site","300 washington st"
1185,Intersection of western ave & blackstone st,western ave & blackstone st
1186,"100 pine st Site","100 pine st"
1187,"800 memorial dr Site","800 memorial dr"
1188,Intersection of hurley st & first st,hurley st & first st
1189,Intersection of second st & spring st,second st & spring st
1190,cowperthwaite st Site,cowperthwaite st
1191,Intersection of hurley st & first st,hurley st & first st
1192,"400 putnam ave Site","400 putnam ave"
1193,"1100 massachusetts ave Site","1100 massachusetts ave"
1194,kenwood st Site,kenwood st
1195,Intersection of garden st & waterhouse st,garden st & waterhouse st
1196,Intersection of washington st & windsor st,washington st & windsor st
1197,Intersection of line st & cambridge st,line st & cambridge st
1198,"100 cherry st Site","100 cherry st"
1199,berkshire st Site,berkshire st
1200,Intersection of sidney st & putnam ave,sidney st & putnam ave
1201,west st Site,west st
1202,lincoln st Site,lincoln st
1203,Intersection of pleasant st & green st,pleasant st & green st
1204,Intersection of putnam ave & sidney st,putnam ave & sidney st
1205,"300 cardinal medeiros ave Site","300 cardinal medeiros ave"
1206,Intersection of grove ave & putnam ave,grove ave & putnam ave
1207,granville rd Site,granville rd
1208,"300 technology sq Site","300 technology sq"
1209,orrin st Site,orrin st
1210,Intersection of ames st & ames st,ames st & ames st
1211,hubbard ave Site,hubbard ave
1212,"300 vassar st Site","300 vassar st"
1213,belmont st Site,belmont st
1214,Intersection of massachusetts ave & somerville ave,massachusetts ave & somerville ave
1215,Intersection of tremont st & hampshire st,tremont st & hampshire st
1216,Intersection of prospect st & broadway,prospect st & broadway
1217,Intersection of jfk st & brattle st,jfk st & brattle st
1218,Intersection of linden st & mount auburn st,linden st & mount auburn st
1219,Intersection of memorial dr & flagg st,memorial dr & flagg st
1220,Intersection of osborn st & osborn st,osborn st & osborn st
1221,ash st Site,ash st
1222,Intersection of magazine st & memorial dr,magazine st & memorial dr
1223,Intersection of central sq & central sq mbta stat,central sq & central sq mbta stat
1224,plympton st Site,plympton st
1225,Intersection of broadway & scouting way,broadway & scouting way
1226,lawrence st Site,lawrence st
1227,"100 first st Site","100 first st"
1228,Intersection of huron ave & standish st,huron ave & standish st
1229,Intersection of prospect st & carlisle st,prospect st & carlisle st
1230,alewife brook pky Site,alewife brook pky
1231,new st Site,new st
1232,jay st Site,jay st
1233,Intersection of dunster st & mount auburn st,dunster st & mount auburn st
1234,Intersection of ware st & broadway,ware st & broadway
1235,Intersection of fifth st & rogers st,fifth st & rogers st
1236,Intersection of gore st & sciarappa st,gore st & sciarappa st
1237,bates st Site,bates st
1238,hutchinson st Site,hutchinson st
1239,thingvalla ave Site,thingvalla ave
1240,"100 fresh pond pky Site","100 fresh pond pky"
1241,clinton st Site,clinton st
1242,harrington rd Site,harrington rd
1243,massachusetts ave Site,massachusetts ave
1244,fresh pond ln Site,fresh pond ln
1245,Intersection of memorial dr & river st,memorial dr & river st
1246,"100 lakeview ave Site","100 lakeview ave"
1247,stearns st Site,stearns st
1248,"100 quincy st Site","100 quincy st"
1249,"200 clark st Site","200 clark st"
1250,garfield st Site,garfield st
1251,Intersection of forest st & frost st,forest st & frost st
1252,springfield st Site,springfield st
1253,notre dame ave Site,notre dame ave
1254,Intersection of garden st & massachusetts ave,garden st & massachusetts ave
1255,Intersection of hurley st & second st,hurley st & second st
1256,Intersection of chauncy st & massachusetts ave,chauncy st & massachusetts ave
1257,Intersection of st mary rd & prospect st,st mary rd & prospect st
1258,Intersection of lopez st & brookline st,lopez st & brookline st
1259,"200 mount auburn st Site","200 mount auburn st"
1260,haskell st Site,haskell st
1261,Intersection of harvard st & lee st,harvard st & lee st
1262,Intersection of massachusetts ave & dudley st,massachusetts ave & dudley st
1263,Intersection of eustis st & oxford st,eustis st & oxford st
1264,kimball ln Site,kimball ln
1265,harris st Site,harris st
1266,Intersection of bigelow st & harvard st,bigelow st & harvard st
1267,Intersection of rindge ave & rindgefield st,rindge ave & rindgefield st
1268,Intersection of roberts rd & kirkland st,roberts rd & kirkland st
1269,howland st Site,howland st
1270,fresh pond pky Site,fresh pond pky
1271,Intersection of buckingham st & parker st,buckingham st & parker st
1272,gore st Site,gore st
1273,"100 creighton st Site","100 creighton st"
1274,"100 hampshire st Site","100 hampshire st"
1275,porter rd Site,porter rd
1276,"200 tremont st Site","200 tremont st"
1277,hingham st Site,hingham st
1278,Intersection of harvard st & windsor st,harvard st & windsor st
1279,longfellow park Site,longfellow park
1280,russell st Site,russell st
1281,Intersection of shepard st & hudson pl,shepard st & hudson pl
1282,"200 massachusetts ave Site","200 massachusetts ave"
1283,hancock st Site,hancock st
1284,"200 windsor st Site","200 windsor st"
1285,houghton st Site,houghton st
1286,memorial dr Site,memorial dr
1287,"100 moore st Site","100 moore st"
1288,Intersection of danehy park & danehy park,danehy park & danehy park
1289,Intersection of field st & fern st,field st & fern st
1290,columbus ave Site,columbus ave
1291,Intersection of cadbury rd & cadbury rd,cadbury rd & cadbury rd
1292,Intersection of mount auburn st & university rd,mount auburn st & university rd
1293,Intersection of elm st & harvard st,elm st & harvard st
1294,Intersection of brattle st & massachusetts ave,brattle st & massachusetts ave
1295,"100 holworthy st Site","100 holworthy st"
1296,Intersection of cottage st & magazine st,cottage st & magazine st
1297,Intersection of walden square rd & richdale ave,walden square rd & richdale ave
1298,Intersection of scott st & bryant st,scott st & bryant st
1299,"300 franklin st Site","300 franklin st"
1300,Intersection of corporal mcternan st & pearl st,corporal mcternan st & pearl st
1301,osborn st Site,osborn st
1302,Intersection of massachusetts ave & state st,massachusetts ave & state st
1303,Intersection of fairmont st & magazine st,fairmont st & magazine st
1304,Intersection of erie st & pearl st,erie st & pearl st
1305,baldwin street ct Site,baldwin street ct
1306,Intersection of mullins ct & winter st,mullins ct & winter st
1307,Intersection of fenno st & fenno st,fenno st & fenno st
1308,crescent st Site,crescent st
1309,Intersection of roberts rd & adams ter,roberts rd & adams ter
1310,Intersection of clinton st & harvard st,clinton st & harvard st
1311,Intersection of main st & vassar st,main st & vassar st
1312,"100 jay st Site","100 jay st"
1313,sacramento st Site,sacramento st
1314,citizens pl Site,citizens pl
1315,"1400 cambridge st Site","1400 cambridge st"
1316,Intersection of soden st & western ave,soden st & western ave
1317,brookline pl Site,brookline pl
1318,"500 concord ave Site","500 concord ave"
1319,Intersection of brattle st & fresh pond pky,brattle st & fresh pond pky
1320,grant st Site,grant st
1321,Intersection of sherman st & rindge ave,sherman st & rindge ave
1322,george st Site,george st
1323,jackson st Site,jackson st
1324,Intersection of gibson st & mount auburn st,gibson st & mount auburn st
1325,bond st Site,bond st
1326,"400 mount auburn st Site","400 mount auburn st"
1327,"400 evereteze way Site","400 evereteze way"
1328,"600 windsor st Site","600 windsor st"
1329,Intersection of allston st & peters st,allston st & peters st
1330,merrill st Site,merrill st
1331,akron st Site,akron st
1332,foster pl Site,foster pl
1333,Intersection of green st & pleasant st,green st & pleasant st
1334,Intersection of mount auburn st & nutting rd,mount auburn st & nutting rd
1335,Intersection of norfolk st & massachusetts ave,norfolk st & massachusetts ave
1336,crawford st Site,crawford st
1337,Intersection of brattle st & hawthorne st,brattle st & hawthorne st
1338,Intersection of franklin st & sidney st,franklin st & sidney st
1339,"200 elm street north Site","200 elm street north"
1340,Intersection of ashburton pl & essex st,ashburton pl & essex st
1341,Intersection of allen st & massachusetts ave,allen st & massachusetts ave
1342,Intersection of kinnaird st & pleasant st,kinnaird st & pleasant st
1343,Intersection of whittemore ave & kimball st,whittemore ave & kimball st
1344,Intersection of harvard sq & harvard sq,harvard sq & harvard sq
1345,"500 magazine st Site","500 magazine st"
1346,inman st Site,inman st
1347,prescott st Site,prescott st
1348,saginaw ave Site,saginaw ave
1349,day st Site,day st
1350,"100 kelly rd Site","100 kelly rd"
1351,kelly rd Site,kelly rd
1352,aberdeen ave Site,aberdeen ave
1353,meacham rd Site,meacham rd
1354,"100 hubbard ave Site","100 hubbard ave"
1355,woodbridge st Site,woodbridge st
1356,Intersection of magazine st & river st,magazine st & river st
1357,Intersection of ellery st & harvard st,ellery st & harvard st
1358,trowbridge ter Site,trowbridge ter
1359,matignon rd Site,matignon rd
1360,Intersection of cambridge st & sixth st,cambridge st & sixth st
1361,Intersection of pleasant st & pleasant st,pleasant st & pleasant st
1362,Intersection of massachusetts ave & holyoke st,massachusetts ave & holyoke st
1363,Intersection of pleasant st & putnam ave,pleasant st & putnam ave
1364,Intersection of massachusetts ave & pleasant st,massachusetts ave & pleasant st
1365,Intersection of banks st & athens st,banks st & athens st
1366,Intersection of massachusetts ave & central sq,massachusetts ave & central sq
1367,Intersection of broadway & felton st,broadway & felton st
1368,Intersection of granite st & magazine st,granite st & magazine st
1369,Intersection of franklin st & pearl st,franklin st & pearl st
1370,Intersection of chestnut st & magazine st,chestnut st & magazine st
1371,Intersection of alewife brook pky & matignon rd,alewife brook pky & matignon rd
1372,seckel st Site,seckel st
1373,"400 norfolk st Site","400 norfolk st"
1374,Intersection of broadway & windsor st,broadway & windsor st
1375,Intersection of cambridge pky & land blvd,cambridge pky & land blvd
1376,"100 wadsworth st Site","100 wadsworth st"
1377,st mary rd Site,st mary rd
1378,Intersection of hurley st & third st,hurley st & third st
1379,Intersection of main st & cherry st,main st & cherry st
1380,Intersection of front st & massachusetts ave,front st & massachusetts ave
1381,Intersection of state st & massachusetts ave,state st & massachusetts ave
1382,Intersection of north point blvd & north point blvd,north point blvd & north point blvd
1383,Intersection of concord ave & upland rd,concord ave & upland rd
1384,washington ave Site,washington ave
1385,Intersection of fayerweather st & huron ave,fayerweather st & huron ave
1386,Intersection of upland rd & upland rd,upland rd & upland rd
1387,Intersection of massachusetts ave & albany st,massachusetts ave & albany st
1388,"200 kendall sq Site","200 kendall sq"
1389,Intersection of massachusetts ave & upland rd,massachusetts ave & upland rd
1390,roseland st Site,roseland st
1391,Intersection of ames st & broadway,ames st & broadway
1392,"400 river st Site","400 river st"
1393,Intersection of kinnaird st & putnam ave,kinnaird st & putnam ave
1394,"200 larch rd Site","200 larch rd"
1395,Intersection of sherman st & danehy park,sherman st & danehy park
1396,Intersection of ellsworth ave & broadway,ellsworth ave & broadway
1397,"100 river st Site","100 river st"
1398,lilac ct Site,lilac ct
1399,Intersection of dana st & harvard st,dana st & harvard st
1400,Intersection of memorial dr & western ave,memorial dr & western ave
1401,marvin pl Site,marvin pl
1402,linnaean st Site,linnaean st
1403,Intersection of concord ave & wheeler st,concord ave & wheeler st
1404,"200 dudley st Site","200 dudley st"
1405,may st Site,may st
1406,seventh st Site,seventh st
1407,Intersection of sellers st & green st,sellers st & green st
1408,Intersection of putnam ave & green st,putnam ave & green st
1409,Intersection of hurley st & second st,hurley st & second st
1410,Intersection of columbia st & main st,columbia st & main st
1411,"100 dunster st Site","100 dunster st"
1412,"900 memorial dr Site","900 memorial dr"
1413,spring st Site,spring st
1414,Intersection of windsor st & massachusetts ave,windsor st & massachusetts ave
1415,"200 hurley st Site","200 hurley st"
1416,Intersection of dickinson st & dickinson st,dickinson st & dickinson st
1417,Intersection of murdock st & hampshire st,murdock st & hampshire st
1418,Intersection of raymond st & upland rd,raymond st & upland rd
1419,"100 white st Site","100 white st"
1420,"1400 mason st Site","1400 mason st"
1421,"500 massachusetts ave Site","500 massachusetts ave"
1422,Intersection of mount auburn st & sparks st,mount auburn st & sparks st
1423,Intersection of sidney st & green st,sidney st & green st
1424,Intersection of york st & donnelly field,york st & donnelly field
1425,Intersection of garden st & appian way,garden st & appian way
1426,Intersection of rogers st & second st,rogers st & second st
1427,Intersection of jackson st & jackson st,jackson st & jackson st
1428,fresh pond pl Site,fresh pond pl
1429,blanchard rd Site,blanchard rd
1430,Intersection of jay st & western ave,jay st & western ave
1431,Intersection of main st & kendall sq,main st & kendall sq
1432,Intersection of amherst st & hayward st,amherst st & hayward st
1433,gerrys landing rd Site,gerrys landing rd
1434,"200 lakeview ave Site","200 lakeview ave"
1435,"400 third st Site","400 third st"
1436,"300 brattle st Site","300 brattle st"
1437,"100 plympton st Site","100 plympton st"
1438,"100 oxford st Site","100 oxford st"
1439,"200 amory st Site","200 amory st"
1440,eliot st Site,eliot st
1441,scott st Site,scott st
1442,"100 chestnut st Site","100 chestnut st"
1443,Intersection of suffolk st & columbia st,suffolk st & columbia st
1444,Intersection of day st & massachusetts ave,day st & massachusetts ave
1445,Intersection of bennett st & university rd,bennett st & university rd
1446,Intersection of magazine st & upton st,magazine st & upton st
1447,Intersection of vassar st & memorial dr,vassar st & memorial dr
1448,Intersection of holworthy st & holworthy st,holworthy st & holworthy st
1449,dover st Site,dover st
1450,Intersection of bishop allen dr & inman st,bishop allen dr & inman st
1451,trowbridge pl Site,trowbridge pl
1452,donnell st Site,donnell st
1453,Intersection of brattle st & james st,brattle st & james st
1454,Intersection of green st & pearl st,green st & pearl st
1455,Intersection of garden st & mason st,garden st & mason st
1456,Intersection of western ave & massachusetts ave,western ave & massachusetts ave
1457,Intersection of rogers st & first st,rogers st & first st
1458,Intersection of cambridge st & eighth st,cambridge st & eighth st
1459,"1400 cambridge st Site","1400 cambridge st"
1460,Intersection of putnam ave & franklin st,putnam ave & franklin st
1461,Intersection of lincoln st & windsor st,lincoln st & windsor st
1462,Intersection of porter rd & massachusetts ave,porter rd & massachusetts ave
1463,russell st Site,russell st
1464,Intersection of columbia st & harvard st,columbia st & harvard st
1465,garden ln Site,garden ln
1466,Intersection of lee st & west st,lee st & west st
1467,marion st Site,marion st
1468,bowdoin st Site,bowdoin st
1469,Intersection of blackstone st & blackstone st,blackstone st & blackstone st
1470,Intersection of green st & western ave,green st & western ave
1471,"200 cherry st Site","200 cherry st"
1472,"200 banks st Site","200 banks st"
1473,Intersection of berkshire st & cambridge st,berkshire st & cambridge st
1474,Intersection of cambridge st & cardinal medeiros ave,cambridge st & cardinal medeiros ave
1475,Intersection of mellen st & massachusetts ave,mellen st & massachusetts ave
1476,"200 cardinal medeiros ave Site","200 cardinal medeiros ave"
1477,Intersection of river st & massachusetts ave,river st & massachusetts ave
1478,Intersection of mount auburn st & brewer st,mount auburn st & brewer st
1479,Intersection of inman pl & inman st,inman pl & inman st
1480,Intersection of western ave & montague st,western ave & montague st
1481,Intersection of massachusetts ave & inman st,massachusetts ave & inman st
1482,Intersection of walden square rd & lincoln way,walden square rd & lincoln way
1483,cottage st Site,cottage st
1484,cameron ave Site,cameron ave
1485,walden square rd Site,walden square rd
1486,seagrave rd Site,seagrave rd
1487,Intersection of cambridge st & lambert st,cambridge st & lambert st
1488,Intersection of bent st & fifth st,bent st & fifth st
1489,Intersection of gore st & sixth st,gore st & sixth st
1490,"300 technology sq Site","300 technology sq"
1491,Intersection of massachusetts ave & norfolk st,massachusetts ave & norfolk st
1492,Intersection of winthrop st & harvard sq,winthrop st & harvard sq
1493,"100 kelley st Site","100 kelley st"
1494,"200 gore st Site","200 gore st"
1495,"800 memorial dr Site","800 memorial dr"
1496,"100 prentiss st Site","100 prentiss st"
1497,Intersection of massachusetts ave & ellery st,massachusetts ave & ellery st
1498,"100 grozier rd Site","100 grozier rd"
1499,sciarappa st Site,sciarappa st
1500,Intersection of putnam ave & river st,putnam ave & river st
1501,winslow st Site,winslow st
1502,"100 huron ave Site","100 huron ave"
1503,east st Site,east st
1504,Intersection of albany st & pacific st,albany st & pacific st
1505,Intersection of binney st & broadway,binney st & broadway
1506,Intersection of hampshire st & tremont st,hampshire st & tremont st
1507,locust st Site,locust st
1508,Intersection of massachusetts ave & massachusetts ave,massachusetts ave & massachusetts ave
1509,Intersection of church st & harvard sq,church st & harvard sq
1510,Intersection of magazine st & glenwood ave,magazine st & glenwood ave
1511,norman st Site,norman st
1512,"100 foster st Site","100 foster st"
1513,garden st Site,garden st
1514,shaler ln Site,shaler ln
1515,Intersection of ash st & memorial dr,ash st & memorial dr
1516,"400 harvard st Site","400 harvard st"
1517,walker st Site,walker st
1518,Intersection of franklin st & pearl st,franklin st & pearl st
1519,Intersection of brookline st & erie st,brookline st & erie st
1520,Intersection of cambridge st & third st,cambridge st & third st
1521,Intersection of massachusetts ave & village st,massachusetts ave & village st
1522,prince st Site,prince st
1523,Intersection of watson st & brookline st,watson st & brookline st
1524,carlisle st Site,carlisle st
1525,Intersection of massachusetts ave & garfield st,massachusetts ave & garfield st
1526,Intersection of carlisle st & carlisle st,carlisle st & carlisle st
1527,Intersection of hampshire st & portsmouth st,hampshire st & portsmouth st
1528,"100 mount auburn st Site","100 mount auburn st"
1529,Intersection of prospect st & bishop allen dr,prospect st & bishop allen dr
1530,hurlbut st Site,hurlbut st
1531,Intersection of brattle st & jfk st,brattle st & jfk st
1532,"700 massachusetts ave Site","700 massachusetts ave"
1533,Intersection of harvard st & columbia st,harvard st & columbia st
1534,hardwick st Site,hardwick st
1535,Intersection of prescott st & broadway,prescott st & broadway
1536,Intersection of banks st & flagg st,banks st & flagg st
1537,Intersection of massachusetts ave & mellen st,massachusetts ave & mellen st
1538,"100 coolidge ave Site","100 coolidge ave"
1539,Intersection of otis st & second st,otis st & second st
1540,Intersection of cottage st & pearl st,cottage st & pearl st
1541,sedgewick rd Site,sedgewick rd
1542,dunster st Site,dunster st
1543,"600 franklin st Site","600 franklin st"
1544,Intersection of jfk st & memorial dr,jfk st & memorial dr
1545,Intersection of first st & cambridge st,first st & cambridge st
1546,Intersection of garden st & cambridge common,garden st & cambridge common
1547,Intersection of huron ave & huron ave,huron ave & huron ave
1548,Intersection of mount auburn st & university rd,mount auburn st & university rd
1549,Intersection of pleasant st & rockwell st,pleasant st & rockwell st
1550,scouting way Site,scouting way
1551,standish st Site,standish st
1552,Intersection of concord ave & fayerweather st,concord ave & fayerweather st
1553,"100 lincoln st Site","100 lincoln st"
1554,Intersection of berkeley st & berkeley st,berkeley st & berkeley st
1555,Intersection of hampshire st & broadway,hampshire st & broadway
1556,Intersection of columbia st & clement morgan park,columbia st & clement morgan park
1557,seven pines ave Site,seven pines ave
1558,"100 madison ave Site","100 madison ave"
1559,Intersection of mifflin pl & mount auburn st,mifflin pl & mount auburn st
1560,Intersection of centanni way & otis st,centanni way & otis st
1561,"100 griswold st Site","100 griswold st"
1562,Intersection of massachusetts ave & central sq,massachusetts ave & central sq
1563,Intersection of max ave & max ave,max ave & max ave
1564,whittier st Site,whittier st
1565,Intersection of concord ave & buckingham st,concord ave & buckingham st
1566,Intersection of charles st & first st,charles st & first st
1567,Intersection of bishop allen dr & norfolk st,bishop allen dr & norfolk st
1568,Intersection of new st & danehy park,new st & danehy park
1569,Intersection of broadway & cambridge st,broadway & cambridge st
1570,Intersection of brookline st & green st,brookline st & green st
1571,"200 charles st Site","200 charles st"
1572,hillside ave Site,hillside ave
1573,"500 massachusetts ave Site","500 massachusetts ave"
1574,montgomery st Site,montgomery st
1575,"200 mount auburn st Site","200 mount auburn st"
1576,Intersection of cambridge st & vellucci park,cambridge st & vellucci park
1577,"200 river st Site","200 river st"
1578,Intersection of somerville ave & massachusetts ave,somerville ave & massachusetts ave
1579,church st Site,church st
1580,mellen st Site,mellen st
1581,Intersection of acacia st & hawthorne st,acacia st & hawthorne st
1582,Intersection of washington st & cherry st,washington st & cherry st
1583,Intersection of hampshire st & portland st,hampshire st & portland st
1584,Intersection of cogswell ave & massachusetts ave,cogswell ave & massachusetts ave
1585,"1000 cambridge st Site","1000 cambridge st"
1586,"100 vassal ln Site","100 vassal ln"
1587,Intersection of museum way & museum way,museum way & museum way
1588,Intersection of carlisle st & prospect st,carlisle st & prospect st
1589,Intersection of birch st & concord ave,birch st & concord ave
1590,Intersection of essex st & bishop allen dr,essex st & bishop allen dr
1591,Intersection of magazine st & prince st,magazine st & prince st
1592,Intersection of jfk st & south st,jfk st & south st
1593,"100 prince st Site","100 prince st"
1594,Intersection of amory st & amory st,amory st & amory st
1595,Intersection of memorial dr & plympton st,memorial dr & plympton st
1596,Intersection of magazine st & william st,magazine st & william st
1597,cottage park ave Site,cottage park ave
1598,"100 reservoir st Site","100 reservoir st"
1599,Intersection of harvard sq & massachusetts ave,harvard sq & massachusetts ave
1600,"200 holworthy st Site","200 holworthy st"
1601,Intersection of aberdeen ave & huron ave,aberdeen ave & huron ave
1602,"100 park ave Site","100 park ave"
1603,harrington ter Site,harrington ter
1604,Intersection of windsor st & broadway,windsor st & broadway
1605,Intersection of hampshire st & windsor st,hampshire st & windsor st
1606,Intersection of cedar st & harvey st,cedar st & harvey st
1607,lamont ave Site,lamont ave
1608,andrew st Site,andrew st
1609,"200 huron ave Site","200 huron ave"
1610,Intersection of hancock st & massachusetts ave,hancock st & massachusetts ave
1611,acorn st Site,acorn st
1612,fallon pl Site,fallon pl
1613,Intersection of arrow st & bow st,arrow st & bow st
1614,Intersection of dunster st & winthrop st,dunster st & winthrop st
1615,Intersection of cambridge st & dana st,cambridge st & dana st
1616,"100 norfolk st Site","100 norfolk st"
1617,Intersection of alewife mbta stat & cambridgepark dr,alewife mbta stat & cambridgepark dr
1618,Intersection of harvard st & norfolk st,harvard st & norfolk st
1619,churchill ave Site,churchill ave
1620,Intersection of amherst st & massachusetts ave,amherst st & massachusetts ave
1621,"500 green st Site","500 green st"
1622,"1400 cambridge st Site","1400 cambridge st"
1623,Intersection of sherman st & winslow st,sherman st & winslow st
1624,"200 walden park Site","200 walden park"
1625,Intersection of rindge ave & alewife brook pky,rindge ave & alewife brook pky
1626,Intersection of richdale ave & walden st,richdale ave & walden st
1627,Intersection of appian way & garden st,appian way & garden st
1628,"600 mount auburn st Site","600 mount auburn st"
1629,Intersection of bishop allen dr & temple st,bishop allen dr & temple st
1630,"100 walker st Site","100 walker st"
1631,Intersection of massachusetts ave & peabody st,massachusetts ave & peabody st
1632,Intersection of york st & willow st,york st & willow st
1633,Intersection of hingham st & memorial dr,hingham st & memorial dr
1634,Intersection of green st & river st,green st & river st
1635,Intersection of berkshire st & plymouth st,berkshire st & plymouth st
1636,Intersection of chauncy st & langdon st,chauncy st & langdon st
1637,grant st Site,grant st
1638,Intersection of hurley st & first st,hurley st & first st
1639,Intersection of plympton st & massachusetts ave,plympton st & massachusetts ave
1640,Intersection of jfk st & mount auburn st,jfk st & mount auburn st
1641,Intersection of massachusetts ave & village st,massachusetts ave & village st
1642,Intersection of windsor st & front st,windsor st & front st
1643,Intersection of cambridge st & hunting st,cambridge st & hunting st
1644,Intersection of cherry st & harvard st,cherry st & harvard st
1645,Intersection of cambridge st & cardinal medeiros ave,cambridge st & cardinal medeiros ave
1646,Intersection of sciarappa st & otis st,sciarappa st & otis st
1647,fairview ave Site,fairview ave
1648,Intersection of jackson st & dudley st,jackson st & dudley st
1649,harrison ave Site,harrison ave
1650,Intersection of everett st & everett st,everett st & everett st
1651,"100 river st Site","100 river st"
1652,Intersection of beech st & massachusetts ave,beech st & massachusetts ave
1653,bennett st Site,bennett st
1654,"100 larch rd Site","100 larch rd"
1655,emmons pl Site,emmons pl
1656,kirkland st Site,kirkland st
1657,myrtle ave Site,myrtle ave
1658,dana st Site,dana st
1659,Intersection of cambridge st & roberts rd,cambridge st & roberts rd
1660,rice st Site,rice st
1661,Intersection of kirkland st & sumner rd,kirkland st & sumner rd
1662,Intersection of huron ave & larch rd,huron ave & larch rd
1663,Intersection of brattle st & farwell pl,brattle st & farwell pl
1664,Intersection of binney st & sixth st,binney st & sixth st
1665,Intersection of bent st & sixth st,bent st & sixth st
1666,sargent st Site,sargent st
1667,Intersection of columbia st & harrington ter,columbia st & harrington ter
1668,"500 windsor st Site","500 windsor st"
1669,Intersection of cadbury rd & wood st,cadbury rd & wood st
1670,Intersection of beech st & elm street north,beech st & elm street north
1671,jfk st Site,jfk st
1672,Intersection of church st & church st,church st & church st
1673,"100 acorn park Site","100 acorn park"
1674,"100 walker st Site","100 walker st"
1675,Intersection of bow st & arrow st,bow st & arrow st
1676,Intersection of magazine st & william st,magazine st & william st
1677,mill st Site,mill st
1678,Intersection of prospect st & hampshire st,prospect st & hampshire st
1679,perry st Site,perry st
1680,Intersection of broadway & clark st,broadway & clark st
1681,Intersection of market st & columbia st,market st & columbia st
1682,Intersection of birch st & concord ave,birch st & concord ave
1683,"1100 cambridge st Site","1100 cambridge st"
1684,frost st Site,frost st
1685,Intersection of exeter park & massachusetts ave,exeter park & massachusetts ave
1686,Intersection of sidney st & massachusetts ave,sidney st & massachusetts ave
1687,"1900 massachusetts ave Site","1900 massachusetts ave"
1688,Intersection of putnam ave & putnam ave,putnam ave & putnam ave
1689,sacramento pl Site,sacramento pl
1690,Intersection of howard st & western ave,howard st & western ave
1691,Intersection of brookline st & chestnut st,brookline st & chestnut st
1692,Intersection of quincy st & quincy st,quincy st & quincy st
1693,"300 river st Site","300 river st"
1694,Intersection of hancock st & harvard st,hancock st & harvard st
1695,montague st Site,montague st
1696,Intersection of auburn st & river st,auburn st & river st
1697,"100 bishop allen dr Site","100 bishop allen dr"
1698,Intersection of pine st & washington st,pine st & washington st
1699,"600 evereteze way Site","600 evereteze way"
1700,glenn ter Site,glenn ter
1701,Intersection of broadway & broadway,broadway & broadway
1702,Intersection of bellis cir & bellis cir,bellis cir & bellis cir
1703,Intersection of forest st & frost st,forest st & frost st
1704,Intersection of bow st & plympton st,bow st & plympton st
1705,"300 massachusetts ave Site","300 massachusetts ave"
1706,Intersection of garden st & massachusetts ave,garden st & massachusetts ave
1707,Intersection of linnaean st & massachusetts ave,linnaean st & massachusetts ave
1708,main st Site,main st
1709,Intersection of leighton st & monsignor obrien hwy,leighton st & monsignor obrien hwy
1710,Intersection of pearl st & auburn st,pearl st & auburn st
1711,Intersection of magazine st & glenwood ave,magazine st & glenwood ave
1712,chauncy ln Site,chauncy ln
1713,"700 green st Site","700 green st"
1714,Intersection of prentiss st & oxford st,prentiss st & oxford st
1715,Intersection of magazine st & granite st,magazine st & granite st
1716,Intersection of magazine st & magazine st,magazine st & magazine st
1717,Intersection of charles st & fifth st,charles st & fifth st
1718,Intersection of harvard st & dana st,harvard st & dana st
1719,Intersection of white st & porter sq,white st & porter sq
1720,st paul st Site,st paul st
1721,acorn park Site,acorn park
1722,greenough ave Site,greenough ave
1723,Intersection of portland st & washington st,portland st & washington st
1724,Intersection of amherst st & wadsworth st,amherst st & wadsworth st
1725,fifth st Site,fifth st
1726,Intersection of bond st & garden st,bond st & garden st
1727,Intersection of avon hill st & linnaean st,avon hill st & linnaean st
1728,vassal ln Site,vassal ln
1729,Intersection of rindge ave & jefferson park,rindge ave & jefferson park
1730,"100 wheeler st Site","100 wheeler st"
1731,Intersection of canal park & canal park,canal park & canal park
1732,Intersection of bay st & massachusetts ave,bay st & massachusetts ave
1733,Intersection of porter rd & massachusetts ave,porter rd & massachusetts ave
1734,Intersection of lincoln st & union st,lincoln st & union st
1735,Intersection of smith pl & adley rd,smith pl & adley rd
1736,Intersection of broadway & ware st,broadway & ware st
1737,Intersection of remington st & harvard st,remington st & harvard st
1738,vineyard st Site,vineyard st
1739,"600 concord ave Site","600 concord ave"
1740,Intersection of belmont st & sullivan rd,belmont st & sullivan rd
1741,Intersection of huron ave & cushing st,huron ave & cushing st
1742,south normandy ave Site,south normandy ave
1743,murray hill rd Site,murray hill rd
1744,Intersection of mount vernon st & upland rd,mount vernon st & upland rd
1745,"300 lakeview ave Site","300 lakeview ave"
1746,Intersection of green st & sellers st,green st & sellers st
1747,Intersection of plymouth st & hampshire st,plymouth st & hampshire st
1748,Intersection of huron ave & lakeview ave,huron ave & lakeview ave
1749,Intersection of mount vernon st & massachusetts ave,mount vernon st & massachusetts ave
1750,first st Site,first st
1751,Intersection of garden st & linnaean st,garden st & linnaean st
1752,Intersection of massachusetts ave & prospect st,massachusetts ave & prospect st
1753,Intersection of cambridge st & warren st,cambridge st & warren st
1754,Intersection of school st & windsor st,school st & windsor st
1755,Intersection of linnaean st & walker st,linnaean st & walker st
1756,Intersection of brookline st & green st,brookline st & green st
1757,palermo st Site,palermo st
1758,hudson st Site,hudson st
1759,Intersection of putnam ave & western ave,putnam ave & western ave
1760,Intersection of sparks st & mercer cir,sparks st & mercer cir
1761,"100 porter st Site","100 porter st"
1762,Intersection of brattle st & brown st,brattle st & brown st
1763,broadway ter Site,broadway ter
1764,Intersection of jackson st & harvey st,jackson st & harvey st
1765,Intersection of hurley st & third st,hurley st & third st
1766,st sauveur ct Site,st sauveur ct
1767,max ave Site,max ave
1768,Intersection of second st & rogers st,second st & rogers st
1769,"800 massachusetts ave Site","800 massachusetts ave"
1770,Intersection of clarendon ave & massachusetts ave,clarendon ave & massachusetts ave
1771,"100 bolton st Site","100 bolton st"
1772,traymore st Site,traymore st
1773,"100 magoun st Site","100 magoun st"
1774,jackson gdns Site,jackson gdns
1775,"1400 massachusetts ave Site","1400 massachusetts ave"
1776,Intersection of milton st & massachusetts ave,milton st & massachusetts ave
1777,Intersection of columbus ave & massachusetts ave,columbus ave & massachusetts ave
1778,Intersection of massachusetts ave & inman st,massachusetts ave & inman st
1779,Intersection of elm st & webster ave,elm st & webster ave
1780,Intersection of brattle cir & brattle st,brattle cir & brattle st
1781,Intersection of columbia st & hampshire st,columbia st & hampshire st
1782,Intersection of broadway & portland st,broadway & portland st
1783,Intersection of hammond st & howland st,hammond st & howland st
1784,line st Site,line st
1785,Intersection of cedar st & norris st,cedar st & norris st
1786,Intersection of lowell st & mount auburn st,lowell st & mount auburn st
1787,"100 rogers st Site","100 rogers st"
1788,Intersection of otis st & otis st,otis st & otis st
1789,Intersection of second st & charles st,second st & charles st
1790,corcoran park Site,corcoran park
1791,"300 green st Site","300 green st"
1792,Intersection of alewife brook pky & whittemore ave,alewife brook pky & whittemore ave
1793,"100 elm st Site","100 elm st"
1794,elm st Site,elm st
1795,"1900 massachusetts ave Site","1900 massachusetts ave"
1796,"100 alewife brook pky Site","100 alewife brook pky"
1797,Intersection of jfk st & harvard sq,jfk st & harvard sq
1798,"100 brookline st Site","100 brookline st"
1799,Intersection of cambridge st & broadway,cambridge st & broadway
1800,"400 pearl st Site","400 pearl st"
1801,Intersection of sciarappa st & thorndike st,sciarappa st & thorndike st
1802,Intersection of walker st & shepard st,walker st & shepard st
1803,"600 massachusetts ave Site","600 massachusetts ave"
1804,clary st Site,clary st
1805,north point blvd Site,north point blvd
1806,livermore pl Site,livermore pl
1807,"200 elm st Site","200 elm st"
1808,Intersection of thorndike way & thorndike way,thorndike way & thorndike way
1809,Intersection of athenaeum st & first st,athenaeum st & first st
1810,"2000 massachusetts ave Site","2000 massachusetts ave"
1811,Intersection of massachusetts ave & amherst st,massachusetts ave & amherst st
1812,"200 fresh pond pky Site","200 fresh pond pky"
1813,Intersection of centre st & dana st,centre st & dana st
1814,healey st Site,healey st
1815,Intersection of fresh pond ln & larchwood dr,fresh pond ln & larchwood dr
1816,"400 main st Site","400 main st"
1817,Intersection of prospect st & bishop allen dr,prospect st & bishop allen dr
1818,appleton st Site,appleton st
1819,Intersection of sixth st & spring st,sixth st & spring st
1820,Intersection of cambridge st & sciarappa st,cambridge st & sciarappa st
1821,church st Site,church st
1822,Intersection of massachusetts ave & trowbridge st,massachusetts ave & trowbridge st
1823,Intersection of garden st & massachusetts ave,garden st & massachusetts ave
1824,sullivan rd Site,sullivan rd
1825,Intersection of massachusetts ave & pearl st,massachusetts ave & pearl st
1826,charles st Site,charles st
1827,"300 massachusetts ave Site","300 massachusetts ave"
1828,Intersection of prentiss st & massachusetts ave,prentiss st & massachusetts ave
1829,Intersection of bristol st & market st,bristol st & market st
1830,Intersection of cambridge st & springfield st,cambridge st & springfield st
1831,Intersection of hampshire st & union st,hampshire st & union st
1832,Intersection of malcolm rd & lakeview ave,malcolm rd & lakeview ave
1833,"300 river st Site","300 river st"
1834,Intersection of linsky way & third st,linsky way & third st
1835,Intersection of broadway & highland ave,broadway & highland ave
1836,Intersection of bishop allen dr & douglass st,bishop allen dr & douglass st
1837,"100 callender st Site","100 callender st"
1838,cornelius way Site,cornelius way
1839,Intersection of brattle st & brown st,brattle st & brown st
1840,"100 elm st Site","100 elm st"
1841,roosevelt towers Site,roosevelt towers
1842,Intersection of jefferson st & jefferson park,jefferson st & jefferson park
1843,pearl st Site,pearl st
1844,Intersection of kinnaird st & river st,kinnaird st & river st
1845,Intersection of mount auburn st & dunster st,mount auburn st & dunster st
1846,Intersection of massachusetts ave & central sq,massachusetts ave & central sq
1847,Intersection of brookline st & putnam ave,brookline st & putnam ave
1848,Intersection of third st & hurley st,third st & hurley st
1849,holyoke pl Site,holyoke pl
1850,Intersection of alewife brook pky & massachusetts ave,alewife brook pky & massachusetts ave
1851,Intersection of franklin st & river st,franklin st & river st
1852,Intersection of massachusetts ave & central sq,massachusetts ave & central sq
1853,Intersection of columbus ave & harrison ave,columbus ave & harrison ave
1854,Intersection of palermo st & windsor st,palermo st & windsor st
1855,Intersection of massachusetts ave & jfk st,massachusetts ave & jfk st
1856,Intersection of bishop allen dr & columbia st,bishop allen dr & columbia st
1857,hammond st Site,hammond st
1858,Intersection of cambridge st & marion st,cambridge st & marion st
1859,"1500 cambridge st Site","1500 cambridge st"
1860,Intersection of cambridge st & evereteze way,cambridge st & evereteze way
1861,Intersection of erie st & waverly st,erie st & waverly st
1862,Intersection of hancock st & chatham st,hancock st & chatham st
1863,Intersection of hamlin st & york st,hamlin st & york st
1864,"2600 massachusetts ave Site","2600 massachusetts ave"
1865,houston park Site,houston park
1866,Intersection of hampshire st & webster ave,hampshire st & webster ave
1867,verdun st Site,verdun st
1868,union pl Site,union pl
1869,kendall sq Site,kendall sq
1870,Intersection of pearl st & valentine st,pearl st & valentine st
1871,Intersection of florence st & magazine st,florence st & magazine st
1872,banks st Site,banks st
1873,Intersection of arrow st & massachusetts ave,arrow st & massachusetts ave
1874,Intersection of windsor st & state st,windsor st & state st
1875,"100 mount vernon st Site","100 mount vernon st"
1876,rindge ave Site,rindge ave
1877,Intersection of albany st & massachusetts ave,albany st & massachusetts ave
1878,Intersection of amherst st & massachusetts ave,amherst st & massachusetts ave
1879,Intersection of cambridge st & maple ave,cambridge st & maple ave
1880,Intersection of broadway & antrim st,broadway & antrim st
1881,"1100 massachusetts ave Site","1100 massachusetts ave"
1882,"600 massachusetts ave Site","600 massachusetts ave"
1883,corcoran ln Site,corcoran ln
1884,"1200 massachusetts ave Site","1200 massachusetts ave"
1885,kelley st Site,kelley st
1886,Intersection of massachusetts ave & sidney st,massachusetts ave & sidney st
1887,clay st Site,clay st
1888,"400 massachusetts ave Site","400 massachusetts ave"
1889,"100 royal ave Site","100 royal ave"
1890,Intersection of rindge ave & alewife brook pky,rindge ave & alewife brook pky
1891,"900 massachusetts ave Site","900 massachusetts ave"
1892,larchwood dr Site,larchwood dr
1893,Intersection of kirkland st & quincy st,kirkland st & quincy st
1894,Intersection of brattle st & massachusetts ave,brattle st & massachusetts ave
1895,Intersection of irving st & kirkland st,irving st & kirkland st
1896,Intersection of norfolk st & washington st,norfolk st & washington st
1897,clarendon ave Site,clarendon ave
1898,"2500 massachusetts ave Site","2500 massachusetts ave"
1899,mount auburn st Site,mount auburn st
1900,Intersection of pearl st & watson st,pearl st & watson st
1901,"800 massachusetts ave Site","800 massachusetts ave"
1902,Intersection of dana st & broadway,dana st & broadway
1903,"1300 massachusetts ave Site","1300 massachusetts ave"
1904,Intersection of sciarappa st & spring st,sciarappa st & spring st
1905,"1200 massachusetts ave Site","1200 massachusetts ave"
1906,Intersection of front st & massachusetts ave,front st & massachusetts ave
1907,poplar rd Site,poplar rd
1908,science park Site,science park
1909,porter park Site,porter park
1910,Intersection of oxford st & frost st,oxford st & frost st
1911,Intersection of brookline st & massachusetts ave,brookline st & massachusetts ave
1912,"800 main st Site","800 main st"
1913,normandy ter Site,normandy ter
1914,Intersection of cambridge st & fulkerson st,cambridge st & fulkerson st
1915,"300 green st Site","300 green st"
1916,Intersection of harvard st & trowbridge st,harvard st & trowbridge st
1917,Intersection of massachusetts ave & brookline st,massachusetts ave & brookline st
1918,Intersection of massachusetts ave & prospect st,massachusetts ave & prospect st
1919,pleasant pl Site,pleasant pl
1920,percy pl Site,percy pl
1921,clay st Site,clay st
1922,Intersection of foster st & sparks st,foster st & sparks st
1923,Intersection of massachusetts ave & western ave,massachusetts ave & western ave
1924,Intersection of jefferson park & jefferson park,jefferson park & jefferson park
1925,"600 technology sq Site","600 technology sq"
1926,Intersection of rogers st & rogers st,rogers st & rogers st
1927,Intersection of corcoran ln & thingvalla ave,corcoran ln & thingvalla ave
1928,sixth st Site,sixth st
1929,Intersection of cambridge st & seventh st,cambridge st & seventh st
1930,Intersection of boardman pl & broadway,boardman pl & broadway
1931,Intersection of jefferson st & jefferson st,jefferson st & jefferson st
1932,"100 henry st Site","100 henry st"
1933,riverside pl Site,riverside pl
1934,blake st Site,blake st
1935,dodge st Site,dodge st
1936,Intersection of pleasant st & river st,pleasant st & river st
1937,Intersection of davenport st & orchard st,davenport st & orchard st
1938,Intersection of hampshire st & norfolk st,hampshire st & norfolk st
1939,Intersection of third st & main st,third st & main st
1940,hampshire st Site,hampshire st
1941,"1800 massachusetts ave Site","1800 massachusetts ave"
1942,"200 massachusetts ave Site","200 massachusetts ave"
1943,"1000 massachusetts ave Site","1000 massachusetts ave"
1944,montague st Site,montague st
1945,"600 mason st Site","600 mason st"
1946,Intersection of norfolk st & bishop allen dr,norfolk st & bishop allen dr
1947,jfk st Site,jfk st
1948,Intersection of massachusetts ave & harvard sq,massachusetts ave & harvard sq
1949,Intersection of clifton st & dudley st,clifton st & dudley st
1950,Intersection of massachusetts ave & norfolk st,massachusetts ave & norfolk st
1951,Intersection of granite st & rockingham st,granite st & rockingham st
1952,Intersection of massachusetts ave & sellers st,massachusetts ave & sellers st
1953,rollins ct Site,rollins ct
1954,Intersection of magazine st & tufts st,magazine st & tufts st
1955,"700 massachusetts ave Site","700 massachusetts ave"
1956,Intersection of acorn park & acorn park,acorn park & acorn park
1957,"700 mount auburn pl Site","700 mount auburn pl"
1958,lamson pl Site,lamson pl
1959,wheeler st Site,wheeler st
1960,mason st Site,mason st
1961,Intersection of mount auburn st & putnam ave,mount auburn st & putnam ave
1962,Intersection of first st & thorndike st,first st & thorndike st
1963,"400 massachusetts ave Site","400 massachusetts ave"
1964,"1600 massachusetts ave Site","1600 massachusetts ave"
1965,Intersection of holyoke st & winthrop st,holyoke st & winthrop st
1966,Intersection of jfk st & mount auburn st,jfk st & mount auburn st
1967,rockingham st Site,rockingham st
1968,"2200 massachusetts ave Site","2200 massachusetts ave"
1969,"600 mount auburn st Site","600 mount auburn st"
1970,Intersection of sennott park & broadway,sennott park & broadway
1971,Intersection of columbia st & worcester st,columbia st & worcester st
1972,"1500 massachusetts ave Site","1500 massachusetts ave"
1973,Intersection of church st & massachusetts ave,church st & massachusetts ave
1974,"100 highland st Site","100 highland st"
1975,Intersection of kelly rd & kelly rd,kelly rd & kelly rd
1976,temple st Site,temple st
1977,Intersection of blake st & massachusetts ave,blake st & massachusetts ave
1978,Intersection of landsdowne st & massachusetts ave,landsdowne st & massachusetts ave
1979,Intersection of quincy st & harvard yard,quincy st & harvard yard
1980,western ave Site,western ave
1981,"400 western ave Site","400 western ave"
1982,Intersection of martin st & avon st,martin st & avon st
1983,Intersection of harvard st & pine st,harvard st & pine st
1984,Intersection of blanche st & massachusetts ave,blanche st & massachusetts ave
1985,concord ln Site,concord ln
1986,Intersection of warren st & warren st,warren st & warren st
1987,norfolk st Site,norfolk st
1988,Intersection of hudson st & wright st,hudson st & wright st
1989,Intersection of massachusetts ave & russell st,massachusetts ave & russell st
1990,columbia ter Site,columbia ter
1991,"700 massachusetts ave Site","700 massachusetts ave"
1992,"2300 massachusetts ave Site","2300 massachusetts ave"
1993,Intersection of roseland st & massachusetts ave,roseland st & massachusetts ave
1994,Intersection of massachusetts ave & porter rd,massachusetts ave & porter rd
1995,gray gardens east Site,gray gardens east
1996,"300 elm st Site","300 elm st"
1997,white st Site,white st
1998,Intersection of linnaean st & massachusetts ave,linnaean st & massachusetts ave
1999,Intersection of cambridge st & elm st,cambridge st & elm st
2000,linsky way Site,linsky way
2001,Intersection of bishop allen dr & third st,bishop allen dr & third st
2002,Intersection of first st & thorndike st,first st & thorndike st
2003,Intersection of massachusetts ave & walden st,massachusetts ave & walden st
2004,"1600 massachusetts ave Site","1600 massachusetts ave"
2005,"100 pearl st Site","100 pearl st"
2006,"1800 massachusetts ave Site","1800 massachusetts ave"
2007,"200 concord tpke Site","200 concord tpke"
2008,fuller pl Site,fuller pl
2009,Intersection of magazine st & lawrence st,magazine st & lawrence st
2010,Intersection of thorndike st & third st,thorndike st & third st
2011,Intersection of hamilton st & magazine st,hamilton st & magazine st
2012,Intersection of spring st & third st,spring st & third st
2013,Intersection of bow st & mount auburn st,bow st & mount auburn st
2014,Intersection of amory st & broadway,amory st & broadway
2015,shady hill sq Site,shady hill sq
2016,Intersection of shepard st & rutland st,shepard st & rutland st
2017,Intersection of osborn st & albany st,osborn st & albany st
2018,"100 jackson pl Site","100 jackson pl"
2019,Intersection of belmont st & cushing st,belmont st & cushing st
2020,Intersection of cambridge st & lambert st,cambridge st & lambert st
2021,Intersection of first st & cambridge st,first st & cambridge st
2022,Intersection of emily st & brookline st,emily st & brookline st
2023,Intersection of howard st & kinnaird st,howard st & kinnaird st
2024,"100 massachusetts ave Site","100 massachusetts ave"
2025,Intersection of columbia st & harrington ter,columbia st & harrington ter
2026,Intersection of tremont st & cambridge st,tremont st & cambridge st
2027,Intersection of highland ave & broadway,highland ave & broadway
2028,Intersection of brattle st & mount auburn st,brattle st & mount auburn st
2029,Intersection of rufo rd & monsignor obrien hwy,rufo rd & monsignor obrien hwy
2030,Intersection of monsignor obrien hwy & sciarappa st,monsignor obrien hwy & sciarappa st
2031,ames st Site,ames st
2032,Intersection of river st & fairmont st,river st & fairmont st
2033,Intersection of dunster st & dunster st,dunster st & dunster st
2034,"100 third st Site","100 third st"
2035,Intersection of magazine st & perry st,magazine st & perry st
2036,Intersection of maple ave & marie ave,maple ave & marie ave
2037,Intersection of ellsworth ave & cambridge st,ellsworth ave & cambridge st
2038,Intersection of oxford st & everett st,oxford st & everett st
2039,Intersection of magee st & putnam ave,magee st & putnam ave
2040,Intersection of gerry st & ross st,gerry st & ross st
2041,Intersection of putnam ave & magee st,putnam ave & magee st
2042,mildred hamilton pl Site,mildred hamilton pl
2043,gray st Site,gray st
2044,flagg st Site,flagg st
2045,Intersection of essex st & massachusetts ave,essex st & massachusetts ave
2046,harvard yard Site,harvard yard
2047,Intersection of massachusetts ave & landsdowne st,massachusetts ave & landsdowne st
2048,Intersection of manassas ave & manassas ave,manassas ave & manassas ave
2049,Intersection of forest st & oxford st,forest st & oxford st
2050,Intersection of huron ave & lexington ave,huron ave & lexington ave
2051,dudley st Site,dudley st
2052,"2400 massachusetts ave Site","2400 massachusetts ave"
2053,larch rd Site,larch rd
2054,Intersection of massachusetts ave & temple st,massachusetts ave & temple st
2055,Intersection of second st & bent st,second st & bent st
2056,central sq Site,central sq
2057,jefferson park Site,jefferson park
2058,"100 technology sq Site","100 technology sq"
2059,Intersection of kirkland pl & kirkland st,kirkland pl & kirkland st
2060,"1800 massachusetts ave Site","1800 massachusetts ave"
2061,Intersection of massachusetts ave & plympton st,massachusetts ave & plympton st
2062,"100 shepard st Site","100 shepard st"
2063,Intersection of garfield st & massachusetts ave,garfield st & massachusetts ave
2064,"100 windsor st Site","100 windsor st"
2065,Intersection of carlisle st & tremont st,carlisle st & tremont st
2066,Intersection of albany st & pacific st,albany st & pacific st
2067,"1700 massachusetts ave Site","1700 massachusetts ave"
2068,meadow way Site,meadow way
2069,Intersection of harvard st & bigelow st,harvard st & bigelow st
2070,"1000 massachusetts ave Site","1000 massachusetts ave"
2071,Intersection of ashton pl & ashton pl,ashton pl & ashton pl
2072,"100 gold star rd Site","100 gold star rd"
2073,camp st Site,camp st
2074,Intersection of eliot st & mount auburn st,eliot st & mount auburn st
2075,"100 jfk st Site","100 jfk st"
2076,Intersection of dewolfe st & mount auburn st,dewolfe st & mount auburn st
2077,Intersection of dewolfe st & bow st,dewolfe st & bow st
2078,Intersection of quincy st & oxford st,quincy st & oxford st
2079,Intersection of hancock st & massachusetts ave,hancock st & massachusetts ave
2080,royal ave Site,royal ave
2081,Intersection of massachusetts ave & vassar st,massachusetts ave & vassar st
2082,Intersection of manassas ave & huron ave,manassas ave & huron ave
2083,"100 inman st Site","100 inman st"
2084,Intersection of main st & kendall sq mbta stat,main st & kendall sq mbta stat
2085,brattle cir Site,brattle cir
2086,"300 fresh pond pky Site","300 fresh pond pky"
2087,Intersection of plymouth st & webster ave,plymouth st & webster ave
2088,Intersection of garfield st & massachusetts ave,garfield st & massachusetts ave
2089,Intersection of webster ave & lincoln st,webster ave & lincoln st
2090,pemberton ter Site,pemberton ter
2091,Intersection of museum way & north point blvd,museum way & north point blvd
2092,Intersection of cross st & landsdowne st,cross st & landsdowne st
2093,Intersection of western ave & hews st,western ave & hews st
2094,green st Site,green st
2095,Intersection of mellen st & oxford st,mellen st & oxford st
2096,york st Site,york st
2097,Intersection of mercer cir & brattle st,mercer cir & brattle st
2098,Intersection of broadway & highland ave,broadway & highland ave
2099,Intersection of centre st & dana st,centre st & dana st
2100,alberta ter Site,alberta ter
2101,"200 concord ave Site","200 concord ave"
2102,"100 sparks st Site","100 sparks st"
2103,Intersection of ware st & broadway,ware st & broadway
2104,mullins ct Site,mullins ct
2105,Intersection of allston st & putnam ave,allston st & putnam ave
2106,Intersection of callender st & magee st,callender st & magee st
2107,porter st Site,porter st
2108,"100 windsor st Site","100 windsor st"
2109,miller ave Site,miller ave
2110,"300 putnam ave Site","300 putnam ave"
2111,Intersection of garden st & garden st,garden st & garden st
2112,Intersection of bow st & massachusetts ave,bow st & massachusetts ave
2113,"200 massachusetts ave Site","200 massachusetts ave"
2114,Intersection of main st & windsor st,main st & windsor st
2115,Intersection of broadway & prospect st,broadway & prospect st
2116,prospect st Site,prospect st
2117,Intersection of somerville ave & white st,somerville ave & white st
2118,kassul park Site,kassul park
2119,"1100 massachusetts ave Site","1100 massachusetts ave"
2120,muller ave Site,muller ave
2121,Intersection of portland st & hampshire st,portland st & hampshire st
2122,Intersection of brattle st & mount auburn st,brattle st & mount auburn st
2123,centre st Site,centre st
2124,"200 pleasant st Site","200 pleasant st"
2125,kirkland st Site,kirkland st
2126,Intersection of brattle st & lexington ave,brattle st & lexington ave
2127,Intersection of shea rd & massachusetts ave,shea rd & massachusetts ave
2128,brattle cir Site,brattle cir
2129,"100 acorn park Site","100 acorn park"
2130,Intersection of linnaean st & agassiz st,linnaean st & agassiz st
2131,tremont st Site,tremont st
2132,Intersection of massachusetts ave & regent st,massachusetts ave & regent st
2133,Intersection of cambridge st & elm st,cambridge st & elm st
2134,monsignor obrien hwy Site,monsignor obrien hwy
2135,Intersection of walden st & sherman st,walden st & sherman st
2136,Intersection of massachusetts ave & newman st,massachusetts ave & newman st
2137,Intersection of massachusetts ave & forest st,massachusetts ave & forest st
2138,Intersection of palermo st & willow st,palermo st & willow st
2139,Intersection of callender st & putnam ave,callender st & putnam ave
2140,Intersection of reardon st & waverly st,reardon st & waverly st
2141,Intersection of galileo galilei way & broadway,galileo galilei way & broadway
2142,Intersection of fayette st & cambridge st,fayette st & cambridge st
2143,"1800 massachusetts ave Site","1800 massachusetts ave"
2144,Intersection of exeter park & massachusetts ave,exeter park & massachusetts ave
2145,Intersection of massachusetts ave & windsor st,massachusetts ave & windsor st
2146,foch st Site,foch st
2147,bellevue ave Site,bellevue ave
2148,"400 mount auburn st Site","400 mount auburn st"
2149,theriault ct Site,theriault ct
2150,Intersection of hillside ave & washington ave,hillside ave & washington ave
2151,"600 massachusetts ave Site","600 massachusetts ave"
2152,Intersection of massachusetts ave & peabody st,massachusetts ave & peabody st
2153,ballord pl Site,ballord pl
2154,hamlin st Site,hamlin st
2155,Intersection of harvard st & quincy st,harvard st & quincy st
2156,broadway ter Site,broadway ter
2157,Intersection of washington st & norfolk st,washington st & norfolk st
2158,"200 norfolk st Site","200 norfolk st"
2159,Intersection of franklin st & pearl st,franklin st & pearl st
2160,"700 main st Site","700 main st"
2161,"100 auburn st Site","100 auburn st"
2162,Intersection of bow st & massachusetts ave,bow st & massachusetts ave
2163,Intersection of state st & windsor st,state st & windsor st
2164,hawthorne park Site,hawthorne park
2165,"500 green st Site","500 green st"
2166,Intersection of western ave & jay st,western ave & jay st
2167,Intersection of kinnaird st & western ave,kinnaird st & western ave
2168,Intersection of cambridgeside pl & first st,cambridgeside pl & first st
2169,Intersection of essex st & mason st,essex st & mason st
2170,"100 magee st Site","100 magee st"
2171,"1700 massachusetts ave Site","1700 massachusetts ave"
2172,west pl Site,west pl
2173,Intersection of putnam ave & peabody ter,putnam ave & peabody ter
2174,eaton st Site,eaton st
2175,fourth street pl Site,fourth street pl
2176,prescott st Site,prescott st
2177,Intersection of massachusetts ave & magazine st,massachusetts ave & magazine st
2178,Intersection of broadway & trowbridge st,broadway & trowbridge st
2179,Intersection of may st & vineyard st,may st & vineyard st
2180,"300 bent st Site","300 bent st"
2181,Intersection of massachusetts ave & norfolk st,massachusetts ave & norfolk st
2182,Intersection of willow st & roosevelt towers,willow st & roosevelt towers
2183,Intersection of douglass st & massachusetts ave,douglass st & massachusetts ave
2184,Intersection of avon st & martin st,avon st & martin st
2185,"600 mount auburn st Site","600 mount auburn st"
2186,Intersection of western ave & kinnaird st,western ave & kinnaird st
2187,kendall sq Site,kendall sq
2188,"100 roseland st Site","100 roseland st"
2189,Intersection of harvard st & davis st,harvard st & davis st
2190,Intersection of clifton st & rindge ave,clifton st & rindge ave
2191,"100 fairmont st Site","100 fairmont st"
2192,Intersection of monsignor obrien hwy & third st,monsignor obrien hwy & third st
2193,"500 columbia st Site","500 columbia st"
2194,"100 rindge ave Site","100 rindge ave"
2195,Intersection of pemberton st & yerxa rd,pemberton st & yerxa rd
2196,Intersection of bolton st & sherman st,bolton st & sherman st
2197,Intersection of farrar st & holden st,farrar st & holden st
2198,Intersection of hamilton st & hamilton st,hamilton st & hamilton st
2199,"100 bennett st Site","100 bennett st"
2200,Intersection of porter sq & massachusetts ave,porter sq & massachusetts ave
2201,Intersection of brattle st & eliot st,brattle st & eliot st
2202,Intersection of mount auburn st & university rd,mount auburn st & university rd
2203,brattle sq Site,brattle sq
2204,reservoir st Site,reservoir st
2205,Intersection of austin park & bishop allen dr,austin park & bishop allen dr
2206,Intersection of alewife brook pky & massachusetts ave,alewife brook pky & massachusetts ave
2207,norfolk ter Site,norfolk ter
2208,Intersection of massachusetts ave & quincy st,massachusetts ave & quincy st
2209,inman st Site,inman st
2210,Intersection of henry st & sidney st,henry st & sidney st
2211,gilmore st Site,gilmore st
2212,Intersection of brattle st & ash st,brattle st & ash st
2213,Intersection of roosevelt towers & roosevelt towers,roosevelt towers & roosevelt towers
2214,Intersection of roosevelt towers & roosevelt towers,roosevelt towers & roosevelt towers
2215,"700 memorial dr Site","700 memorial dr"
2216,Intersection of longfellow park & longfellow park,longfellow park & longfellow park
2217,Intersection of massachusetts ave & pleasant st,massachusetts ave & pleasant st
2218,Intersection of athens st & grant st,athens st & grant st
2219,Intersection of holyoke st & holyoke st,holyoke st & holyoke st
2220,"1400 massachusetts ave Site","1400 massachusetts ave"
2221,"100 banks st Site","100 banks st"
2222,Intersection of hurley st & hurley st,hurley st & hurley st
2223,Intersection of beech st & orchard st,beech st & orchard st
2224,Intersection of dunster st & massachusetts ave,dunster st & massachusetts ave
2225,regent st Site,regent st
2226,"200 cushing st Site","200 cushing st"
2227,Intersection of massachusetts ave & arlington st,massachusetts ave & arlington st
2228,Intersection of willard st & brattle st,willard st & brattle st
2229,Intersection of broadway & inman st,broadway & inman st
2230,Intersection of washington elms & windsor st,washington elms & windsor st
2231,Intersection of massachusetts ave & hadley st,massachusetts ave & hadley st
2232,Intersection of gerrys landing rd & gerrys landing rd,gerrys landing rd & gerrys landing rd
2233,"900 massachusetts ave Site","900 massachusetts ave"
2234,chetwynd rd Site,chetwynd rd
2235,Intersection of franklin st & brookline pl,franklin st & brookline pl
2236,ash st Site,ash st
2237,Intersection of longfellow park & longfellow park,longfellow park & longfellow park
2238,Intersection of norfolk st & bishop allen dr,norfolk st & bishop allen dr
2239,willard st Site,willard st
2240,Intersection of brookline st & tudor st,brookline st & tudor st
2241,Intersection of broadway & kendall sq mbta stat,broadway & kendall sq mbta stat
2242,exeter park Site,exeter park
2243,Intersection of cambridge st & columbia st,cambridge st & columbia st
2244,Intersection of seckel st & webster ave,seckel st & webster ave
2245,Intersection of gold star rd & gold star rd,gold star rd & gold star rd
2246,Intersection of inman st & massachusetts ave,inman st & massachusetts ave
2247,Intersection of cambridgepark dr & cambridgepark dr,cambridgepark dr & cambridgepark dr
2248,"700 mount auburn st Site","700 mount auburn st"
2249,Intersection of garden st & robinson st,garden st & robinson st
2250,"1000 memorial dr Site","1000 memorial dr"
2251,Intersection of farrar st & holden green,farrar st & holden green
2252,Intersection of cherry st & cherry st,cherry st & cherry st
2253,dunster st Site,dunster st
2254,Intersection of brookline st & henry st,brookline st & henry st
2255,Intersection of hutchinson st & walden st,hutchinson st & walden st
2256,Intersection of massachusetts ave & western ave,massachusetts ave & western ave
2257,chestnut st Site,chestnut st
2258,frances pl Site,frances pl
2259,Intersection of columbia st & columbia ter,columbia st & columbia ter
2260,Intersection of irving st & scott st,irving st & scott st
2261,Intersection of amory st & prospect st,amory st & prospect st
2262,Intersection of chauncy st & massachusetts ave,chauncy st & massachusetts ave
2263,pleasant st Site,pleasant st
2264,"100 massachusetts ave Site","100 massachusetts ave"
2265,cherry st Site,cherry st
2266,jfk st Site,jfk st
2267,Intersection of hoyt field & gilmore st,hoyt field & gilmore st
2268,Intersection of cambridge st & webster ave,cambridge st & webster ave
2269,Intersection of brattle st & hawthorne st,brattle st & hawthorne st
2270,mount pleasant st Site,mount pleasant st
2271,Intersection of huron ave & tierney st,huron ave & tierney st
2272,Intersection of fulkerson st & bent st,fulkerson st & bent st
2273,Intersection of lambert st & lambert st,lambert st & lambert st
2274,james st Site,james st
2275,garden ct Site,garden ct
2276,eustis st Site,eustis st
2277,"100 norris st Site","100 norris st"
2278,Intersection of bigelow st & massachusetts ave,bigelow st & massachusetts ave
2279,Intersection of hollis st & massachusetts ave,hollis st & massachusetts ave
2280,Intersection of kirkland st & quincy st,kirkland st & quincy st
2281,Intersection of cambridge st & sumner rd,cambridge st & sumner rd
2282,Intersection of robinson st & raymond st,robinson st & raymond st
2283,Intersection of broadway & galileo galilei way,broadway & galileo galilei way
2284,Intersection of hamilton st & brookline st,hamilton st & brookline st
2285,washburn ter Site,washburn ter
2286,Intersection of bent st & second st,bent st & second st
2287,Intersection of canal park & canal park,canal park & canal park
2288,Intersection of concord ave & walden st,concord ave & walden st
2289,"100 bent st Site","100 bent st"
2290,Intersection of huron ave & glacken field,huron ave & glacken field
2291,"100 fresh pond ln Site","100 fresh pond ln"
2292,drummond pl Site,drummond pl
2293,Intersection of vassar st & vassar st,vassar st & vassar st
2294,brewster st Site,brewster st
2295,"100 wendell st Site","100 wendell st"
2296,Intersection of franklin st & pleasant st,franklin st & pleasant st
2297,Intersection of broadway & binney st,broadway & binney st
2298,"2600 massachusetts ave Site","2600 massachusetts ave"
2299,tudor st Site,tudor st
2300,Intersection of sherman st & walden square rd,sherman st & walden square rd
2301,Intersection of mount auburn st & mount auburn st,mount auburn st & mount auburn st
2302,Intersection of mount auburn st & willard st,mount auburn st & willard st
2303,Intersection of linnaean st & garden st,linnaean st & garden st
2304,"100 brattle st Site","100 brattle st"
2305,Intersection of sidney st & allston st,sidney st & allston st
2306,Intersection of cambridge st & hunting st,cambridge st & hunting st
2307,Intersection of cambridge st & hunting st,cambridge st & hunting st
2308,Intersection of blake st & massachusetts ave,blake st & massachusetts ave
2309,longfellow park Site,longfellow park
2310,"700 massachusetts ave Site","700 massachusetts ave"
2311,Intersection of mount auburn st & willard st,mount auburn st & willard st
2312,Intersection of putnam ave & waverly st,putnam ave & waverly st
2313,Intersection of massachusetts ave & inman st,massachusetts ave & inman st
2314,Intersection of jefferson st & marion st,jefferson st & marion st
2315,greenough blvd Site,greenough blvd
2316,Intersection of massachusetts ave & state st,massachusetts ave & state st
2317,Intersection of newtowne ct & newtowne ct,newtowne ct & newtowne ct
2318,Intersection of harvard st & clinton st,harvard st & clinton st
2319,"100 irving st Site","100 irving st"
2320,aberdeen ct Site,aberdeen ct
2321,Intersection of blackstone st & river st,blackstone st & river st
2322,Intersection of buckingham st & craigie st,buckingham st & craigie st
2323,Intersection of fresh pond ln & fresh pond ln,fresh pond ln & fresh pond ln
2324,Intersection of woodrow wilson ct & magazine st,woodrow wilson ct & magazine st
2325,Intersection of dunster st & mount auburn st,dunster st & mount auburn st
2326,Intersection of kelly rd & magazine st,kelly rd & magazine st
2327,Intersection of putnam ave & surrey st,putnam ave & surrey st
2328,Intersection of brattle st & fresh pond pky,brattle st & fresh pond pky
2329,Intersection of massachusetts ave & davenport st,massachusetts ave & davenport st
2330,Intersection of bay st & massachusetts ave,bay st & massachusetts ave
2331,copley st Site,copley st
2332,mount vernon st Site,mount vernon st
2333,Intersection of massachusetts ave & smart st,massachusetts ave & smart st
2334,Intersection of main st & ames st,main st & ames st
2335,Intersection of lawn st & may st,lawn st & may st
2336,lawn st Site,lawn st
2337,Intersection of norumbega st & norumbega st,norumbega st & norumbega st
2338,cushing st Site,cushing st
2339,holly ave Site,holly ave
2340,"300 prospect st Site","300 prospect st"
2341,cambridgepark dr Site,cambridgepark dr
2342,glenwood ave Site,glenwood ave
2343,Intersection of flagg st & memorial dr,flagg st & memorial dr
2344,Intersection of holden st & scott st,holden st & scott st
2345,Intersection of kirkland st & irving st,kirkland st & irving st
2346,Intersection of bryant st & scott st,bryant st & scott st
2347,Intersection of brookline pl & pacific st,brookline pl & pacific st
2348,Intersection of standish st & huron ave,standish st & huron ave
2349,Intersection of mount auburn st & brattle st,mount auburn st & brattle st
2350,"200 broadway Site","200 broadway"
2351,"100 harvey st Site","100 harvey st"
2352,"400 green st Site","400 green st"
2353,Intersection of brattle st & farwell pl,brattle st & farwell pl
2354,"700 huron ave Site","700 huron ave"
2355,Intersection of brattle st & harvard sq,brattle st & harvard sq
2356,Intersection of alewife brook pky & rindge ave,alewife brook pky & rindge ave
2357,Intersection of arlington st & massachusetts ave,arlington st & massachusetts ave
2358,"200 chilton st Site","200 chilton st"
2359,water st Site,water st
2360,"500 mount auburn st Site","500 mount auburn st"
2361,Intersection of hampshire st & cambridge st,hampshire st & cambridge st
2362,"100 porter rd Site","100 porter rd"
2363,"500 concord ave Site","500 concord ave"
2364,Intersection of bristol st & hampshire st,bristol st & hampshire st
2365,Intersection of massachusetts ave & sacramento st,massachusetts ave & sacramento st
2366,avon st Site,avon st
2367,Intersection of marcella st & marcella st,marcella st & marcella st
2368,callender st Site,callender st
2369,Intersection of field st & corporal burns rd,field st & corporal burns rd
2370,"100 fairfield st Site","100 fairfield st"
2371,Intersection of craigie st & craigie st,craigie st & craigie st
2372,roseland st Site,roseland st
2373,Intersection of massachusetts ave & lancaster st,massachusetts ave & lancaster st
2374,putnam ave Site,putnam ave
2375,Intersection of reardon st & fort washington park,reardon st & fort washington park
2376,tenney st Site,tenney st
2377,Intersection of pine st & pine st,pine st & pine st
2378,putnam gdns Site,putnam gdns
2379,Intersection of longfellow park & mount auburn st,longfellow park & mount auburn st
2380,Intersection of boardman st & boardman st,boardman st & boardman st
2381,Intersection of columbia st & harvard st,columbia st & harvard st
2382,Intersection of berkshire st & york pl,berkshire st & york pl
2383,Intersection of columbia st & bishop allen dr,columbia st & bishop allen dr
2384,Intersection of cambridge st & line st,cambridge st & line st
2385,"400 cambridge st Site","400 cambridge st"
2386,mooney st Site,mooney st
2387,sibley ct Site,sibley ct
2388,Intersection of mount auburn st & ash st,mount auburn st & ash st
2389,Intersection of broadway & elm st,broadway & elm st
2390,wright st Site,wright st
2391,Intersection of hews st & callender st,hews st & callender st
2392,"300 putnam ave Site","300 putnam ave"
2393,Intersection of otis st & thorndike pl,otis st & thorndike pl
2394,Intersection of jackson pl & rindge ave,jackson pl & rindge ave
2395,Intersection of pearl st & auburn st,pearl st & auburn st
2396,Intersection of follen st & garden st,follen st & garden st
2397,"100 binney st Site","100 binney st"
2398,Intersection of binney st & second st,binney st & second st
2399,palmer st Site,palmer st
2400,Intersection of brattle st & eliot st,brattle st & eliot st
2401,"200 albany st Site","200 albany st"
2402,Intersection of richdale ave & upland rd,richdale ave & upland rd
2403,Intersection of webster ave & webster ave,webster ave & webster ave
2404,"1600 massachusetts ave Site","1600 massachusetts ave"
2405,Intersection of broadway & ellery st,broadway & ellery st
2406,"100 irving st Site","100 irving st"
2407,Intersection of first st & spring st,first st & spring st
2408,Intersection of second st & second st,second st & second st
2409,Intersection of jfk st & memorial dr,jfk st & memorial dr
2410,Intersection of green st & putnam ave,green st & putnam ave
2411,Intersection of ware st & harvard st,ware st & harvard st
2412,Intersection of bent st & cambridge st,bent st & cambridge st
2413,"200 sixth st Site","200 sixth st"
2414,Intersection of hawthorne st & mount auburn st,hawthorne st & mount auburn st
2415,Intersection of mount auburn st & longfellow park,mount auburn st & longfellow park
2416,oxford st Site,oxford st
2417,high st Site,high st
2418,chilton st Site,chilton st
2419,Intersection of hampshire st & cambridge st,hampshire st & cambridge st
2420,malcolm rd Site,malcolm rd
2421,Intersection of market st & windsor st,market st & windsor st
2422,Intersection of columbia st & hampshire st,columbia st & hampshire st
2423,Intersection of pleasant st & chestnut st,pleasant st & chestnut st
2424,Intersection of massachusetts ave & sellers st,massachusetts ave & sellers st
2425,Intersection of raymond st & garden st,raymond st & garden st
2426,"100 jackson cir Site","100 jackson cir"
2427,"200 second st Site","200 second st"
2428,lambert st Site,lambert st
2429,fair oaks st Site,fair oaks st
2430,tyler ct Site,tyler ct
2431,Intersection of norfolk st & hampshire st,norfolk st & hampshire st
2432,"100 cambridge pky Site","100 cambridge pky"
2433,"100 murray hill rd Site","100 murray hill rd"
2434,Intersection of massachusetts ave & harvard bridge,massachusetts ave & harvard bridge
2435,fayette park Site,fayette park
2436,Intersection of linden st & massachusetts ave,linden st & massachusetts ave
2437,Intersection of dewolfe st & grant st,dewolfe st & grant st
2438,Intersection of somerville ave & white st,somerville ave & white st
2439,Intersection of porter sq mbta stat & porter sq,porter sq mbta stat & porter sq
2440,Intersection of alewife brook pky & massachusetts ave,alewife brook pky & massachusetts ave
2441,"100 bishop allen dr Site","100 bishop allen dr"
2442,Intersection of auburn st & magazine st,auburn st & magazine st
2443,Intersection of murray hill rd & alewife brook pky,murray hill rd & alewife brook pky
2444,Intersection of green st & green st,green st & green st
2445,Intersection of massachusetts ave & stone ct,massachusetts ave & stone ct
2446,Intersection of broadway & fayette st,broadway & fayette st
2447,Intersection of inman st & hampshire st,inman st & hampshire st
2448,"700 huron ave Site","700 huron ave"
2449,van norden st Site,van norden st
2450,Intersection of brattle st & hawthorne st,brattle st & hawthorne st
2451,shepard st Site,shepard st
2452,hawthorne st Site,hawthorne st
2453,Intersection of berkshire st & marcella st,berkshire st & marcella st
2454,Intersection of quincy st & harvard sq,quincy st & harvard sq
2455,Intersection of bishop allen dr & school st,bishop allen dr & school st
2456,garden st Site,garden st
2457,king pl Site,king pl
2458,Intersection of winthrop st & jfk st,winthrop st & jfk st
2459,"1200 cambridge st Site","1200 cambridge st"
2460,wilson ave Site,wilson ave
2461,Intersection of massachusetts ave & garfield st,massachusetts ave & garfield st
2462,Intersection of cambridge st & cambridge st,cambridge st & cambridge st
2463,charles park Site,charles park
2464,Intersection of cypress st & walden st,cypress st & walden st
2465,harvard sq Site,harvard sq
2466,allen st Site,allen st
2467,Intersection of putnam sq & putnam sq,putnam sq & putnam sq
2468,"100 davenport st Site","100 davenport st"
2469,"100 seventh st Site","100 seventh st"
2470,Intersection of kendall st & third st,kendall st & third st
2471,coolidge hill rd Site,coolidge hill rd
2472,whittemore ave Site,whittemore ave
2473,Intersection of eliot st & winthrop st,eliot st & winthrop st
2474,Intersection of norfolk st & worcester st,norfolk st & worcester st
2475,Intersection of magazine st & upton st,magazine st & upton st
2476,Intersection of norfolk st & broadway,norfolk st & broadway
2477,Intersection of franklin st & franklin st,franklin st & franklin st
2478,Intersection of garden st & appian way,garden st & appian way
2479,sunset rd Site,sunset rd
2480,gray gardens west Site,gray gardens west
2481,Intersection of fairmont ave & fairmont ave,fairmont ave & fairmont ave
2482,Intersection of carver st & museum st,carver st & museum st
2483,"200 concord ave Site","200 concord ave"
2484,Intersection of massachusetts ave & walden st,massachusetts ave & walden st
2485,"1900 massachusetts ave Site","1900 massachusetts ave"
2486,Intersection of huron ave & upland rd,huron ave & upland rd
2487,Intersection of garden st & ivy st,garden st & ivy st
2488,Intersection of broadway & lee st,broadway & lee st
2489,Intersection of elm st & lincoln st,elm st & lincoln st
2490,Intersection of rindge ave & yerxa rd,rindge ave & yerxa rd
2491,Intersection of field st & garden st,field st & garden st
2492,"200 vassar st Site","200 vassar st"
2493,spinelli pl Site,spinelli pl
2494,Intersection of pemberton st & sherman st,pemberton st & sherman st
2495,Intersection of second st & rogers st,second st & rogers st
2496,clifton st Site,clifton st
2497,Intersection of concord ave & buckingham pl,concord ave & buckingham pl
2498,"500 massachusetts ave Site","500 massachusetts ave"
2499,carver st Site,carver st
2500,Intersection of callender st & hews st,callender st & hews st
2501,craigie st Site,craigie st
2502,Intersection of clarendon ave & massachusetts ave,clarendon ave & massachusetts ave
2503,whittemore ave Site,whittemore ave
2504,Intersection of harvard sq mbta stat & harvard sq mbta stat,harvard sq mbta stat & harvard sq mbta stat
2505,Intersection of tremont st & tremont st,tremont st & tremont st
2506,Intersection of upland rd & buena vista park,upland rd & buena vista park
2507,Intersection of gladstone st & massachusetts ave,gladstone st & massachusetts ave
2508,"100 main st Site","100 main st"
2509,"1700 linnaean st Site","1700 linnaean st"
2510,Intersection of massachusetts ave & waterhouse st,massachusetts ave & waterhouse st
2511,Intersection of cambridge st & first st,cambridge st & first st
2512,Intersection of second st & cambridge st,second st & cambridge st
2513,Intersection of thorndike st & second st,thorndike st & second st
2514,Intersection of watson st & pearl st,watson st & pearl st
2515,Intersection of massachusetts ave & russell st,massachusetts ave & russell st
2516,Intersection of broadway & dana st,broadway & dana st
2517,Intersection of cardinal medeiros ave & cambridge st,cardinal medeiros ave & cambridge st
2518,Intersection of cherry st & washington st,cherry st & washington st
2519,"100 waverly st Site","100 waverly st"
2520,Intersection of landsdowne st & massachusetts ave,landsdowne st & massachusetts ave
2521,Intersection of brookline st & massachusetts ave,brookline st & massachusetts ave
2522,Intersection of walden st & concord ave,walden st & concord ave
2523,Intersection of ellery st & ellery st,ellery st & ellery st
2524,Intersection of concord ave & parker st,concord ave & parker st
2525,Intersection of lee st & massachusetts ave,lee st & massachusetts ave
2526,"100 larchwood dr Site","100 larchwood dr"
2527,Intersection of buckingham st & craigie st,buckingham st & craigie st
2528,irving st Site,irving st
2529,buckingham pl Site,buckingham pl
2530,Intersection of main st & cherry st,main st & cherry st
2531,Intersection of salem st & watson st,salem st & watson st
2532,Intersection of holyoke st & massachusetts ave,holyoke st & massachusetts ave
2533,Intersection of first st & bent st,first st & bent st
2534,"100 granville rd Site","100 granville rd"
2535,Intersection of fresh pond pl & huron ave,fresh pond pl & huron ave
2536,Intersection of norfolk st & norfolk st,norfolk st & norfolk st
2537,Intersection of holworthy st & locust st,holworthy st & locust st
2538,Intersection of vassar st & memorial dr,vassar st & memorial dr
2539,Intersection of appleton st & brattle st,appleton st & brattle st
2540,Intersection of massachusetts ave & rice st,massachusetts ave & rice st
2541,"200 western ave Site","200 western ave"
2542,sellers st Site,sellers st
2543,Intersection of davis st & harvard st,davis st & harvard st
2544,Intersection of eliot st & brattle sq,eliot st & brattle sq
2545,Intersection of massachusetts ave & somerville ave,massachusetts ave & somerville ave
2546,cambridgepark dr Site,cambridgepark dr
2547,main st Site,main st
2548,Intersection of cambridgepark dr & cambridgepark dr,cambridgepark dr & cambridgepark dr
2549,porter cir Site,porter cir
2550,"100 mount auburn pl Site","100 mount auburn pl"
2551,Intersection of holworthy st & mount auburn st,holworthy st & mount auburn st
2552,Intersection of cameron ave & massachusetts ave,cameron ave & massachusetts ave
2553,Intersection of cambridge st & highland ave,cambridge st & highland ave
2554,Intersection of coolidge ave & mount auburn st,coolidge ave & mount auburn st
2555,Intersection of berkshire st & marney st,berkshire st & marney st
2556,Intersection of garden st & massachusetts ave,garden st & massachusetts ave
2557,thorndike st Site,thorndike st
2558,"400 concord ave Site","400 concord ave"
2559,Intersection of kendall sq & kendall sq,kendall sq & kendall sq
2560,industrial park rd Site,industrial park rd
2561,Intersection of gardner rd & prospect st,gardner rd & prospect st
2562,Intersection of whittemore ave & magoun st,whittemore ave & magoun st
2563,"100 hampshire st Site","100 hampshire st"
2564,Intersection of vassar st & massachusetts ave,vassar st & massachusetts ave
2565,maynard pl Site,maynard pl
2566,Intersection of concord ave & donnell st,concord ave & donnell st
2567,Intersection of charles st & fifth st,charles st & fifth st
2568,Intersection of massachusetts ave & blanche st,massachusetts ave & blanche st
2569,Intersection of evereteze way & cambridge st,evereteze way & cambridge st
2570,Intersection of boardman pl & boardman pl,boardman pl & boardman pl
2571,"100 massachusetts ave Site","100 massachusetts ave"
2572,Intersection of waterhouse st & follen ct,waterhouse st & follen ct
2573,Intersection of massachusetts ave & regent st,massachusetts ave & regent st
2574,Intersection of broadway & inman st,broadway & inman st
2575,Intersection of canal park & lechmere mbta stat,canal park & lechmere mbta stat
2576,"100 charles st Site","100 charles st"
2577,buena vista park Site,buena vista park
2578,Intersection of binney st & third st,binney st & third st
2579,Intersection of charles st & second st,charles st & second st
2580,loomis st Site,loomis st
2581,wilson rd Site,wilson rd
2582,Intersection of clay st & harvey st,clay st & harvey st
2583,Intersection of hampshire st & columbia st,hampshire st & columbia st
2584,Intersection of massachusetts ave & memorial dr,massachusetts ave & memorial dr
2585,sidney st Site,sidney st
2586,Intersection of jay st & river st,jay st & river st
2587,Intersection of putnam gdns & putnam gdns,putnam gdns & putnam gdns
2588,Intersection of kinnaird st & western ave,kinnaird st & western ave
2589,Intersection of massachusetts ave & upland rd,massachusetts ave & upland rd
2590,Intersection of everett st & massachusetts ave,everett st & massachusetts ave
2591,alewife ctr Site,alewife ctr
2592,Intersection of charles st & charles st,charles st & charles st
2593,"200 second st Site","200 second st"
2594,Intersection of garden st & cambridge common,garden st & cambridge common
2595,Intersection of ellsworth ave & cambridge st,ellsworth ave & cambridge st
2596,Intersection of bishop allen dr & central sq,bishop allen dr & central sq
2597,"100 albany st Site","100 albany st"
2598,Intersection of winthrop st & eliot st,winthrop st & eliot st
2599,Intersection of front st & massachusetts ave,front st & massachusetts ave
2600,Intersection of fairmont st & magazine st,fairmont st & magazine st
2601,Intersection of norfolk st & cambridge st,norfolk st & cambridge st
2602,"100 bellis cir Site","100 bellis cir"
2603,"700 memorial dr Site","700 memorial dr"
2604,Intersection of ash st & mount auburn st,ash st & mount auburn st
2605,Intersection of alewife brook pky & rindge ave,alewife brook pky & rindge ave
2606,Intersection of otis st & sciarappa st,otis st & sciarappa st
2607,Intersection of dunster st & mount auburn st,dunster st & mount auburn st
2608,"100 winthrop st Site","100 winthrop st"
2609,athens ter Site,athens ter
2610,"200 allston st Site","200 allston st"
2611,Intersection of massachusetts ave & brattle st,massachusetts ave & brattle st
2612,Intersection of massachusetts ave & blanche st,massachusetts ave & blanche st
2613,Intersection of blanche st & green st,blanche st & green st
2614,Intersection of callender st & dodge st,callender st & dodge st
2615,Intersection of dudley st & dudley st,dudley st & dudley st
2616,Intersection of oxford st & oxford st,oxford st & oxford st
2617,Intersection of garden st & peabody st,garden st & peabody st
2618,jfk park Site,jfk park
2619,"300 prospect st Site","300 prospect st"
2620,Intersection of longfellow bridge & longfellow bridge,longfellow bridge & longfellow bridge
2621,Intersection of market st & windsor st,market st & windsor st
2622,Intersection of phillips pl & st johns rd,phillips pl & st johns rd
2623,Intersection of concord ave & craigie st,concord ave & craigie st
2624,Intersection of western ave & dodge st,western ave & dodge st
2625,parker st Site,parker st
2626,foster st Site,foster st
2627,Intersection of macarelli way & cambridge st,macarelli way & cambridge st
2628,Intersection of harvard sq & brattle st,harvard sq & brattle st
2629,milton st Site,milton st
2630,Intersection of massachusetts ave & everett st,massachusetts ave & everett st
2631,spruce ave Site,spruce ave
2632,"100 sidney st Site","100 sidney st"
2633,Intersection of hampshire st & kendall sq,hampshire st & kendall sq
2634,eliot cir Site,eliot cir
2635,"100 mount auburn pl Site","100 mount auburn pl"
2636,Intersection of otis st & third st,otis st & third st
2637,Intersection of pearl st & william st,pearl st & william st
2638,Intersection of hammond st & hammond st,hammond st & hammond st
2639,glenwood ave Site,glenwood ave
2640,follen st Site,follen st
2641,Intersection of craigie st & sparks st,craigie st & sparks st
2642,Intersection of alewife brook pky & matignon rd,alewife brook pky & matignon rd
2643,Intersection of hampshire st & elm st,hampshire st & elm st
2644,"300 harvard st Site","300 harvard st"
2645,Intersection of seagrave rd & whittemore ave,seagrave rd & whittemore ave
2646,Intersection of cedar st & massachusetts ave,cedar st & massachusetts ave
2647,Intersection of brattle sq & harvard sq,brattle sq & harvard sq
2648,"100 cambridgeside pl Site","100 cambridgeside pl"
2649,bow st Site,bow st
2650,clifton st Site,clifton st
2651,hancock pl Site,hancock pl
2652,ashton pl Site,ashton pl
2653,Intersection of brattle st & hilliard st,brattle st & hilliard st
2654,"100 richdale ave Site","100 richdale ave"
2655,Intersection of middlesex st & pemberton st,middlesex st & pemberton st
2656,"100 regent st Site","100 regent st"
2657,"100 lee st Site","100 lee st"
2658,Intersection of columbia st & washington st,columbia st & washington st
2659,Intersection of massachusetts ave & wendell st,massachusetts ave & wendell st
2660,Intersection of green st & pearl st,green st & pearl st
2661,Intersection of berkshire pl & cardinal medeiros ave,berkshire pl & cardinal medeiros ave
2662,"100 haskell st Site","100 haskell st"
2663,Intersection of massachusetts ave & prentiss st,massachusetts ave & prentiss st
2664,Intersection of brookline pl & pilgrim st,brookline pl & pilgrim st
2665,Intersection of cambridge st & oakland st,cambridge st & oakland st
2666,Intersection of foster st & lowell st,foster st & lowell st
2667,"200 appleton st Site","200 appleton st"
2668,Intersection of cambridge st & highland ave,cambridge st & highland ave
2669,Intersection of exeter park & exeter park,exeter park & exeter park
2670,"100 ames st Site","100 ames st"
2671,Intersection of kendall sq & kendall sq mbta stat,kendall sq & kendall sq mbta stat
2672,Intersection of mount auburn st & aberdeen ave,mount auburn st & aberdeen ave
2673,mclean pl Site,mclean pl
2674,Intersection of magnolia ave & line st,magnolia ave & line st
2675,Intersection of fairmont st & river st,fairmont st & river st
2676,"1300 massachusetts ave Site","1300 massachusetts ave"
2677,Intersection of broadway & broadway,broadway & broadway
2678,Intersection of pemberton st & middlesex st,pemberton st & middlesex st
2679,Intersection of fern st & field st,fern st & field st
2680,Intersection of agassiz st & lancaster st,agassiz st & lancaster st
2681,Intersection of brattle st & fayerweather st,brattle st & fayerweather st
2682,Intersection of jfk st & eliot st,jfk st & eliot st
2683,Intersection of bristol st & crossland st,bristol st & crossland st
2684,land blvd Site,land blvd
2685,Intersection of massachusetts ave & washburn ave,massachusetts ave & washburn ave
2686,"100 jfk st Site","100 jfk st"
2687,Intersection of hamilton st & pearl st,hamilton st & pearl st
2688,Intersection of holyoke st & mount auburn st,holyoke st & mount auburn st
2689,Intersection of bishop allen dr & school st,bishop allen dr & school st
2690,Intersection of river st & auburn st,river st & auburn st
2691,Intersection of evereteze way & evereteze way,evereteze way & evereteze way
2692,Intersection of technology sq & portland st,technology sq & portland st
2693,Intersection of massachusetts ave & rindge ave,massachusetts ave & rindge ave
2694,"200 alewife brook pky Site","200 alewife brook pky"
2695,Intersection of kelly rd & pleasant st,kelly rd & pleasant st
2696,Intersection of main st & galileo galilei way,main st & galileo galilei way
2697,Intersection of centre st & hancock st,centre st & hancock st
2698,"300 river st Site","300 river st"
2699,"300 charles st Site","300 charles st"
2700,Intersection of eustis st & harris st,eustis st & harris st
2701,broadway Site,broadway
2702,Intersection of antrim st & broadway,antrim st & broadway
2703,highland park Site,highland park
2704,"1000 cambridge st Site","1000 cambridge st"
2705,Intersection of wendell st & oxford ave,wendell st & oxford ave
2706,Intersection of hancock st & hancock st,hancock st & hancock st
2707,"100 franklin st Site","100 franklin st"
2708,Intersection of middlesex st & rindge ave,middlesex st & rindge ave
2709,Intersection of fresh pond pky & huron ave,fresh pond pky & huron ave
2710,"200 putnam ave Site","200 putnam ave"
2711,Intersection of pine st & school st,pine st & school st
2712,Intersection of kinnaird st & river st,kinnaird st & river st
2713,Intersection of massachusetts ave & meacham rd,massachusetts ave & meacham rd
2714,Intersection of allston st & putnam ave,allston st & putnam ave
2715,"100 rice st Site","100 rice st"
2716,"300 concord ave Site","300 concord ave"
2717,Intersection of kirkland st & myrtle ave,kirkland st & myrtle ave
2718,Intersection of galileo galilei way & vassar st,galileo galilei way & vassar st
2719,"200 main st Site","200 main st"
2720,Intersection of cambridgeside pl & land blvd,cambridgeside pl & land blvd
2721,Intersection of porter sq & porter sq,porter sq & porter sq
2722,ash street pl Site,ash street pl
2723,Intersection of jackson pl & jackson pl,jackson pl & jackson pl
2724,"100 mount pleasant st Site","100 mount pleasant st"
2725,Intersection of otis st & sixth st,otis st & sixth st
2726,Intersection of springfield st & cambridge st,springfield st & cambridge st
2727,field st Site,field st
2728,cambridge ter Site,cambridge ter
2729,Intersection of massachusetts ave & mellen st,massachusetts ave & mellen st
2730,sherman st Site,sherman st
2731,Intersection of callender st & hews st,callender st & hews st
2732,magee st Site,magee st
2733,Intersection of eaton st & pine st,eaton st & pine st
2734,henry st Site,henry st
2735,hadley st Site,hadley st
2736,hancock park Site,hancock park
2737,Intersection of jfk st & brattle st,jfk st & brattle st
2738,Intersection of edmunds st & russell field,edmunds st & russell field
2739,main st Site,main st
2740,"100 granite st Site","100 granite st"
2741,Intersection of holyoke pl & harvard sq,holyoke pl & harvard sq
2742,"300 cambridge st Site","300 cambridge st"
2743,"500 massachusetts ave Site","500 massachusetts ave"
2744,"200 pearl st Site","200 pearl st"
2745,"100 blanchard rd Site","100 blanchard rd"
2746,Intersection of green st & landsdowne st,green st & landsdowne st
2747,Intersection of cardinal medeiros ave & marcella st,cardinal medeiros ave & marcella st
2748,river st Site,river st
2749,everett st Site,everett st
2750,york pl Site,york pl
2751,Intersection of jfk st & eliot st,jfk st & eliot st
2752,"600 huron ave Site","600 huron ave"
2753,"800 huron ave Site","800 huron ave"
2754,"500 concord ave Site","500 concord ave"
2755,Intersection of brookline st & pilgrim st,brookline st & pilgrim st
2756,temple st Site,temple st
2757,Intersection of scott st & bryant st,scott st & bryant st
2758,Intersection of elm st & hampshire st,elm st & hampshire st
2759,"500 massachusetts ave Site","500 massachusetts ave"
2760,pearl st Site,pearl st
2761,white st Site,white st
2762,brewer st Site,brewer st
2763,"200 windsor st Site","200 windsor st"
2764,"100 hayes st Site","100 hayes st"
2765,Intersection of whittemore ave & whittemore ave,whittemore ave & whittemore ave
2766,Intersection of massachusetts ave & church st,massachusetts ave & church st
2767,Intersection of massachusetts ave & church st,massachusetts ave & church st
2768,Intersection of follen st & waterhouse st,follen st & waterhouse st
2769,winthrop st Site,winthrop st
2770,gibson ter Site,gibson ter
2771,Intersection of technology sq & technology sq,technology sq & technology sq
2772,"200 technology sq Site","200 technology sq"
2773,"300 rindge ave Site","300 rindge ave"
2774,Intersection of massachusetts ave & central sq,massachusetts ave & central sq
2775,Intersection of brattle st & story st,brattle st & story st
2776,Intersection of jarvis st & massachusetts ave,jarvis st & massachusetts ave
2777,Intersection of st paul st & prospect st,st paul st & prospect st
2778,Intersection of binney st & land blvd,binney st & land blvd
2779,"600 huron ave Site","600 huron ave"
2780,Intersection of cambridgeside pl & first st,cambridgeside pl & first st
2781,Intersection of cambridge st & tremont st,cambridge st & tremont st
2782,bishop allen dr Site,bishop allen dr
2783,Intersection of porter st & warren st,porter st & warren st
2784,Intersection of inman st & harvard st,inman st & harvard st
2785,Intersection of howard st & river st,howard st & river st
2786,"200 sidney st Site","200 sidney st"
2787,Intersection of mooney st & cambridgepark dr,mooney st & cambridgepark dr
2788,Intersection of reed st & rindge ave,reed st & rindge ave
2789,Intersection of massachusetts ave & trowbridge st,massachusetts ave & trowbridge st
2790,"300 dudley st Site","300 dudley st"
2791,earhart st Site,earhart st
2792,"300 garden st Site","300 garden st"
2793,Intersection of green st & hancock st,green st & hancock st
2794,Intersection of centre st & dana st,centre st & dana st
2795,bellis ct Site,bellis ct
2796,Intersection of chalk st & magazine st,chalk st & magazine st
2797,"100 washington st Site","100 washington st"
2798,Intersection of brookline st & pacific st,brookline st & pacific st
2799,Intersection of massachusetts ave & remington st,massachusetts ave & remington st
2800,Intersection of callender st & hews st,callender st & hews st
2801,Intersection of massachusetts ave & main st,massachusetts ave & main st
2802,marney st Site,marney st
2803,"500 roosevelt towers Site","500 roosevelt towers"
2804,"200 berkshire st Site","200 berkshire st"
2805,Intersection of broadway & maple ave,broadway & maple ave
2806,"100 memorial dr Site","100 memorial dr"
2807,Intersection of peabody st & harvard sq,peabody st & harvard sq
2808,mifflin pl Site,mifflin pl
2809,Intersection of walden square rd & walden square rd,walden square rd & walden square rd
2810,Intersection of temple st & massachusetts ave,temple st & massachusetts ave
2811,Intersection of walden square rd & walden square rd,walden square rd & walden square rd
2812,"400 prospect st Site","400 prospect st"
2813,pearl street pl Site,pearl street pl
2814,granite st Site,granite st
2815,"100 white st Site","100 white st"
2816,Intersection of auburn st & auburn st,auburn st & auburn st
2817,"200 brookline st Site","200 brookline st"
2818,Intersection of fulkerson st & cambridge st,fulkerson st & cambridge st
2819,Intersection of fifth st & thorndike st,fifth st & thorndike st
2820,Intersection of elmwood ave & traill st,elmwood ave & traill st
2821,Intersection of bowdoin st & linnaean st,bowdoin st & linnaean st
2822,Intersection of harvard st & windsor st,harvard st & windsor st
2823,Intersection of montague st & river st,montague st & river st
2824,Intersection of massachusetts ave & sacramento st,massachusetts ave & sacramento st
2825,morrison ct Site,morrison ct
2826,allen st Site,allen st
2827,Intersection of aberdeen ave & mount auburn st,aberdeen ave & mount auburn st
2828,Intersection of massachusetts ave & central sq,massachusetts ave & central sq
2829,Intersection of harvard sq & jfk st,harvard sq & jfk st
2830,arcadia st Site,arcadia st
2831,gore street park Site,gore street park
2832,Intersection of alberta ter & massachusetts ave,alberta ter & massachusetts ave
2833,Intersection of hancock st & hancock st,hancock st & hancock st
2834,"300 washington st Site","300 washington st"
2835,amory st Site,amory st
2836,Intersection of massachusetts ave & prospect st,massachusetts ave & prospect st
2837,Intersection of fainwood cir & fayette st,fainwood cir & fayette st
2838,Intersection of leonard ave & cambridge st,leonard ave & cambridge st
2839,Intersection of harvard st & market st,harvard st & market st
2840,Intersection of hingham st & memorial dr,hingham st & memorial dr
2841,Intersection of blanche st & massachusetts ave,blanche st & massachusetts ave
2842,Intersection of linnaean st & raymond st,linnaean st & raymond st
2843,Intersection of huron ave & sherman st,huron ave & sherman st
2844,main st Site,main st
2845,Intersection of clinton st & clinton st,clinton st & clinton st
2846,Intersection of garden st & stearns st,garden st & stearns st
2847,Intersection of huron ave & royal ave,huron ave & royal ave
2848,Intersection of clinton st & massachusetts ave,clinton st & massachusetts ave
2849,Intersection of massachusetts ave & waterhouse st,massachusetts ave & waterhouse st
2850,Intersection of mount auburn st & winthrop st,mount auburn st & winthrop st
2851,hubbard park rd Site,hubbard park rd
2852,"100 smith pl Site","100 smith pl"
2853,"800 somerville ave Site","800 somerville ave"
2854,Intersection of east st & monsignor obrien hwy,east st & monsignor obrien hwy
2855,"400 kendall st Site","400 kendall st"
2856,Intersection of osborn st & main st,osborn st & main st
2857,kendall sq Site,kendall sq
2858,auburn park Site,auburn park
2859,Intersection of field st & hazel st,field st & hazel st
2860,Intersection of columbia ter & columbia st,columbia ter & columbia st
2861,Intersection of massachusetts ave & clarendon ave,massachusetts ave & clarendon ave
2862,Intersection of palmer st & brattle st,palmer st & brattle st
2863,Intersection of mount auburn st & plympton st,mount auburn st & plympton st
2864,cambridge common Site,cambridge common
2865,"100 walden st Site","100 walden st"
2866,Intersection of antrim st & cambridge st,antrim st & cambridge st
2867,Intersection of broadway & galileo galilei way,broadway & galileo galilei way
2868,Intersection of eliot st & jfk st,eliot st & jfk st
2869,"200 harvard st Site","200 harvard st"
2870,"700 technology sq Site","700 technology sq"
2871,Intersection of cushing st & cushing st,cushing st & cushing st
2872,Intersection of corcoran park & corcoran park,corcoran park & corcoran park
2873,Intersection of mount pleasant st & upland rd,mount pleasant st & upland rd
2874,Intersection of franklin st & landsdowne st,franklin st & landsdowne st
2875,Intersection of education st & north point blvd,education st & north point blvd
2876,kendall sq mbta stat Site,kendall sq mbta stat
2877,walden mews Site,walden mews
2878,"100 essex st Site","100 essex st"
2879,Intersection of norfolk st & washington st,norfolk st & washington st
2880,massachusetts ave Site,massachusetts ave
2881,Intersection of chester st & massachusetts ave,chester st & massachusetts ave
2882,Intersection of high st & park ave,high st & park ave
2883,Intersection of windsor st & harvard st,windsor st & harvard st
2884,"600 massachusetts ave Site","600 massachusetts ave"
2885,Intersection of concord ave & corporal burns rd,concord ave & corporal burns rd
2886,dickinson st Site,dickinson st
2887,waterman rd Site,waterman rd
2888,Intersection of broadway & cambridge st,broadway & cambridge st
2889,"100 jackson st Site","100 jackson st"
2890,goodman rd Site,goodman rd
2891,Intersection of cambridge st & prescott st,cambridge st & prescott st
2892,Intersection of gore st & monsignor obrien hwy,gore st & monsignor obrien hwy
2893,Intersection of arrow st & massachusetts ave,arrow st & massachusetts ave
2894,walker ter Site,walker ter
2895,lopez st Site,lopez st
2896,Intersection of brattle st & jfk st,brattle st & jfk st
2897,Intersection of otis st & sciarappa st,otis st & sciarappa st
2898,brookline st Site,brookline st
2899,harvard sq Site,harvard sq
2900,Intersection of eliot st & winthrop st,eliot st & winthrop st
2901,"100 tremont st Site","100 tremont st"
2902,Intersection of locke st & shea rd,locke st & shea rd
2903,porter sq Site,porter sq
2904,"100 elm st Site","100 elm st"
2905,Intersection of scouting way & harvard st,scouting way & harvard st
2906,Intersection of massachusetts ave & windsor st,massachusetts ave & windsor st
2907,Intersection of church st & massachusetts ave,church st & massachusetts ave
2908,Intersection of linden st & mount auburn st,linden st & mount auburn st
2909,Intersection of brattle st & massachusetts ave,brattle st & massachusetts ave
2910,"100 dana st Site","100 dana st"
2911,Intersection of decatur st & decatur st,decatur st & decatur st
2912,Intersection of kendall sq mbta stat & kendall sq mbta stat,kendall sq mbta stat & kendall sq mbta stat
2913,"200 vassal ln Site","200 vassal ln"
2914,Intersection of porter sq mbta stat & porter sq mbta stat,porter sq mbta stat & porter sq mbta stat
2915,Intersection of farwell pl & farwell pl,farwell pl & farwell pl
2916,"600 mount auburn pl Site","600 mount auburn pl"
2917,Intersection of kimball ln & hollis st,kimball ln & hollis st
2918,Intersection of oxford st & wendell st,oxford st & wendell st
2919,Intersection of harvey st & massachusetts ave,harvey st & massachusetts ave
2920,Intersection of brattle st & riedesel ave,brattle st & riedesel ave
2921,Intersection of church st & church st,church st & church st
2922,Intersection of glenwood ave & magazine st,glenwood ave & magazine st
2923,Intersection of thorndike way & canal park,thorndike way & canal park
2924,Intersection of ash st & brattle st,ash st & brattle st
2925,"1400 massachusetts ave Site","1400 massachusetts ave"
2926,"600 memorial dr Site","600 memorial dr"
2927,Intersection of bishop allen dr & norfolk st,bishop allen dr & norfolk st
2928,Intersection of ballord pl & putnam ave,ballord pl & putnam ave
2929,Intersection of harvard st & moore st,harvard st & moore st
2930,Intersection of education st & education st,education st & education st
2931,"100 gerrys landing Site","100 gerrys landing"
2932,central sq Site,central sq
2933,"200 cushing st Site","200 cushing st"
2934,"100 cottage st Site","100 cottage st"
2935,Intersection of massachusetts ave & prospect st,massachusetts ave & prospect st
2936,Intersection of ash st & memorial dr,ash st & memorial dr
2937,Intersection of earhart st & earhart st,earhart st & earhart st
2938,Intersection of hayward st & main st,hayward st & main st
2939,Intersection of north point blvd & education st,north point blvd & education st
2940,Intersection of cambridge st & hampshire st,cambridge st & hampshire st
2941,Intersection of cherry st & main st,cherry st & main st
2942,Intersection of osborn st & albany st,osborn st & albany st
2943,Intersection of brookline st & granite st,brookline st & granite st
2944,"200 holden green Site","200 holden green"
2945,"100 tufts st Site","100 tufts st"
2946,bow st Site,bow st
2947,holyoke st Site,holyoke st
2948,Intersection of berkshire st & donnelly field,berkshire st & donnelly field
2949,Intersection of vandine st & vandine st,vandine st & vandine st
2950,Intersection of hews st & western ave,hews st & western ave
2951,Intersection of putnam ave & kinnaird st,putnam ave & kinnaird st
2952,Intersection of hingham st & elmer st,hingham st & elmer st
2953,"200 fresh pond pky Site","200 fresh pond pky"
2954,new st Site,new st
2955,Intersection of berkeley st & garden st,berkeley st & garden st
2956,Intersection of cambridge st & irving st,cambridge st & irving st
2957,Intersection of leonard ave & line st,leonard ave & line st
2958,Intersection of gore st & gore street pl,gore st & gore street pl
2959,Intersection of alewife brook pky & massachusetts ave,alewife brook pky & massachusetts ave
2960,olive pl Site,olive pl
2961,Intersection of north point blvd & earhart st,north point blvd & earhart st
2962,hampshire ct Site,hampshire ct
2963,"400 broadway Site","400 broadway"
2964,Intersection of allston st & pearl st,allston st & pearl st
2965,Intersection of cambridge common & cambridge common,cambridge common & cambridge common
2966,Intersection of first st & thorndike st,first st & thorndike st
2967,Intersection of eliot st & winthrop st,eliot st & winthrop st
2968,"100 crescent st Site","100 crescent st"
2969,Intersection of buckingham st & healey st,buckingham st & healey st
2970,"100 roberts rd Site","100 roberts rd"
2971,doane st Site,doane st
2972,Intersection of bay st & franklin st,bay st & franklin st
2973,Intersection of hampshire st & webster ave,hampshire st & webster ave
2974,broadway Site,broadway
2975,Intersection of columbia ter & clement morgan park,columbia ter & clement morgan park
2976,Intersection of essex st & harvard st,essex st & harvard st
2977,Intersection of belmont st & ericsson st,belmont st & ericsson st
2978,amherst st Site,amherst st
2979,"200 main st Site","200 main st"
2980,Intersection of seventh st & spring st,seventh st & spring st
2981,"100 technology sq Site","100 technology sq"
2982,"700 cambridge st Site","700 cambridge st"
2983,"100 avon hill st Site","100 avon hill st"
2984,francis ave Site,francis ave
2985,Intersection of gilmore st & hoyt field,gilmore st & hoyt field
2986,Intersection of henry st & brookline st,henry st & brookline st
2987,Intersection of avon st & linnaean st,avon st & linnaean st
2988,Intersection of brattle st & mercer cir,brattle st & mercer cir
2989,Intersection of massachusetts ave & massachusetts ave,massachusetts ave & massachusetts ave
2990,Intersection of mount auburn st & story st,mount auburn st & story st
2991,"100 putnam ave Site","100 putnam ave"
2992,Intersection of magazine st & massachusetts ave,magazine st & massachusetts ave
2993,avon pl Site,avon pl
2994,Intersection of cherry st & eaton st,cherry st & eaton st
2995,michael way Site,michael way
2996,Intersection of appleton st & huron ave,appleton st & huron ave
2997,"100 saville st Site","100 saville st"
2998,winter st Site,winter st
2999,Intersection of highland st & sparks st,highland st & sparks st
3000,Intersection of franklin st & magazine st,franklin st & magazine st
3001,Intersection of gold star rd & massachusetts ave,gold star rd & massachusetts ave
3002,Intersection of first st & cambridgeside pl,first st & cambridgeside pl
3003,Intersection of franklin st & brookline pl,franklin st & brookline pl
3004,Intersection of porter sq & porter sq,porter sq & porter sq
3005,"100 cambridge st Site","100 cambridge st"
3006,Intersection of hampshire st & portland st,hampshire st & portland st
3007,Intersection of massachusetts ave & pleasant st,massachusetts ave & pleasant st
3008,Intersection of osborn st & albany st,osborn st & albany st
3009,"100 erie st Site","100 erie st"
3010,Intersection of pearl st & tufts st,pearl st & tufts st
3011,Intersection of first st & hurley st,first st & hurley st
3012,Intersection of lopez st & pearl st,lopez st & pearl st
3013,Intersection of richard ave & massachusetts ave,richard ave & massachusetts ave
3014,wellington ln Site,wellington ln
3015,berkeley pl Site,berkeley pl
3016,Intersection of ash st & mount auburn st,ash st & mount auburn st
3017,Intersection of brattle st & sparks st,brattle st & sparks st
3018,leighton st Site,leighton st
3019,"200 hancock st Site","200 hancock st"
3020,Intersection of hadley st & massachusetts ave,hadley st & massachusetts ave
3021,mercer cir Site,mercer cir
3022,Intersection of flagg st & banks st,flagg st & banks st
3023,"300 third st Site","300 third st"
3024,Intersection of industrial park rd & north point blvd,industrial park rd & north point blvd
3025,north point blvd Site,north point blvd
3026,Intersection of waterhouse st & waterhouse st,waterhouse st & waterhouse st
3027,Intersection of farrar st & holden green,farrar st & holden green
3028,"400 green st Site","400 green st"
3029,clary st Site,clary st
3030,hastings sq Site,hastings sq
3031,Intersection of prospect st & harvard st,prospect st & harvard st
3032,Intersection of elm street north & miller ave,elm street north & miller ave
3033,holworthy st Site,holworthy st
3034,bow st Site,bow st
3035,Intersection of hurley st & sciarappa st,hurley st & sciarappa st
3036,"100 sciarappa st Site","100 sciarappa st"
3037,Intersection of hurley st & sixth st,hurley st & sixth st
3038,Intersection of bent st & fulkerson st,bent st & fulkerson st
3039,"400 massachusetts ave Site","400 massachusetts ave"
3040,Intersection of brookline pl & brookline pl,brookline pl & brookline pl
3041,Intersection of massachusetts ave & massachusetts ave,massachusetts ave & massachusetts ave
3042,education st Site,education st
3043,"400 massachusetts ave Site","400 massachusetts ave"
3044,Intersection of fawcett st & concord ave,fawcett st & concord ave
3045,Intersection of avon hill st & linnaean st,avon hill st & linnaean st
3046,Intersection of channing st & mount auburn st,channing st & mount auburn st
3047,Intersection of chalk st & pleasant st,chalk st & pleasant st
3048,"100 elm street north Site","100 elm street north"
3049,"100 clarendon ave Site","100 clarendon ave"
3050,Intersection of martin st & wright st,martin st & wright st
3051,Intersection of river st & western ave,river st & western ave
3052,"1300 massachusetts ave Site","1300 massachusetts ave"
3053,remington st Site,remington st
3054,brattle st Site,brattle st
3055,bay state rd Site,bay state rd
3056,Intersection of hilliard st & fuller pl,hilliard st & fuller pl
3057,Intersection of galileo galilei way & main st,galileo galilei way & main st
3058,manassas ave Site,manassas ave
3059,Intersection of second st & gore st,second st & gore st
3060,bigelow st Site,bigelow st
3061,"600 massachusetts ave Site","600 massachusetts ave"
3062,Intersection of washington st & washington st,washington st & washington st
3063,Intersection of callender st & hews st,callender st & hews st
3064,pond pl Site,pond pl
3065,Intersection of banks st & mount auburn st,banks st & mount auburn st
3066,Intersection of massachusetts ave & western ave,massachusetts ave & western ave
3067,kimball st Site,kimball st
3068,Intersection of centre st & hancock st,centre st & hancock st
3069,"200 huron ave Site","200 huron ave"
3070,massachusetts ave Site,massachusetts ave
3071,Intersection of charles st & fulkerson st,charles st & fulkerson st
3072,kenway st Site,kenway st
3073,Intersection of seventh st & thorndike st,seventh st & thorndike st
3074,Intersection of state st & village st,state st & village st
3075,Intersection of allston st & pleasant st,allston st & pleasant st
3076,Intersection of landsdowne st & pacific st,landsdowne st & pacific st
3077,Intersection of concord ave & fayerweather st,concord ave & fayerweather st
3078,Intersection of massachusetts ave & putnam ave,massachusetts ave & putnam ave
3079,Intersection of gorham st & wendell st,gorham st & wendell st
3080,Intersection of massachusetts ave & rindge ave,massachusetts ave & rindge ave
3081,Intersection of third st & winter st,third st & winter st
3082,"300 grove st Site","300 grove st"
3083,"100 franklin st Site","100 franklin st"
3084,Intersection of cambridge st & oak st,cambridge st & oak st
3085,Intersection of fairfield st & pemberton st,fairfield st & pemberton st
3086,Intersection of pemberton st & fairfield st,pemberton st & fairfield st
3087,Intersection of frost st & roseland st,frost st & roseland st
3088,Intersection of seventh st & thorndike st,seventh st & thorndike st
3089,"100 raymond st Site","100 raymond st"
3090,Intersection of putnam ave & pearl st,putnam ave & pearl st
3091,Intersection of norfolk st & norfolk st,norfolk st & norfolk st
3092,"300 hampshire st Site","300 hampshire st"
3093,cambridge pky Site,cambridge pky
3094,Intersection of bay st & kinnaird st,bay st & kinnaird st
3095,Intersection of vassar st & main st,vassar st & main st
3096,Intersection of harvard st & bigelow st,harvard st & bigelow st
3097,hampshire st Site,hampshire st
3098,channing cir Site,channing cir
3099,"300 haskell st Site","300 haskell st"
3100,Intersection of binney st & fifth st,binney st & fifth st
3101,Intersection of massachusetts ave & western ave,massachusetts ave & western ave
3102,thingvalla ave Site,thingvalla ave
3103,Intersection of garden st & walker st,garden st & walker st
3104,Intersection of newton st & putnam ave,newton st & putnam ave
3105,Intersection of charles st & third st,charles st & third st
3106,leighton st Site,leighton st
3107,"400 huron ave Site","400 huron ave"
3108,"100 hampshire st Site","100 hampshire st"
3109,ellsworth ave Site,ellsworth ave
3110,oak st Site,oak st
3111,market st Site,market st
3112,bay st Site,bay st
3113,"100 pacific st Site","100 pacific st"
3114,herbert st Site,herbert st
3115,"100 tremont st Site","100 tremont st"
3116,"200 newtowne ct Site","200 newtowne ct"
3117,Intersection of davis st & harvard st,davis st & harvard st
3118,Intersection of douglass st & bishop allen dr,douglass st & bishop allen dr
3119,hudson pl Site,hudson pl
3120,"400 binney st Site","400 binney st"
3121,Intersection of massachusetts ave & norfolk st,massachusetts ave & norfolk st
3122,"500 huron ave Site","500 huron ave"
3123,"100 landsdowne st Site","100 landsdowne st"
3124,Intersection of garden st & linnaean st,garden st & linnaean st
3125,"300 webster ave Site","300 webster ave"
3126,st johns rd Site,st johns rd
3127,Intersection of huron ave & sherman st,huron ave & sherman st
3128,lincoln st Site,lincoln st
3129,"100 spring st Site","100 spring st"
3130,Intersection of massachusetts ave & pleasant st,massachusetts ave & pleasant st
3131,rutland st Site,rutland st
3132,"400 vassar st Site","400 vassar st"
3133,white st Site,white st
3134,"100 granville rd Site","100 granville rd"
3135,"100 lawn st Site","100 lawn st"
3136,sciarappa st Site,sciarappa st
3137,may st Site,may st
3138,"100 sidney st Site","100 sidney st"
3139,"500 cambridge st Site","500 cambridge st"
3140,"100 bay state rd Site","100 bay state rd"
3141,belvidere pl Site,belvidere pl
3142,Intersection of blake st & orchard st,blake st & orchard st
3143,"200 walden st Site","200 walden st"
3144,Intersection of brattle sq & brattle sq,brattle sq & brattle sq
3145,Intersection of main st & massachusetts ave,main st & massachusetts ave
3146,"100 scott st Site","100 scott st"
3147,"100 scott st Site","100 scott st"
3148,Intersection of farrar st & scott st,farrar st & scott st
3149,Intersection of follen st & follen st,follen st & follen st
3150,brattle st Site,brattle st
3151,Intersection of bishop allen dr & main st,bishop allen dr & main st
3152,Intersection of holyoke pl & mount auburn st,holyoke pl & mount auburn st
3153,Intersection of eaton st & pine st,eaton st & pine st
3154,Intersection of erie st & erie st,erie st & erie st
3155,"200 franklin st Site","200 franklin st"
3156,Intersection of cambridge st & prescott st,cambridge st & prescott st
3157,bay state rd Site,bay state rd
3158,Intersection of richdale ave & upland rd,richdale ave & upland rd
3159,Intersection of garfield st & massachusetts ave,garfield st & massachusetts ave
3160,Intersection of day st & massachusetts ave,day st & massachusetts ave
3161,Intersection of jfk st & jfk st,jfk st & jfk st
3162,Intersection of oxford ave & wendell st,oxford ave & wendell st
3163,lakeview ave Site,lakeview ave
3164,riedesel ave Site,riedesel ave
3165,davenport st Site,davenport st
3166,"100 auburn ct Site","100 auburn ct"
3167,Intersection of dudley st & clifton st,dudley st & clifton st
3168,cleveland st Site,cleveland st
3169,Intersection of huron ave & standish st,huron ave & standish st
3170,Intersection of lincoln st & lincoln st,lincoln st & lincoln st
3171,"100 fresh pond ln Site","100 fresh pond ln"
3172,farrell way Site,farrell way
3173,Intersection of massachusetts ave & brookline st,massachusetts ave & brookline st
3174,peabody ter Site,peabody ter
3175,"900 massachusetts ave Site","900 massachusetts ave"
3176,Intersection of huron ave & park ave,huron ave & park ave
3177,Intersection of houghton st & springfield st,houghton st & springfield st
3178,gibson ter Site,gibson ter
3179,"100 washington st Site","100 washington st"
3180,griswold st Site,griswold st
3181,"100 fifth st Site","100 fifth st"
3182,Intersection of harvard st & harvard st,harvard st & harvard st
3183,peters st Site,peters st
3184,Intersection of lincoln st & willow st,lincoln st & willow st
3185,"1300 massachusetts ave Site","1300 massachusetts ave"
3186,Intersection of massachusetts ave & western ave,massachusetts ave & western ave
3187,Intersection of magazine st & franklin st,magazine st & franklin st
3188,"300 main st Site","300 main st"
3189,Intersection of appian way & alpine st,appian way & alpine st
3190,Intersection of pacific st & pacific st,pacific st & pacific st
3191,Intersection of earhart st & north point blvd,earhart st & north point blvd
3192,hillside pl Site,hillside pl
3193,"100 belmont st Site","100 belmont st"
3194,"600 cambridge st Site","600 cambridge st"
3195,Intersection of massachusetts ave & sidney st,massachusetts ave & sidney st
3196,Intersection of danehy park & alewife brook pky,danehy park & alewife brook pky
3197,Intersection of washington ave & lancaster st,washington ave & lancaster st
3198,berkeley st Site,berkeley st
3199,Intersection of mason st & phillips pl,mason st & phillips pl
3200,blair pl Site,blair pl
3201,Intersection of massachusetts ave & harvard sq,massachusetts ave & harvard sq
3202,day st Site,day st
3203,Intersection of cedar st & massachusetts ave,cedar st & massachusetts ave
3204,Intersection of cambridge st & ellery st,cambridge st & ellery st
3205,"100 sparks st Site","100 sparks st"
3206,Intersection of fenno st & sherman st,fenno st & sherman st
3207,hancock pl Site,hancock pl
3208,"100 oxford st Site","100 oxford st"
3209,clinton st Site,clinton st
3210,Intersection of putnam ave & magazine st,putnam ave & magazine st
3211,Intersection of brookline st & hamilton st,brookline st & hamilton st
3212,"600 massachusetts ave Site","600 massachusetts ave"
3213,Intersection of third st & thorndike st,third st & thorndike st
3214,Intersection of main st & massachusetts ave,main st & massachusetts ave
3215,coolidge hill rd Site,coolidge hill rd
3216,Intersection of market st & windsor st,market st & windsor st
3217,phillips pl Site,phillips pl
3218,"200 cambridge st Site","200 cambridge st"
3219,Intersection of linden st & massachusetts ave,linden st & massachusetts ave
3220,Intersection of auburn st & brookline st,auburn st & brookline st
3221,Intersection of cambridge common & garden st,cambridge common & garden st
3222,Intersection of willow st & roosevelt towers,willow st & roosevelt towers
3223,brown st Site,brown st
3224,Intersection of warren st & jefferson st,warren st & jefferson st
3225,Intersection of massachusetts ave & norfolk st,massachusetts ave & norfolk st
3226,tenney st Site,tenney st
3227,Intersection of allston st & peters st,allston st & peters st
3228,Intersection of berkshire st & plymouth st,berkshire st & plymouth st
3229,magazine st Site,magazine st
3230,Intersection of massachusetts ave & rindge ave,massachusetts ave & rindge ave
3231,Intersection of watson st & salem st,watson st & salem st
3232,"100 dana pl Site","100 dana pl"
3233,Intersection of massachusetts ave & garden st,massachusetts ave & garden st
3234,"100 main st Site","100 main st"
3235,"300 dunster st Site","300 dunster st"
3236,Intersection of cambridge st & first st,cambridge st & first st
3237,second st Site,second st
3238,rockingham st Site,rockingham st
3239,"200 erie st Site","200 erie st"
3240,Intersection of chauncy st & garden st,chauncy st & garden st
3241,"700 technology sq Site","700 technology sq"
3242,Intersection of fifth st & bent st,fifth st & bent st
3243,Intersection of elm st & hampshire st,elm st & hampshire st
3244,Intersection of linnaean st & massachusetts ave,linnaean st & massachusetts ave
3245,Intersection of market st & union st,market st & union st
3246,earhart st Site,earhart st
3247,"200 chestnut st Site","200 chestnut st"
3248,Intersection of massachusetts ave & bow st,massachusetts ave & bow st
3249,otis st Site,otis st
3250,winthrop st Site,winthrop st
3251,Intersection of cambridge st & columbia st,cambridge st & columbia st
3252,"100 prince st Site","100 prince st"
3253,"500 massachusetts ave Site","500 massachusetts ave"
3254,Intersection of first st & canal park,first st & canal park
3255,Intersection of garden st & massachusetts ave,garden st & massachusetts ave
3256,normandy ave Site,normandy ave
3257,"800 technology sq Site","800 technology sq"
3258,Intersection of bent st & second st,bent st & second st
3259,"600 memorial dr Site","600 memorial dr"
3260,Intersection of massachusetts ave & garden st,massachusetts ave & garden st
3261,Intersection of line st & magnolia ave,line st & magnolia ave
3262,"200 lexington ave Site","200 lexington ave"
3263,lee st Site,lee st
3264,Intersection of cambridge st & prospect st,cambridge st & prospect st
3265,"100 memorial dr Site","100 memorial dr"
3266,"300 garden st Site","300 garden st"
3267,richard ave Site,richard ave
3268,harding st Site,harding st
3269,rogers st Site,rogers st
3270,cogswell ave Site,cogswell ave
3271,Intersection of broadway & norfolk st,broadway & norfolk st
3272,woodrow wilson ct Site,woodrow wilson ct
3273,Intersection of franklin st & river st,franklin st & river st
3274,Intersection of broadway & norfolk st,broadway & norfolk st
3275,Intersection of massachusetts ave & linnaean st,massachusetts ave & linnaean st
3276,"300 prospect st Site","300 prospect st"
3277,kinnaird st Site,kinnaird st
3278,"100 upland rd Site","100 upland rd"
3279,"100 kinnaird st Site","100 kinnaird st"
3280,richdale ave Site,richdale ave
3281,Intersection of amesbury st & memorial dr,amesbury st & memorial dr
3282,Intersection of elm st & harvard st,elm st & harvard st
3283,Intersection of church st & massachusetts ave,church st & massachusetts ave
3284,magazine st Site,magazine st
3285,"1300 massachusetts ave Site","1300 massachusetts ave"
3286,reservoir st Site,reservoir st
3287,Intersection of massachusetts ave & peabody st,massachusetts ave & peabody st
3288,Intersection of bishop allen dr & essex st,bishop allen dr & essex st
3289,hampshire st Site,hampshire st
3290,Intersection of mount auburn st & hawthorne st,mount auburn st & hawthorne st
3291,Intersection of appleton st & highland st,appleton st & highland st
3292,Intersection of kirkland st & trowbridge st,kirkland st & trowbridge st
3293,"400 green st Site","400 green st"
3294,Intersection of sellers st & massachusetts ave,sellers st & massachusetts ave
3295,Intersection of binney st & second st,binney st & second st
3296,cambridge ctr Site,cambridge ctr
3297,Intersection of massachusetts ave & western ave,massachusetts ave & western ave
3298,leonard ave Site,leonard ave
3299,Intersection of willow st & lincoln st,willow st & lincoln st
3300,Intersection of harvard sq & massachusetts ave,harvard sq & massachusetts ave
3301,magoun st Site,magoun st
3302,"600 massachusetts ave Site","600 massachusetts ave"
3303,"100 bishop allen dr Site","100 bishop allen dr"
3304,Intersection of whittemore ave & madison ave,whittemore ave & madison ave
3305,brattle st Site,brattle st
3306,Intersection of prince st & prince st,prince st & prince st
3307,"900 main st Site","900 main st"
3308,Intersection of brookline pl & pilgrim st,brookline pl & pilgrim st
3309,Intersection of mount auburn st & putnam ave,mount auburn st & putnam ave
3310,"500 massachusetts ave Site","500 massachusetts ave"
3311,"100 norfolk st Site","100 norfolk st"
3312,Intersection of orchard st & davenport st,orchard st & davenport st
3313,Intersection of avon st & shepard st,avon st & shepard st
3314,Intersection of harvard st & pine st,harvard st & pine st
3315,Intersection of channing st & channing st,channing st & channing st
3316,Intersection of mount auburn st & sparks st,mount auburn st & sparks st
3317,Intersection of forest st & massachusetts ave,forest st & massachusetts ave
3318,Intersection of elm st & webster ave,elm st & webster ave
3319,Intersection of prospect st & hampshire st,prospect st & hampshire st
3320,Intersection of broadway & inman st,broadway & inman st
3321,ellsworth park Site,ellsworth park
3322,Intersection of main st & longfellow bridge,main st & longfellow bridge
3323,Intersection of massachusetts ave & walden st,massachusetts ave & walden st
3324,Intersection of flagg st & banks st,flagg st & banks st
3325,Intersection of western ave & magazine st,western ave & magazine st
3326,Intersection of massachusetts ave & green st,massachusetts ave & green st
3327,Intersection of massachusetts ave & river st,massachusetts ave & river st
3328,Intersection of sixth st & charles st,sixth st & charles st
3329,Intersection of washburn ave & massachusetts ave,washburn ave & massachusetts ave
3330,Intersection of first st & hurley st,first st & hurley st
3331,wendell st Site,wendell st
3332,glassworks ave Site,glassworks ave
3333,Intersection of sherman st & stearns st,sherman st & stearns st
3334,Intersection of montgomery st & rindge ave,montgomery st & rindge ave
3335,"700 massachusetts ave Site","700 massachusetts ave"
3336,Intersection of river st & putnam ave,river st & putnam ave
3337,Intersection of crescent st & sacramento st,crescent st & sacramento st
3338,Intersection of elm st & webster ave,elm st & webster ave
3339,cambridgepark dr Site,cambridgepark dr
3340,Intersection of cambridge st & massachusetts ave,cambridge st & massachusetts ave
3341,Intersection of decatur st & pearl st,decatur st & pearl st
3342,"400 memorial dr Site","400 memorial dr"
3343,Intersection of pearl st & lawrence st,pearl st & lawrence st
3344,surrey st Site,surrey st
3345,garfield st Site,garfield st
3346,Intersection of lawrence st & corporal mcternan st,lawrence st & corporal mcternan st
3347,longfellow rd Site,longfellow rd
3348,Intersection of gibson st & mount auburn st,gibson st & mount auburn st
3349,"600 main st Site","600 main st"
3350,Intersection of fifth st & otis st,fifth st & otis st
3351,Intersection of memorial dr & western ave,memorial dr & western ave
3352,Intersection of ballord pl & putnam ave,ballord pl & putnam ave
3353,longfellow bridge Site,longfellow bridge
3354,Intersection of cambridge st & harding st,cambridge st & harding st
3355,Intersection of avon st & martin st,avon st & martin st
3356,avon st Site,avon st
3357,"100 pine st Site","100 pine st"
3358,Intersection of western ave & memorial dr,western ave & memorial dr
3359,Intersection of cambridge st & willow st,cambridge st & willow st
3360,bowdoin st Site,bowdoin st
3361,Intersection of harvard st & quincy st,harvard st & quincy st
3362,hardwick st Site,hardwick st
3363,jefferson st Site,jefferson st
3364,temple st Site,temple st
3365,"300 brookline st Site","300 brookline st"
3366,Intersection of langdon st & massachusetts ave,langdon st & massachusetts ave
3367,Intersection of dunster st & mount auburn st,dunster st & mount auburn st
3368,chauncy st Site,chauncy st
3369,Intersection of agassiz st & linnaean st,agassiz st & linnaean st
3370,Intersection of buena vista park & richdale ave,buena vista park & richdale ave
3371,Intersection of pemberton st & rindge ave,pemberton st & rindge ave
3372,Intersection of main st & broadway,main st & broadway
3373,sparks st Site,sparks st
3374,hancock st Site,hancock st
3375,gerry st Site,gerry st
3376,"300 river st Site","300 river st"
3377,"1700 massachusetts ave Site","1700 massachusetts ave"
3378,Intersection of mount auburn st & dewolfe st,mount auburn st & dewolfe st
3379,hazel st Site,hazel st
3380,coolidge ave Site,coolidge ave
3381,Intersection of river st & memorial dr,river st & memorial dr
3382,Intersection of massachusetts ave & rindge ave,massachusetts ave & rindge ave
3383,Intersection of massachusetts ave & vassar st,massachusetts ave & vassar st
3384,Intersection of gore st & third st,gore st & third st
3385,Intersection of cedar st & rice st,cedar st & rice st
3386,Intersection of massachusetts ave & amherst st,massachusetts ave & amherst st
3387,"200 vassal ln Site","200 vassal ln"
3388,sacramento pl Site,sacramento pl
3389,Intersection of hayward st & main st,hayward st & main st
3390,"100 webster ave Site","100 webster ave"
3391,Intersection of spring st & third st,spring st & third st
3392,Intersection of front st & windsor st,front st & windsor st
3393,"200 putnam ave Site","200 putnam ave"
3394,cambridge ctr Site,cambridge ctr
3395,jfk st Site,jfk st
3396,Intersection of dudley st & jackson st,dudley st & jackson st
3397,Intersection of sidney st & green st,sidney st & green st
3398,Intersection of harvard sq & brattle st,harvard sq & brattle st
3399,"100 fayerweather st Site","100 fayerweather st"
3400,chestnut st Site,chestnut st
3401,"200 columbia st Site","200 columbia st"
3402,Intersection of green st & bay st,green st & bay st
3403,Intersection of inman st & broadway,inman st & broadway
3404,Intersection of second st & linsky way,second st & linsky way
3405,Intersection of sherman st & walden st,sherman st & walden st
3406,Intersection of massachusetts ave & roseland st,massachusetts ave & roseland st
3407,"100 stearns st Site","100 stearns st"
3408,columbia st Site,columbia st
3409,pleasant st Site,pleasant st
3410,chester st Site,chester st
3411,"600 massachusetts ave Site","600 massachusetts ave"
3412,Intersection of clement morgan park & columbia st,clement morgan park & columbia st
3413,kendall sq mbta stat Site,kendall sq mbta stat
3414,"100 walden st Site","100 walden st"
3415,Intersection of bay st & franklin st,bay st & franklin st
3416,Intersection of bristol st & webster ave,bristol st & webster ave
3417,dinsmore ct Site,dinsmore ct
3418,Intersection of james st & mason st,james st & mason st
3419,"300 river st Site","300 river st"
3420,Intersection of brookline st & waverly st,brookline st & waverly st
3421,Intersection of massachusetts ave & shepard st,massachusetts ave & shepard st
3422,Intersection of church st & massachusetts ave,church st & massachusetts ave
3423,shepard st Site,shepard st
3424,Intersection of prospect st & massachusetts ave,prospect st & massachusetts ave
3425,"200 bishop allen dr Site","200 bishop allen dr"
3426,Intersection of hayes st & mount auburn st,hayes st & mount auburn st
3427,"200 william st Site","200 william st"
3428,cambridgepark dr Site,cambridgepark dr
3429,lowell st Site,lowell st
3430,Intersection of locust st & holworthy st,locust st & holworthy st
3431,Intersection of columbia st & suffolk st,columbia st & suffolk st
3432,Intersection of beech st & massachusetts ave,beech st & massachusetts ave
3433,Intersection of massachusetts ave & day st,massachusetts ave & day st
3434,"300 mount auburn st Site","300 mount auburn st"
3435,university rd Site,university rd
3436,"100 homer ave Site","100 homer ave"
3437,Intersection of green st & putnam ave,green st & putnam ave
3438,forest st Site,forest st
3439,industrial park rd Site,industrial park rd
3440,"400 prospect st Site","400 prospect st"
3441,"1200 cambridge st Site","1200 cambridge st"
3442,"200 fresh pond pky Site","200 fresh pond pky"
3443,Intersection of broadway & hampshire st,broadway & hampshire st
3444,Intersection of middlesex st & middlesex st,middlesex st & middlesex st
3445,"100 fourth street pl Site","100 fourth street pl"
3446,Intersection of massachusetts ave & prospect st,massachusetts ave & prospect st
3447,ellery st Site,ellery st
3448,"100 jackson st Site","100 jackson st"
3449,Intersection of massachusetts ave & river st,massachusetts ave & river st
3450,Intersection of tierney st & winslow st,tierney st & winslow st
3451,Intersection of bishop allen dr & norfolk st,bishop allen dr & norfolk st
3452,Intersection of winthrop st & eliot st,winthrop st & eliot st
3453,Intersection of norfolk st & hampshire st,norfolk st & hampshire st
3454,Intersection of bishop allen dr & prospect st,bishop allen dr & prospect st
3455,"100 auburn st Site","100 auburn st"
3456,Intersection of massachusetts ave & plympton st,massachusetts ave & plympton st
3457,tufts st Site,tufts st
3458,Intersection of banks st & flagg st,banks st & flagg st
3459,Intersection of holyoke st & mount auburn st,holyoke st & mount auburn st
3460,inman st Site,inman st
3461,creighton st Site,creighton st
3462,"200 pemberton st Site","200 pemberton st"
3463,"1500 massachusetts ave Site","1500 massachusetts ave"
3464,"100 sherman st Site","100 sherman st"
3465,fayette st Site,fayette st
3466,Intersection of hancock st & centre st,hancock st & centre st
3467,haskell st Site,haskell st
3468,Intersection of harvard st & portland st,harvard st & portland st
3469,"300 walden st Site","300 walden st"
3470,Intersection of middlesex st & rindge ave,middlesex st & rindge ave
3471,Intersection of malcolm rd & standish st,malcolm rd & standish st
3472,"500 broadway Site","500 broadway"
3473,blanche st Site,blanche st
3474,"100 ellery st Site","100 ellery st"
3475,Intersection of bent st & sixth st,bent st & sixth st
3476,Intersection of dunster st & mount auburn st,dunster st & mount auburn st
3477,Intersection of jfk st & winthrop st,jfk st & winthrop st
3478,Intersection of davenport st & elm st,davenport st & elm st
3479,Intersection of bishop allen dr & temple st,bishop allen dr & temple st
3480,cottage park ave Site,cottage park ave
3481,Intersection of third st & broadway,third st & broadway
3482,"200 chilton st Site","200 chilton st"
3483,"200 washington st Site","200 washington st"
3484,"1300 massachusetts ave Site","1300 massachusetts ave"
3485,arlington st Site,arlington st
3486,stinson ct Site,stinson ct
3487,Intersection of hastings sq & chestnut st,hastings sq & chestnut st
3488,"100 fresh pond pky Site","100 fresh pond pky"
3489,Intersection of galileo galilei way & broadway,galileo galilei way & broadway
3490,grozier rd Site,grozier rd
3491,Intersection of appleton st & concord ave,appleton st & concord ave
3492,Intersection of cedar st & dudley st,cedar st & dudley st
3493,"100 larchwood dr Site","100 larchwood dr"
3494,land blvd Site,land blvd
3495,"100 grozier rd Site","100 grozier rd"
3496,Intersection of lexington ave & brattle st,lexington ave & brattle st
3497,Intersection of green st & brookline st,green st & brookline st
3498,Intersection of douglass st & massachusetts ave,douglass st & massachusetts ave
3499,"100 berkshire pl Site","100 berkshire pl"
3500,"300 western ave Site","300 western ave"
3501,yerxa rd Site,yerxa rd
3502,Intersection of massachusetts ave & somerville ave,massachusetts ave & somerville ave
3503,elmer st Site,elmer st
3504,"300 broadway Site","300 broadway"
3505,Intersection of river st & auburn st,river st & auburn st
3506,berkshire pl Site,berkshire pl
3507,Intersection of magazine st & william st,magazine st & william st
3508,"100 follen st Site","100 follen st"
3509,"800 memorial dr Site","800 memorial dr"
3510,kirkland pl Site,kirkland pl
3511,"100 gore st Site","100 gore st"
3512,Intersection of hampshire st & prospect st,hampshire st & prospect st
3513,Intersection of pearl st & cottage st,pearl st & cottage st
3514,lincoln way Site,lincoln way
3515,walden square rd Site,walden square rd
3516,Intersection of raymond st & walden st,raymond st & walden st
3517,upland rd Site,upland rd
3518,"300 windsor st Site","300 windsor st"
3519,greenough ave Site,greenough ave
3520,eustis st Site,eustis st
3521,Intersection of hovey ave & magnolia ave,hovey ave & magnolia ave
3522,Intersection of harvard st & inman st,harvard st & inman st
3523,Intersection of putnam gdns & putnam gdns,putnam gdns & putnam gdns
3524,"100 trowbridge st Site","100 trowbridge st"
3525,Intersection of sherman st & pemberton st,sherman st & pemberton st
3526,"100 foster st Site","100 foster st"
3527,"100 cushing st Site","100 cushing st"
3528,"200 concord ave Site","200 concord ave"
3529,cushing st Site,cushing st
3530,madison st Site,madison st
3531,"2200 massachusetts ave Site","2200 massachusetts ave"
3532,Intersection of pleasant st & western ave,pleasant st & western ave
3533,Intersection of massachusetts ave & essex st,massachusetts ave & essex st
3534,concord ave Site,concord ave
3535,antrim st Site,antrim st
3536,foch st Site,foch st
3537,"100 howard st Site","100 howard st"
3538,"100 amory st Site","100 amory st"
3539,"100 ames st Site","100 ames st"
3540,regent st Site,regent st
3541,"200 hampshire st Site","200 hampshire st"
3542,Intersection of bishop allen dr & columbia st,bishop allen dr & columbia st
3543,Intersection of cambridge st & warren st,cambridge st & warren st
3544,Intersection of massachusetts ave & garden st,massachusetts ave & garden st
3545,hubbard ave Site,hubbard ave
3546,"100 lexington ave Site","100 lexington ave"
3547,arnold cir Site,arnold cir
3548,royal ave Site,royal ave
3549,Intersection of parker st & concord ave,parker st & concord ave
3550,Intersection of roberts rd & kirkland st,roberts rd & kirkland st
3551,Intersection of bishop allen dr & prospect st,bishop allen dr & prospect st
3552,Intersection of bishop allen dr & massachusetts ave,bishop allen dr & massachusetts ave
3553,winter st Site,winter st
3554,portland st Site,portland st
3555,"300 harvard st Site","300 harvard st"
3556,"100 museum st Site","100 museum st"
3557,mclean pl Site,mclean pl
3558,hemlock rd Site,hemlock rd
3559,fairmont ave Site,fairmont ave
3560,"100 winter st Site","100 winter st"
3561,prospect st Site,prospect st
3562,"800 main st Site","800 main st"
3563,"200 magazine st Site","200 magazine st"
3564,Intersection of pleasant st & massachusetts ave,pleasant st & massachusetts ave
3565,langdon sq Site,langdon sq
3566,"100 pearl st Site","100 pearl st"
3567,"100 magazine st Site","100 magazine st"
3568,Intersection of harvey st & reed st,harvey st & reed st
3569,Intersection of first st & thorndike way,first st & thorndike way
3570,Intersection of concord ave & garden st,concord ave & garden st
3571,Intersection of lincoln st & elm st,lincoln st & elm st
3572,Intersection of broadway & maple ave,broadway & maple ave
3573,"1300 cambridge st Site","1300 cambridge st"
3574,Intersection of sidney st & green st,sidney st & green st
3575,Intersection of garden st & massachusetts ave,garden st & massachusetts ave
3576,"800 cambridge st Site","800 cambridge st"
3577,fort washington pl Site,fort washington pl
3578,willard st Site,willard st
3579,Intersection of prospect st & cambridge st,prospect st & cambridge st
3580,"100 maple ave Site","100 maple ave"
3581,"100 binney st Site","100 binney st"
3582,max ave Site,max ave
3583,Intersection of laurel st & river st,laurel st & river st
3584,"100 gold star rd Site","100 gold star rd"
3585,"200 prospect st Site","200 prospect st"
3586,murdock st Site,murdock st
3587,Intersection of chalk st & magazine st,chalk st & magazine st
3588,Intersection of locke st & meacham rd,locke st & meacham rd
3589,Intersection of eliot st & winthrop st,eliot st & winthrop st
3590,Intersection of auburn st & pearl st,auburn st & pearl st
3591,"100 berkshire st Site","100 berkshire st"
3592,Intersection of bishop allen dr & douglass st,bishop allen dr & douglass st
3593,Intersection of pearl st & green st,pearl st & green st
3594,"100 blackstone st Site","100 blackstone st"
3595,"800 massachusetts ave Site","800 massachusetts ave"
3596,union st Site,union st
3597,Intersection of pacific st & waverly st,pacific st & waverly st
3598,"100 fayerweather st Site","100 fayerweather st"
3599,"200 first st Site","200 first st"
3600,white st Site,white st
3601,blanchard rd Site,blanchard rd
3602,Intersection of otis st & fifth st,otis st & fifth st
3603,"100 jefferson park Site","100 jefferson park"
3604,Intersection of plymouth st & webster ave,plymouth st & webster ave
3605,"100 washington st Site","100 washington st"
3606,"100 blanchard rd Site","100 blanchard rd"
3607,Intersection of rindge ave & sherman st,rindge ave & sherman st
3608,"400 columbia st Site","400 columbia st"
3609,Intersection of arlington st & walnut ave,arlington st & walnut ave
3610,Intersection of franklin st & pearl st,franklin st & pearl st
3611,Intersection of linden st & linden st,linden st & linden st
3612,Intersection of dewolfe st & memorial dr,dewolfe st & memorial dr
3613,"700 green st Site","700 green st"
3614,Intersection of gold star rd & gold star rd,gold star rd & gold star rd
3615,"100 aberdeen ave Site","100 aberdeen ave"
3616,Intersection of belmont st & holworthy st,belmont st & holworthy st
3617,Intersection of harding st & cambridge st,harding st & cambridge st
3618,Intersection of hingham st & putnam ave,hingham st & putnam ave
3619,Intersection of second st & thorndike pl,second st & thorndike pl
3620,"100 second st Site","100 second st"
3621,"200 cambridge st Site","200 cambridge st"
3622,arrow st Site,arrow st
3623,watson st Site,watson st
3624,birch st Site,birch st
3625,Intersection of first st & athenaeum st,first st & athenaeum st
3626,Intersection of western ave & howard st,western ave & howard st
3627,Intersection of fresh pond pky & mount auburn st,fresh pond pky & mount auburn st
3628,murray hill rd Site,murray hill rd
3629,Intersection of binney st & galileo galilei way,binney st & galileo galilei way
3630,beech st Site,beech st
3631,cottage st Site,cottage st
3632,"100 reservoir st Site","100 reservoir st"
3633,story st Site,story st
3634,"300 broadway Site","300 broadway"
3635,sherman st Site,sherman st
3636,griswold st Site,griswold st
3637,cleveland st Site,cleveland st
3638,garden st Site,garden st
3639,Intersection of sellers st & massachusetts ave,sellers st & massachusetts ave
3640,Intersection of third st & gore st,third st & gore st
3641,Intersection of quincy sq & cambridge st,quincy sq & cambridge st
3642,Intersection of warren st & porter rd,warren st & porter rd
3643,Intersection of hurlbut st & martin st,hurlbut st & martin st
3644,"100 chestnut st Site","100 chestnut st"
3645,"100 allston st Site","100 allston st"
3646,acacia st Site,acacia st
3647,"200 willow st Site","200 willow st"
3648,Intersection of elmer st & hingham st,elmer st & hingham st
3649,"200 technology sq Site","200 technology sq"
3650,"200 third st Site","200 third st"
3651,"100 western ave Site","100 western ave"
3652,Intersection of green st & sidney st,green st & sidney st
3653,Intersection of macarelli way & marion st,macarelli way & marion st
3654,allston st Site,allston st
3655,Intersection of rindge ave & sherman st,rindge ave & sherman st
3656,Intersection of raymond st & sheridan st,raymond st & sheridan st
3657,Intersection of norfolk st & washington st,norfolk st & washington st
3658,Intersection of magazine st & chalk st,magazine st & chalk st
3659,Intersection of massachusetts ave & prospect st,massachusetts ave & prospect st
3660,Intersection of brattle st & palmer st,brattle st & palmer st
3661,Intersection of bond st & concord ave,bond st & concord ave
3662,"400 norfolk st Site","400 norfolk st"
3663,Intersection of pearl st & perry st,pearl st & perry st
3664,Intersection of winthrop st & jfk st,winthrop st & jfk st
3665,Intersection of plympton st & massachusetts ave,plympton st & massachusetts ave
3666,"800 massachusetts ave Site","800 massachusetts ave"
3667,dickinson st Site,dickinson st
3668,churchill ave Site,churchill ave
3669,Intersection of clark st & hampshire st,clark st & hampshire st
3670,Intersection of windsor st & main st,windsor st & main st
3671,eighth st Site,eighth st
3672,Intersection of fulkerson st & thorndike st,fulkerson st & thorndike st
3673,fourth street pl Site,fourth street pl
3674,Intersection of appian way & brattle st,appian way & brattle st
3675,gore street pl Site,gore street pl
3676,"300 magazine st Site","300 magazine st"
3677,"100 western ave Site","100 western ave"
3678,Intersection of berkeley st & garden st,berkeley st & garden st
3679,Intersection of prospect st & hampshire st,prospect st & hampshire st
3680,Intersection of galileo galilei way & binney st,galileo galilei way & binney st
3681,Intersection of cambridgeside pl & charles st,cambridgeside pl & charles st
3682,"1700 cambridge st Site","1700 cambridge st"
3683,Intersection of hardwick st & berkshire pl,hardwick st & berkshire pl
3684,Intersection of bishop allen dr & massachusetts ave,bishop allen dr & massachusetts ave
3685,"200 hurley st Site","200 hurley st"
3686,Intersection of broadway & binney st,broadway & binney st
3687,Intersection of moore st & broadway,moore st & broadway
3688,"100 vassar st Site","100 vassar st"
3689,"100 sixth st Site","100 sixth st"
3690,"100 sixth st Site","100 sixth st"
3691,Intersection of allston st & pearl st,allston st & pearl st
3692,Intersection of dover st & massachusetts ave,dover st & massachusetts ave
3693,Intersection of churchill ave & massachusetts ave,churchill ave & massachusetts ave
3694,third st Site,third st
3695,Intersection of dana st & massachusetts ave,dana st & massachusetts ave
3696,"300 allston st Site","300 allston st"
3697,"500 concord ave Site","500 concord ave"
3698,crawford st Site,crawford st
3699,"100 orchard st Site","100 orchard st"
3700,gray st Site,gray st
3701,Intersection of pleasant st & green st,pleasant st & green st
3702,bradbury st Site,bradbury st
3703,Intersection of irving st & scott st,irving st & scott st
3704,old dee rd Site,old dee rd
3705,Intersection of irving st & kirkland st,irving st & kirkland st
3706,Intersection of kirkland st & line st,kirkland st & line st
3707,Intersection of mount auburn st & traill st,mount auburn st & traill st
3708,moulton st Site,moulton st
3709,jfk st Site,jfk st
3710,Intersection of hurlbut st & linnaean st,hurlbut st & linnaean st
3711,Intersection of highland ave & marie ave,highland ave & marie ave
3712,Intersection of antrim st & cambridge st,antrim st & cambridge st
3713,Intersection of massachusetts ave & linnaean st,massachusetts ave & linnaean st
3714,Intersection of amherst st & carleton st,amherst st & carleton st
3715,"300 river st Site","300 river st"
3716,Intersection of granite st & magazine st,granite st & magazine st
3717,"400 evereteze way Site","400 evereteze way"
3718,Intersection of memorial dr & western ave,memorial dr & western ave
3719,brown st Site,brown st
3720,Intersection of bristol st & webster ave,bristol st & webster ave
3721,Intersection of farrar st & scott st,farrar st & scott st
3722,Intersection of lawrence st & dana pl,lawrence st & dana pl
3723,Intersection of berkshire st & cambridge st,berkshire st & cambridge st
3724,Intersection of broadway & dickinson st,broadway & dickinson st
3725,Intersection of foch st & gladstone st,foch st & gladstone st
3726,Intersection of tudor st & sidney st,tudor st & sidney st
3727,edmunds st Site,edmunds st
3728,Intersection of massachusetts ave & dunster st,massachusetts ave & dunster st
3729,Intersection of huron ave & park ave,huron ave & park ave
3730,Intersection of maple ave & broadway,maple ave & broadway
3731,Intersection of hancock st & massachusetts ave,hancock st & massachusetts ave
3732,Intersection of farwell pl & brattle st,farwell pl & brattle st
3733,Intersection of brattle st & channing st,brattle st & channing st
3734,"200 bent st Site","200 bent st"
3735,Intersection of sixth st & binney st,sixth st & binney st
3736,Intersection of ames st & memorial dr,ames st & memorial dr
3737,"700 massachusetts ave Site","700 massachusetts ave"
3738,"800 concord ave Site","800 concord ave"
3739,"900 cambridge st Site","900 cambridge st"
3740,Intersection of bishop allen dr & columbia st,bishop allen dr & columbia st
3741,warren st Site,warren st
3742,Intersection of market st & broadway,market st & broadway
3743,marie ave Site,marie ave
3744,Intersection of linnaean st & massachusetts ave,linnaean st & massachusetts ave
3745,"200 western ave Site","200 western ave"
3746,"100 chilton st Site","100 chilton st"
3747,inman pl Site,inman pl
3748,hayes st Site,hayes st
3749,"300 evereteze way Site","300 evereteze way"
3750,Intersection of broadway & cambridge st,broadway & cambridge st
3751,"100 banks st Site","100 banks st"
3752,Intersection of massachusetts ave & douglass st,massachusetts ave & douglass st
3753,Intersection of bishop allen dr & douglass st,bishop allen dr & douglass st
3754,Intersection of henry st & waverly st,henry st & waverly st
3755,"200 albany st Site","200 albany st"
3756,Intersection of pine st & washington st,pine st & washington st
3757,Intersection of callender st & howard st,callender st & howard st
3758,mellen st Site,mellen st
3759,Intersection of bishop allen dr & prospect st,bishop allen dr & prospect st
3760,Intersection of high st & park ave,high st & park ave
3761,Intersection of dover st & massachusetts ave,dover st & massachusetts ave
3762,"400 washington st Site","400 washington st"
3763,Intersection of second st & cambridge st,second st & cambridge st
3764,Intersection of sciarappa st & spring st,sciarappa st & spring st
3765,st mary rd Site,st mary rd
3766,Intersection of cameron ave & massachusetts ave,cameron ave & massachusetts ave
3767,Intersection of beech st & massachusetts ave,beech st & massachusetts ave
3768,river st Site,river st
3769,austin park Site,austin park
3770,Intersection of watson st & brookline st,watson st & brookline st
3771,rollins ct Site,rollins ct
3772,Intersection of massachusetts ave & sellers st,massachusetts ave & sellers st
3773,garden st Site,garden st
3774,Intersection of magazine st & putnam ave,magazine st & putnam ave
3775,lexington ave Site,lexington ave
3776,Intersection of allston st & pleasant st,allston st & pleasant st
3777,larch rd Site,larch rd
3778,Intersection of sciarappa st & winter st,sciarappa st & winter st
3779,fairmont st Site,fairmont st
3780,athens st Site,athens st
3781,Intersection of massachusetts ave & front st,massachusetts ave & front st
3782,Intersection of massachusetts ave & sellers st,massachusetts ave & sellers st
3783,Intersection of massachusetts ave & norris st,massachusetts ave & norris st
3784,sherman st Site,sherman st
3785,andrew st Site,andrew st
3786,"100 oxford ave Site","100 oxford ave"
3787,carver st Site,carver st
3788,Intersection of concord ave & huron ave,concord ave & huron ave
3789,cedar st Site,cedar st
3790,Intersection of coolidge hill & mount auburn st,coolidge hill & mount auburn st
3791,agassiz st Site,agassiz st
3792,jackson pl Site,jackson pl
3793,Intersection of auburn st & brookline st,auburn st & brookline st
3794,Intersection of cambridge st & third st,cambridge st & third st
3795,Intersection of irving st & kirkland st,irving st & kirkland st
3796,Intersection of essex st & harvard st,essex st & harvard st
3797,Intersection of gurney st & huron ave,gurney st & huron ave
3798,Intersection of ashton pl & irving st,ashton pl & irving st
3799,buckingham st Site,buckingham st
3800,Intersection of hancock st & centre st,hancock st & centre st
3801,Intersection of cambridgeside pl & land blvd,cambridgeside pl & land blvd
3802,"1300 cambridge st Site","1300 cambridge st"
3803,Intersection of broadway & columbia st,broadway & columbia st
3804,glenn ter Site,glenn ter
3805,Intersection of broadway & portland st,broadway & portland st
3806,Intersection of green st & magazine beach,green st & magazine beach
3807,Intersection of concord ave & moulton st,concord ave & moulton st
3808,Intersection of harvard st & remington st,harvard st & remington st
3809,gurney st Site,gurney st
3810,Intersection of magnolia ave & myrtle ave,magnolia ave & myrtle ave
3811,Intersection of vassar st & massachusetts ave,vassar st & massachusetts ave
3812,Intersection of roberts rd & roberts rd,roberts rd & roberts rd
3813,Intersection of cambridge st & tremont st,cambridge st & tremont st
3814,Intersection of broadway & main st,broadway & main st
3815,Intersection of mount pleasant st & walden st,mount pleasant st & walden st
3816,Intersection of broadway & broadway,broadway & broadway
3817,Intersection of western ave & massachusetts ave,western ave & massachusetts ave
3818,"100 moulton st Site","100 moulton st"
3819,Intersection of cambridge st & fulkerson st,cambridge st & fulkerson st
3820,"300 putnam ave Site","300 putnam ave"
3821,Intersection of wendell st & oxford st,wendell st & oxford st
3822,Intersection of gore st & winter st,gore st & winter st
3823,Intersection of harrington ter & harrington ter,harrington ter & harrington ter
3824,"200 concord ave Site","200 concord ave"
3825,Intersection of danehy park & sherman st,danehy park & sherman st
3826,"100 new st Site","100 new st"
3827,cambridge ctr Site,cambridge ctr
3828,Intersection of kendall st & third st,kendall st & third st
3829,lee st Site,lee st
3830,"100 garden st Site","100 garden st"
3831,Intersection of webster ave & york st,webster ave & york st
3832,Intersection of evereteze way & roosevelt towers,evereteze way & roosevelt towers
3833,Intersection of gore st & sciarappa st,gore st & sciarappa st
3834,"200 prospect st Site","200 prospect st"
3835,sellers st Site,sellers st
3836,Intersection of bishop allen dr & main st,bishop allen dr & main st
3837,newton st Site,newton st
3838,"300 pearl st Site","300 pearl st"
3839,Intersection of jefferson park & jackson cir,jefferson park & jackson cir
3840,Intersection of charles st & fulkerson st,charles st & fulkerson st
3841,"100 may st Site","100 may st"
3842,Intersection of inman st & broadway,inman st & broadway
3843,Intersection of haskell st & rindge ave,haskell st & rindge ave
3844,"200 tremont st Site","200 tremont st"
3845,"100 antrim st Site","100 antrim st"
3846,Intersection of franklin st & sidney st,franklin st & sidney st
3847,Intersection of danforth st & memorial dr,danforth st & memorial dr
3848,Intersection of cambridge st & prospect st,cambridge st & prospect st
3849,Intersection of broadway & main st,broadway & main st
3850,Intersection of temple st & bishop allen dr,temple st & bishop allen dr
3851,wood st Site,wood st
3852,Intersection of mifflin pl & mount auburn st,mifflin pl & mount auburn st
3853,"700 main st Site","700 main st"
3854,ellery pl Site,ellery pl
3855,Intersection of bow st & plympton st,bow st & plympton st
3856,Intersection of new st & bay state rd,new st & bay state rd
3857,Intersection of harvard st & scouting way,harvard st & scouting way
3858,broadway Site,broadway
3859,Intersection of jfk st & mount auburn st,jfk st & mount auburn st
3860,Intersection of cambridge st & fayette st,cambridge st & fayette st
3861,Intersection of eliot st & jfk st,eliot st & jfk st
3862,lopez ave Site,lopez ave
3863,plympton st Site,plympton st
3864,Intersection of willard st & mount auburn st,willard st & mount auburn st
3865,"400 cardinal medeiros ave Site","400 cardinal medeiros ave"
3866,bristol st Site,bristol st
3867,Intersection of mellen st & mellen st,mellen st & mellen st
3868,"9700 massachusetts ave Site","9700 massachusetts ave"
3869,Intersection of blackstone st & memorial dr,blackstone st & memorial dr
3870,cherry st Site,cherry st
3871,"100 york st Site","100 york st"
3872,"400 broadway Site","400 broadway"
3873,hudson st Site,hudson st
3874,"200 albany st Site","200 albany st"
3875,"100 evereteze way Site","100 evereteze way"
3876,Intersection of massachusetts ave & essex st,massachusetts ave & essex st
3877,ballord pl Site,ballord pl
3878,"700 memorial dr Site","700 memorial dr"
3879,Intersection of cottage park ave & massachusetts ave,cottage park ave & massachusetts ave
3880,Intersection of massachusetts ave & state st,massachusetts ave & state st
3881,Intersection of sellers st & massachusetts ave,sellers st & massachusetts ave
3882,Intersection of lawrence st & magazine st,lawrence st & magazine st
3883,Intersection of mount auburn st & plympton st,mount auburn st & plympton st
3884,Intersection of garden st & waterhouse st,garden st & waterhouse st
3885,Intersection of brattle st & jfk st,brattle st & jfk st
3886,"100 winthrop sq Site","100 winthrop sq"
3887,"200 hampshire st Site","200 hampshire st"
3888,"500 windsor st Site","500 windsor st"
3889,Intersection of hampshire st & portland st,hampshire st & portland st
3890,"100 massachusetts ave Site","100 massachusetts ave"
3891,Intersection of brattle st & mason st,brattle st & mason st
3892,Intersection of massachusetts ave & walden st,massachusetts ave & walden st
3893,Intersection of charles st & fifth st,charles st & fifth st
3894,Intersection of bent st & third st,bent st & third st
3895,Intersection of whitney ave & magazine st,whitney ave & magazine st
3896,Intersection of brattle st & jfk st,brattle st & jfk st
3897,field st Site,field st
3898,"1100 massachusetts ave Site","1100 massachusetts ave"
3899,Intersection of franklin st & hancock st,franklin st & hancock st
3900,Intersection of putnam ave & whitney ave,putnam ave & whitney ave
3901,Intersection of bryant st & scott st,bryant st & scott st
3902,Intersection of brattle st & massachusetts ave,brattle st & massachusetts ave
3903,Intersection of lopez st & pearl st,lopez st & pearl st
3904,Intersection of brookline st & decatur st,brookline st & decatur st
3905,"800 technology sq Site","800 technology sq"
3906,Intersection of davenport st & elm street north,davenport st & elm street north
3907,ashburton pl Site,ashburton pl
3908,Intersection of davenport st & saginaw ave,davenport st & saginaw ave
3909,Intersection of gore st & lambert st,gore st & lambert st
3910,"300 hurley st Site","300 hurley st"
3911,Intersection of corcoran ln & thingvalla ave,corcoran ln & thingvalla ave
3912,"300 binney st Site","300 binney st"
3913,"700 kendall st Site","700 kendall st"
3914,Intersection of earhart st & glassworks ave,earhart st & glassworks ave
3915,Intersection of middlesex st & van norden st,middlesex st & van norden st
3916,Intersection of emily st & sidney st,emily st & sidney st
3917,gilmore st Site,gilmore st
3918,camelia ave Site,camelia ave
3919,Intersection of putnam ave & ballord pl,putnam ave & ballord pl
3920,plymouth st Site,plymouth st
3921,Intersection of massachusetts ave & pearl st,massachusetts ave & pearl st
3922,Intersection of thorndike st & fifth st,thorndike st & fifth st
3923,ellery sq Site,ellery sq
3924,Intersection of massachusetts ave & brookline st,massachusetts ave & brookline st
3925,Intersection of brookline st & massachusetts ave,brookline st & massachusetts ave
3926,Intersection of holworthy st & belmont st,holworthy st & belmont st
3927,"100 hovey ave Site","100 hovey ave"
3928,Intersection of ellery st & harvard st,ellery st & harvard st
3929,Intersection of massachusetts ave & prospect st,massachusetts ave & prospect st
3930,Intersection of coolidge hill rd & mount auburn st,coolidge hill rd & mount auburn st
3931,Intersection of inman st & broadway,inman st & broadway
3932,"100 new st Site","100 new st"
3933,chatham st Site,chatham st
3934,"100 school st Site","100 school st"
3935,Intersection of landsdowne st & massachusetts ave,landsdowne st & massachusetts ave
3936,Intersection of pine st & school st,pine st & school st
3937,douglass st Site,douglass st
3938,Intersection of windsor st & washington st,windsor st & washington st
3939,Intersection of inman st & inman pl,inman st & inman pl
3940,Intersection of norfolk ct & norfolk st,norfolk ct & norfolk st
3941,"700 concord ave Site","700 concord ave"
3942,Intersection of massachusetts ave & chester st,massachusetts ave & chester st
3943,wyman st Site,wyman st
3944,Intersection of massachusetts ave & sidney st,massachusetts ave & sidney st
3945,Intersection of fulkerson st & spring st,fulkerson st & spring st
3946,Intersection of homer ave & mount auburn st,homer ave & mount auburn st
3947,"400 green st Site","400 green st"
3948,Intersection of magazine st & florence st,magazine st & florence st
3949,Intersection of cambridge st & dana st,cambridge st & dana st
3950,Intersection of bishop allen dr & norfolk st,bishop allen dr & norfolk st
3951,holyoke pl Site,holyoke pl
3952,Intersection of broadway & hampshire st,broadway & hampshire st
3953,"100 broadway Site","100 broadway"
3954,"100 matignon rd Site","100 matignon rd"
3955,farrell way Site,farrell way
3956,Intersection of herbert st & richdale ave,herbert st & richdale ave
3957,Intersection of huron ave & larchwood dr,huron ave & larchwood dr
3958,Intersection of broadway & fayette st,broadway & fayette st
3959,appleton ter Site,appleton ter
3960,Intersection of river st & memorial dr,river st & memorial dr
3961,"300 rindge ave Site","300 rindge ave"
3962,Intersection of massachusetts ave & peabody st,massachusetts ave & peabody st
3963,Intersection of lowell st & mount auburn st,lowell st & mount auburn st
3964,Intersection of holworthy st & huron ave,holworthy st & huron ave
3965,tremont st Site,tremont st
3966,Intersection of mifflin pl & mount auburn st,mifflin pl & mount auburn st
3967,Intersection of essex st & ashburton pl,essex st & ashburton pl
3968,Intersection of thorndike st & first st,thorndike st & first st
3969,Intersection of hurley st & third st,hurley st & third st
3970,Intersection of massachusetts ave & dunster st,massachusetts ave & dunster st
3971,Intersection of windsor st & lincoln st,windsor st & lincoln st
3972,Intersection of franklin st & putnam ave,franklin st & putnam ave
3973,Intersection of clifton st & harvey st,clifton st & harvey st
3974,fresh pond pky Site,fresh pond pky
3975,Intersection of broadway & third st,broadway & third st
3976,Intersection of ellsworth ave & ellsworth park,ellsworth ave & ellsworth park
3977,Intersection of hampshire st & union st,hampshire st & union st
3978,Intersection of newtowne ct & washington st,newtowne ct & washington st
3979,Intersection of buena vista park & upland rd,buena vista park & upland rd
3980,Intersection of harvard st & davis st,harvard st & davis st
3981,Intersection of bishop allen dr & essex st,bishop allen dr & essex st
3982,hingham st Site,hingham st
3983,Intersection of main st & windsor st,main st & windsor st
3984,Intersection of massachusetts ave & massachusetts ave,massachusetts ave & massachusetts ave
3985,sidney st Site,sidney st
3986,"400 norfolk st Site","400 norfolk st"
3987,binney st Site,binney st
3988,Intersection of beech st & elm st,beech st & elm st
3989,kimball st Site,kimball st
3990,Intersection of main st & ames st,main st & ames st
3991,Intersection of bay state rd & new st,bay state rd & new st
3992,cypress st Site,cypress st
3993,Intersection of albany st & pacific st,albany st & pacific st
3994,worcester st Site,worcester st
3995,Intersection of lawrence st & magazine st,lawrence st & magazine st
3996,Intersection of palmer st & brattle st,palmer st & brattle st
3997,Intersection of kirkland st & oxford st,kirkland st & oxford st
3998,Intersection of massachusetts ave & everett st,massachusetts ave & everett st
3999,Intersection of north point blvd & education st,north point blvd & education st
4000,Intersection of haskell st & pemberton st,haskell st & pemberton st
4001,Intersection of concord ave & madison st,concord ave & madison st
4002,hingham st Site,hingham st
4003,pine st Site,pine st
4004,Intersection of gore st & sixth st,gore st & sixth st
4005,Intersection of amory st & hampshire st,amory st & hampshire st
4006,"100 bow st Site","100 bow st"
4007,allston ct Site,allston ct
4008,Intersection of linnaean st & walker st,linnaean st & walker st
4009,"1300 massachusetts ave Site","1300 massachusetts ave"
4010,"200 cambridgepark dr Site","200 cambridgepark dr"
4011,Intersection of massachusetts ave & porter sq,massachusetts ave & porter sq
4012,Intersection of cambridge st & windsor st,cambridge st & windsor st
4013,Intersection of garfield st & oxford st,garfield st & oxford st
4014,"300 rindge ave Site","300 rindge ave"
4015,Intersection of munroe st & third st,munroe st & third st
4016,Intersection of munroe st & third st,munroe st & third st
4017,Intersection of mead st & walden st,mead st & walden st
4018,Intersection of garden st & walden st,garden st & walden st
4019,Intersection of bowdoin st & hudson st,bowdoin st & hudson st
4020,Intersection of concord ave & fern st,concord ave & fern st
4021,Intersection of water st & monsignor obrien hwy,water st & monsignor obrien hwy
4022,"100 corcoran ln Site","100 corcoran ln"
4023,"100 white st Site","100 white st"
4024,Intersection of main st & dock st,main st & dock st
4025,Intersection of chilton st & concord ave,chilton st & concord ave
4026,state st Site,state st
4027,Intersection of broadway & ellsworth ave,broadway & ellsworth ave
4028,Intersection of windsor st & palermo st,windsor st & palermo st
4029,Intersection of windsor st & broadway,windsor st & broadway
4030,Intersection of massachusetts ave & blake st,massachusetts ave & blake st
4031,Intersection of green st & pleasant st,green st & pleasant st
4032,Intersection of gilmore st & western ave,gilmore st & western ave
4033,revere st Site,revere st
4034,Intersection of martin st & massachusetts ave,martin st & massachusetts ave
4035,Intersection of massachusetts ave & putnam ave,massachusetts ave & putnam ave
4036,"100 clark st Site","100 clark st"
4037,Intersection of chilton st & huron ave,chilton st & huron ave
4038,crossland st Site,crossland st
4039,Intersection of massachusetts ave & bay st,massachusetts ave & bay st
4040,Intersection of cambridge st & antrim st,cambridge st & antrim st
4041,"1400 kendall sq Site","1400 kendall sq"
4042,"300 kendall st Site","300 kendall st"
4043,flagg st Site,flagg st
4044,Intersection of bryant st & irving st,bryant st & irving st
4045,Intersection of ellery st & broadway,ellery st & broadway
4046,Intersection of bennett st & eliot st,bennett st & eliot st
4047,cottage ct Site,cottage ct
4048,Intersection of garden st & sherman st,garden st & sherman st
4049,Intersection of putnam ave & river st,putnam ave & river st
4050,Intersection of garden st & appian way,garden st & appian way
4051,Intersection of eliot st & bennett st,eliot st & bennett st
4052,"100 gerrys landing rd Site","100 gerrys landing rd"
4053,Intersection of massachusetts ave & newport rd,massachusetts ave & newport rd
4054,Intersection of gore st & rufo rd,gore st & rufo rd
4055,healey st Site,healey st
4056,Intersection of dudley st & montgomery st,dudley st & montgomery st
4057,Intersection of massachusetts ave & massachusetts ave,massachusetts ave & massachusetts ave
4058,Intersection of norfolk ct & elm st,norfolk ct & elm st
4059,Intersection of wheeler st & concord ave,wheeler st & concord ave
4060,Intersection of norfolk st & suffolk st,norfolk st & suffolk st
4061,"1100 massachusetts ave Site","1100 massachusetts ave"
4062,Intersection of massachusetts ave & douglass st,massachusetts ave & douglass st
4063,Intersection of brattle st & lowell st,brattle st & lowell st
4064,Intersection of putnam ave & magee st,putnam ave & magee st
4065,Intersection of massachusetts ave & western ave,massachusetts ave & western ave
4066,Intersection of peabody st & massachusetts ave,peabody st & massachusetts ave
4067,"200 garden st Site","200 garden st"
4068,Intersection of boardman st & harvard st,boardman st & harvard st
4069,"800 somerville ave Site","800 somerville ave"
4070,Intersection of cadbury rd & sherman st,cadbury rd & sherman st
4071,Intersection of lawn ct & may st,lawn ct & may st
4072,Intersection of allston st & fairmont ave,allston st & fairmont ave
4073,Intersection of pemberton st & sargent st,pemberton st & sargent st
4074,"400 franklin st Site","400 franklin st"
4075,blackstone st Site,blackstone st
4076,Intersection of harding st & jefferson st,harding st & jefferson st
4077,Intersection of gerry st & mount auburn st,gerry st & mount auburn st
4078,Intersection of plymouth st & hamlin st,plymouth st & hamlin st
4079,allston st Site,allston st
4080,Intersection of akron st & banks st,akron st & banks st
4081,Intersection of danehy park & new st,danehy park & new st
4082,"900 massachusetts ave Site","900 massachusetts ave"
4083,dana pl Site,dana pl
4084,Intersection of kirkland st & trowbridge st,kirkland st & trowbridge st
4085,carleton st Site,carleton st
4086,Intersection of massachusetts ave & mount vernon st,massachusetts ave & mount vernon st
4087,"100 wadsworth st Site","100 wadsworth st"
4088,water st Site,water st
4089,Intersection of farrar st & irving st,farrar st & irving st
4090,"200 bent st Site","200 bent st"
4091,"500 broadway Site","500 broadway"
4092,westacott ct Site,westacott ct
4093,"900 massachusetts ave Site","900 massachusetts ave"
4094,prospect st Site,prospect st
4095,Intersection of harding st & cambridge st,harding st & cambridge st
4096,douglass st Site,douglass st
4097,Intersection of cardinal medeiros ave & cambridge st,cardinal medeiros ave & cambridge st
4098,"100 monsignor obrien hwy Site","100 monsignor obrien hwy"
4099,"500 windsor st Site","500 windsor st"
4100,Intersection of vail ct & bishop allen dr,vail ct & bishop allen dr
4101,Intersection of channing st & brattle st,channing st & brattle st
4102,"200 appleton st Site","200 appleton st"
4103,Intersection of massachusetts ave & pearl st,massachusetts ave & pearl st
4104,Intersection of massachusetts ave & waterhouse st,massachusetts ave & waterhouse st
4105,"100 pearl street pl Site","100 pearl street pl"
4106,central sq mbta stat Site,central sq mbta stat
4107,"100 clay st Site","100 clay st"
4108,holworthy pl Site,holworthy pl
4109,Intersection of davenport st & massachusetts ave,davenport st & massachusetts ave
4110,Intersection of cambridge ter & richdale ave,cambridge ter & richdale ave
4111,white st Site,white st
4112,"200 thorndike pl Site","200 thorndike pl"
4113,"1400 massachusetts ave Site","1400 massachusetts ave"
4114,pilgrim st Site,pilgrim st
4115,Intersection of glassworks ave & leighton st,glassworks ave & leighton st
4116,Intersection of fainwood cir & fayette st,fainwood cir & fayette st
4117,audrey st Site,audrey st
4118,monsignor obrien hwy Site,monsignor obrien hwy
4119,Intersection of webster ave & plymouth st,webster ave & plymouth st
4120,Intersection of cambridge st & webster ave,cambridge st & webster ave
4121,Intersection of massachusetts ave & garden st,massachusetts ave & garden st
4122,Intersection of hampshire st & broadway,hampshire st & broadway
4123,Intersection of edmunds st & massachusetts ave,edmunds st & massachusetts ave
4124,"1200 massachusetts ave Site","1200 massachusetts ave"
4125,Intersection of eliot st & mount auburn st,eliot st & mount auburn st
4126,Intersection of jefferson st & marion st,jefferson st & marion st
4127,Intersection of line st & line st,line st & line st
4128,magee st Site,magee st
4129,Intersection of western ave & auburn st,western ave & auburn st
4130,Intersection of west st & broadway ter,west st & broadway ter
4131,Intersection of amory st & broadway,amory st & broadway
4132,Intersection of mellen st & massachusetts ave,mellen st & massachusetts ave
4133,landsdowne st Site,landsdowne st
4134,"500 broadway Site","500 broadway"
4135,"100 fresh pond pl Site","100 fresh pond pl"
4136,"100 lopez st Site","100 lopez st"
4137,Intersection of central sq & central sq,central sq & central sq
4138,Intersection of eighth st & spring st,eighth st & spring st
4139,Intersection of lawrence st & pearl st,lawrence st & pearl st
4140,walker street pl Site,walker street pl
4141,Intersection of sixth st & thorndike st,sixth st & thorndike st
4142,Intersection of cardinal medeiros ave & binney st,cardinal medeiros ave & binney st
4143,Intersection of richard ave & murray hill rd,richard ave & murray hill rd
4144,Intersection of plymouth st & webster ave,plymouth st & webster ave
4145,"100 fulkerson st Site","100 fulkerson st"
4146,Intersection of banks st & grant st,banks st & grant st
4147,Intersection of mount auburn st & holyoke st,mount auburn st & holyoke st
4148,"100 land blvd Site","100 land blvd"
4149,Intersection of massachusetts ave & temple st,massachusetts ave & temple st
4150,Intersection of leighton st & north point blvd,leighton st & north point blvd
4151,Intersection of cambridge st & columbia st,cambridge st & columbia st
4152,Intersection of amherst st & wadsworth st,amherst st & wadsworth st
4153,Intersection of windsor st & cambridge st,windsor st & cambridge st
4154,union ter Site,union ter
4155,Intersection of education st & museum way,education st & museum way
4156,Intersection of pemberton st & haskell st,pemberton st & haskell st
4157,worthington st Site,worthington st
4158,Intersection of land blvd & monsignor obrien hwy,land blvd & monsignor obrien hwy
4159,Intersection of massachusetts ave & memorial dr,massachusetts ave & memorial dr
4160,Intersection of blackstone st & river st,blackstone st & river st
4161,"100 pleasant st Site","100 pleasant st"
4162,Intersection of columbia st & massachusetts ave,columbia st & massachusetts ave
4163,Intersection of first st & otis st,first st & otis st
4164,Intersection of dewolfe st & mill st,dewolfe st & mill st
4165,Intersection of brookline st & memorial dr,brookline st & memorial dr
4166,Intersection of binney st & galileo galilei way,binney st & galileo galilei way
4167,park ave Site,park ave
4168,Intersection of raymond st & walden st,raymond st & walden st
4169,mason st Site,mason st
4170,glassworks ave Site,glassworks ave
4171,"100 hancock st Site","100 hancock st"
4172,Intersection of broadway & hampshire st,broadway & hampshire st
4173,Intersection of rindge ave & clay st,rindge ave & clay st
4174,Intersection of elm street north & tenney st,elm street north & tenney st
4175,peabody st Site,peabody st
4176,"100 belmont st Site","100 belmont st"
4177,"200 huron ave Site","200 huron ave"
4178,Intersection of broadway & trowbridge st,broadway & trowbridge st
4179,Intersection of prince st & magazine st,prince st & magazine st
4180,Intersection of erie st & magazine st,erie st & magazine st
4181,Intersection of chestnut st & sidney st,chestnut st & sidney st
4182,Intersection of hews st & western ave,hews st & western ave
4183,Intersection of dudley st & massachusetts ave,dudley st & massachusetts ave
4184,Intersection of brattle st & church st,brattle st & church st
4185,laurel st Site,laurel st
4186,Intersection of north point blvd & museum way,north point blvd & museum way
4187,"300 lexington ave Site","300 lexington ave"
4188,"200 fifth st Site","200 fifth st"
4189,"200 garden st Site","200 garden st"
4190,Intersection of mount auburn st & traill st,mount auburn st & traill st
4191,church st Site,church st
4192,Intersection of ellery st & massachusetts ave,ellery st & massachusetts ave
4193,"600 massachusetts ave Site","600 massachusetts ave"
4194,Intersection of main st & broadway,main st & broadway
4195,sacramento st Site,sacramento st
4196,Intersection of massachusetts ave & shea rd,massachusetts ave & shea rd
4197,Intersection of gore st & gore st,gore st & gore st
4198,Intersection of concord ave & fawcett st,concord ave & fawcett st
4199,camden pl Site,camden pl
4200,"100 otis st Site","100 otis st"
4201,Intersection of berkeley st & phillips pl,berkeley st & phillips pl
4202,Intersection of clary st & prospect st,clary st & prospect st
4203,holworthy pl Site,holworthy pl
4204,Intersection of madison ave & whittemore ave,madison ave & whittemore ave
4205,Intersection of eliot st & brattle st,eliot st & brattle st
4206,vandine st Site,vandine st
4207,Intersection of franklin st & river st,franklin st & river st
4208,Intersection of cambridge st & hampshire st,cambridge st & hampshire st
4209,Intersection of school st & bishop allen dr,school st & bishop allen dr
4210,Intersection of pemberton st & haskell st,pemberton st & haskell st
4211,"100 brookline pl Site","100 brookline pl"
4212,"300 memorial dr Site","300 memorial dr"
4213,Intersection of crescent st & oxford st,crescent st & oxford st
4214,"100 brewster st Site","100 brewster st"
4215,Intersection of massachusetts ave & inman st,massachusetts ave & inman st
4216,Intersection of appleton st & saville st,appleton st & saville st
4217,Intersection of linnaean st & avon hill st,linnaean st & avon hill st
4218,"200 pleasant st Site","200 pleasant st"
4219,Intersection of acacia st & ash st,acacia st & ash st
4220,Intersection of orchard st & russell st,orchard st & russell st
4221,Intersection of essex st & bishop allen dr,essex st & bishop allen dr
4222,Intersection of berkshire st & hardwick st,berkshire st & hardwick st
4223,Intersection of cardinal medeiros ave & hardwick st,cardinal medeiros ave & hardwick st
4224,Intersection of broadway & crawford st,broadway & crawford st
4225,"200 harvard st Site","200 harvard st"
4226,Intersection of massachusetts ave & mellen st,massachusetts ave & mellen st
4227,concord ave Site,concord ave
4228,Intersection of inman st & massachusetts ave,inman st & massachusetts ave
4229,Intersection of sparks st & brattle st,sparks st & brattle st
4230,Intersection of gore street pl & rufo rd,gore street pl & rufo rd
4231,Intersection of buckingham st & healey st,buckingham st & healey st
4232,Intersection of standish st & waterman rd,standish st & waterman rd
4233,Intersection of standish st & waterman rd,standish st & waterman rd
4234,Intersection of brattle st & mount auburn st,brattle st & mount auburn st
4235,Intersection of trowbridge st & massachusetts ave,trowbridge st & massachusetts ave
4236,Intersection of gold star rd & seven pines ave,gold star rd & seven pines ave
4237,Intersection of elm st & broadway,elm st & broadway
4238,Intersection of highland ave & broadway,highland ave & broadway
4239,Intersection of eighth st & otis st,eighth st & otis st
4240,Intersection of sherman st & walden st,sherman st & walden st
4241,"200 alewife brook pky Site","200 alewife brook pky"
4242,broadway Site,broadway
4243,Intersection of upland rd & washington ave,upland rd & washington ave
4244,Intersection of essex st & massachusetts ave,essex st & massachusetts ave
4245,corporal burns rd Site,corporal burns rd
4246,Intersection of endicott st & memorial dr,endicott st & memorial dr
4247,Intersection of yerxa rd & pemberton st,yerxa rd & pemberton st
4248,Intersection of cambridgepark pl & alewife brook pky,cambridgepark pl & alewife brook pky
4249,holworthy ter Site,holworthy ter
4250,Intersection of massachusetts ave & peabody st,massachusetts ave & peabody st
4251,orchard st Site,orchard st
4252,"200 thorndike st Site","200 thorndike st"
4253,Intersection of temple st & massachusetts ave,temple st & massachusetts ave
4254,"300 columbia st Site","300 columbia st"
4255,Intersection of albany st & main st,albany st & main st
4256,Intersection of rindge ave & sargent st,rindge ave & sargent st
4257,Intersection of main st & vassar st,main st & vassar st
4258,Intersection of oxford st & kirkland st,oxford st & kirkland st
4259,Intersection of putnam ave & surrey st,putnam ave & surrey st
4260,"100 massachusetts ave Site","100 massachusetts ave"
4261,Intersection of rollins ct & watson st,rollins ct & watson st
4262,craigie cir Site,craigie cir
4263,st gerard ter Site,st gerard ter
4264,Intersection of hancock st & centre st,hancock st & centre st
4265,Intersection of river st & green st,river st & green st
4266,Intersection of cambridgeside pl & land blvd,cambridgeside pl & land blvd
4267,"1800 massachusetts ave Site","1800 massachusetts ave"
4268,Intersection of concord ave & fresh pond pky,concord ave & fresh pond pky
4269,Intersection of harvey st & jackson st,harvey st & jackson st
4270,carlisle st Site,carlisle st
4271,Intersection of fresh pond pky & larch rd,fresh pond pky & larch rd
4272,Intersection of franklin st & soden st,franklin st & soden st
4273,"100 broadway Site","100 broadway"
4274,Intersection of holworthy st & high st,holworthy st & high st
4275,"8200 central sq Site","8200 central sq"
4276,Intersection of banks st & cowperthwaite st,banks st & cowperthwaite st
4277,"100 linnaean st Site","100 linnaean st"
4278,Intersection of cardinal medeiros ave & binney st,cardinal medeiros ave & binney st
4279,Intersection of central sq & massachusetts ave,central sq & massachusetts ave
4280,Intersection of prospect st & st mary rd,prospect st & st mary rd
4281,nichols pl Site,nichols pl
4282,Intersection of albany st & portland st,albany st & portland st
4283,"100 amory st Site","100 amory st"
4284,Intersection of magazine st & riverside rd,magazine st & riverside rd
4285,"400 cambridge st Site","400 cambridge st"
4286,Intersection of pemberton st & warwick park,pemberton st & warwick park
4287,Intersection of evereteze way & cambridge st,evereteze way & cambridge st
4288,Intersection of kirkland st & irving st,kirkland st & irving st
4289,essex st Site,essex st
4290,"600 massachusetts ave Site","600 massachusetts ave"
4291,"400 fresh pond pky Site","400 fresh pond pky"
4292,Intersection of bent st & first st,bent st & first st
4293,Intersection of hubbard ave & raymond st,hubbard ave & raymond st
4294,Intersection of cambridge st & fifth st,cambridge st & fifth st
4295,Intersection of sherman st & stearns st,sherman st & stearns st
4296,Intersection of jfk park & mount auburn st,jfk park & mount auburn st
4297,Intersection of harvard st & prospect st,harvard st & prospect st
4298,Intersection of upland rd & massachusetts ave,upland rd & massachusetts ave
4299,Intersection of cambridge st & windsor st,cambridge st & windsor st
4300,Intersection of broadway & main st,broadway & main st
4301,"100 fawcett st Site","100 fawcett st"
4302,trowbridge st Site,trowbridge st
4303,Intersection of may st & vineyard st,may st & vineyard st
4304,Intersection of concord ave & griswold st,concord ave & griswold st
4305,Intersection of alpine st & concord ave,alpine st & concord ave
4306,Intersection of memorial dr & western avenue bridge,memorial dr & western avenue bridge
4307,"100 aberdeen ave Site","100 aberdeen ave"
4308,Intersection of mount auburn st & homer ave,mount auburn st & homer ave
4309,appleton rd Site,appleton rd
4310,Intersection of chilton st & concord ave,chilton st & concord ave
4311,jackson st Site,jackson st
4312,Intersection of memorial dr & mount auburn st,memorial dr & mount auburn st
4313,Intersection of oxford st & everett st,oxford st & everett st
4314,Intersection of holyoke st & massachusetts ave,holyoke st & massachusetts ave
4315,Intersection of garden st & shepard st,garden st & shepard st
4316,Intersection of cardinal medeiros ave & york pl,cardinal medeiros ave & york pl
4317,"200 broadway Site","200 broadway"
4318,Intersection of windsor st & palermo st,windsor st & palermo st
4319,Intersection of hawthorne st & brattle st,hawthorne st & brattle st
4320,Intersection of massachusetts ave & shepard st,massachusetts ave & shepard st
4321,Intersection of massachusetts ave & temple st,massachusetts ave & temple st
4322,Intersection of rockwell st & pleasant st,rockwell st & pleasant st
4323,Intersection of chestnut st & hastings sq,chestnut st & hastings sq
4324,Intersection of dock st & main st,dock st & main st
4325,Intersection of quincy st & broadway,quincy st & broadway
4326,Intersection of waverly st & erie st,waverly st & erie st
4327,Intersection of brookline st & green st,brookline st & green st
4328,Intersection of concord ave & craigie st,concord ave & craigie st
4329,Intersection of athens st & mount auburn st,athens st & mount auburn st
4330,smith pl Site,smith pl
4331,Intersection of thingvalla ave & corcoran ln,thingvalla ave & corcoran ln
4332,Intersection of haskell st & massachusetts ave,haskell st & massachusetts ave
4333,Intersection of concord ave & royal ave,concord ave & royal ave
4334,museum st Site,museum st
4335,Intersection of birch st & bay state rd,birch st & bay state rd
4336,Intersection of first st & canal park,first st & canal park
4337,Intersection of florence st & pleasant st,florence st & pleasant st
4338,"100 churchill ave Site","100 churchill ave"
4339,Intersection of brattle st & story st,brattle st & story st
4340,Intersection of broadway & norfolk st,broadway & norfolk st
4341,somerville ave Site,somerville ave
4342,Intersection of palmer st & palmer st,palmer st & palmer st
4343,longfellow rd Site,longfellow rd
4344,Intersection of berkshire st & bristol st,berkshire st & bristol st
4345,Intersection of boardman st & broadway,boardman st & broadway
4346,Intersection of hardwick st & berkshire st,hardwick st & berkshire st
4347,Intersection of massachusetts ave & upland rd,massachusetts ave & upland rd
4348,Intersection of massachusetts ave & porter st,massachusetts ave & porter st
4349,Intersection of elm st & market st,elm st & market st
4350,"300 fresh pond golf course Site","300 fresh pond golf course"
4351,"300 main st Site","300 main st"
4352,"300 franklin st Site","300 franklin st"
4353,mill st Site,mill st
4354,Intersection of allston st & magazine st,allston st & magazine st
4355,Intersection of chalk st & pleasant st,chalk st & pleasant st
4356,"100 union st Site","100 union st"
4357,Intersection of aberdeen ave & aberdeen ave,aberdeen ave & aberdeen ave
4358,"200 memorial dr Site","200 memorial dr"
4359,"100 lakeview ave Site","100 lakeview ave"
4360,Intersection of kirkland st & roberts rd,kirkland st & roberts rd
4361,Intersection of bay st & massachusetts ave,bay st & massachusetts ave
4362,Intersection of alewife brook pky & alewife brook pky,alewife brook pky & alewife brook pky
4363,hampshire st Site,hampshire st
4364,Intersection of cowperthwaite st & dewolfe st,cowperthwaite st & dewolfe st
4365,Intersection of massachusetts ave & dunster st,massachusetts ave & dunster st
4366,Intersection of putnam ave & pleasant st,putnam ave & pleasant st
4367,Intersection of fayerweather st & ivy st,fayerweather st & ivy st
4368,Intersection of broadway & ames st,broadway & ames st
4369,Intersection of mount auburn st & aberdeen ave,mount auburn st & aberdeen ave
4370,"200 broadway Site","200 broadway"
4371,hollis park Site,hollis park
4372,Intersection of walnut ave & upland rd,walnut ave & upland rd
4373,Intersection of fresh pond pky & lakeview ave,fresh pond pky & lakeview ave
4374,"400 main st Site","400 main st"
4375,Intersection of pearl st & pearl st,pearl st & pearl st
4376,Intersection of auburn st & magazine st,auburn st & magazine st
4377,Intersection of prospect st & harvard sq,prospect st & harvard sq
4378,Intersection of kassul park & whittemore ave,kassul park & whittemore ave
4379,channing pl Site,channing pl
4380,Intersection of sciarappa st & fourth street pl,sciarappa st & fourth street pl
4381,quincy st Site,quincy st
4382,Intersection of brewer st & mount auburn st,brewer st & mount auburn st
4383,"500 green st Site","500 green st"
4384,Intersection of cardinal medeiros ave & plymouth st,cardinal medeiros ave & plymouth st
4385,Intersection of peters st & peters st,peters st & peters st
4386,"100 reed street ct Site","100 reed street ct"
4387,Intersection of gore st & fifth st,gore st & fifth st
4388,Intersection of blanchard rd & south normandy ave,blanchard rd & south normandy ave
4389,Intersection of moulton st & wilson rd,moulton st & wilson rd
4390,Intersection of sumner rd & irving ter,sumner rd & irving ter
4391,Intersection of massachusetts ave & dana st,massachusetts ave & dana st
4392,Intersection of mount auburn st & belmont st,mount auburn st & belmont st
4393,Intersection of hubbard ave & walden st,hubbard ave & walden st
4394,Intersection of broadway & columbia st,broadway & columbia st
4395,Intersection of camp st & fair oaks st,camp st & fair oaks st
4396,Intersection of lincoln st & webster ave,lincoln st & webster ave
4397,"100 columbia ter Site","100 columbia ter"
4398,wadsworth st Site,wadsworth st
4399,Intersection of hingham st & memorial dr,hingham st & memorial dr
4400,"800 memorial dr Site","800 memorial dr"
4401,Intersection of hampshire st & tremont st,hampshire st & tremont st
4402,Intersection of banks st & cowperthwaite st,banks st & cowperthwaite st
4403,Intersection of beech st & massachusetts ave,beech st & massachusetts ave
4404,"100 white st Site","100 white st"
4405,Intersection of mount auburn st & putnam ave,mount auburn st & putnam ave
4406,"100 fresh pond pl Site","100 fresh pond pl"
4407,Intersection of binney st & first st,binney st & first st
4408,Intersection of memorial dr & broadway,memorial dr & broadway
4409,Intersection of lancaster st & agassiz st,lancaster st & agassiz st
4410,"100 rindge ave Site","100 rindge ave"
4411,woodbridge st Site,woodbridge st
4412,Intersection of hampshire st & prospect st,hampshire st & prospect st
4413,"1300 massachusetts ave Site","1300 massachusetts ave"
4414,"100 yerxa rd Site","100 yerxa rd"
4415,"200 coolidge ave Site","200 coolidge ave"
4416,Intersection of jfk st & winthrop st,jfk st & winthrop st
4417,Intersection of farrar st & holden st,farrar st & holden st
4418,Intersection of carlisle st & prospect st,carlisle st & prospect st
4419,Intersection of alewife brook pky & rindge ave,alewife brook pky & rindge ave
4420,Intersection of blanchard rd & concord ave,blanchard rd & concord ave
4421,Intersection of pleasant st & chalk st,pleasant st & chalk st
4422,"700 kendall sq Site","700 kendall sq"
4423,Intersection of putnam ave & river st,putnam ave & river st
4424,hampshire st Site,hampshire st
4425,Intersection of appleton st & hutchinson st,appleton st & hutchinson st
4426,"100 portland st Site","100 portland st"
4427,Intersection of mason st & mason st,mason st & mason st
4428,Intersection of third st & bent st,third st & bent st
4429,Intersection of concord ave & garden st,concord ave & garden st
4430,"300 green st Site","300 green st"
4431,Intersection of bristol st & cardinal medeiros ave,bristol st & cardinal medeiros ave
4432,Intersection of cambridge st & leonard ave,cambridge st & leonard ave
4433,Intersection of montague st & western ave,montague st & western ave
4434,Intersection of washington st & pine st,washington st & pine st
4435,western ave Site,western ave
4436,Intersection of auburn st & pleasant st,auburn st & pleasant st
4437,Intersection of east st & glassworks ave,east st & glassworks ave
4438,Intersection of upland rd & whittier st,upland rd & whittier st
4439,Intersection of massachusetts ave & dunster st,massachusetts ave & dunster st
4440,Intersection of fayerweather st & fayerweather st,fayerweather st & fayerweather st
4441,Intersection of prospect st & prospect st,prospect st & prospect st
4442,Intersection of inman st & massachusetts ave,inman st & massachusetts ave
4443,Intersection of columbia st & market st,columbia st & market st
4444,Intersection of columbia st & broadway,columbia st & broadway
4445,"100 irving st Site","100 irving st"
4446,Intersection of orchard st & beech st,orchard st & beech st
4447,Intersection of massachusetts ave & dover st,massachusetts ave & dover st
4448,Intersection of galileo galilei way & main st,galileo galilei way & main st
4449,Intersection of martin st & hurlbut st,martin st & hurlbut st
4450,Intersection of arrow st & bow st,arrow st & bow st
4451,Intersection of oxford st & wendell st,oxford st & wendell st
4452,fiske pl Site,fiske pl
4453,Intersection of gardner rd & tremont st,gardner rd & tremont st
4454,Intersection of blanchard rd & glenn ter,blanchard rd & glenn ter
4455,Intersection of cogswell pl & mead st,cogswell pl & mead st
4456,"500 kendall st Site","500 kendall st"
4457,Intersection of sherman st & pemberton st,sherman st & pemberton st
4458,columbia ter Site,columbia ter
4459,Intersection of massachusetts ave & vassar st,massachusetts ave & vassar st
4460,Intersection of roosevelt towers & willow st,roosevelt towers & willow st
4461,Intersection of dinsmore ct & willard st,dinsmore ct & willard st
4462,Intersection of windsor st & evereteze way,windsor st & evereteze way
4463,Intersection of everett st & massachusetts ave,everett st & massachusetts ave
4464,Intersection of magazine st & cottage st,magazine st & cottage st
4465,Intersection of fifth st & winter st,fifth st & winter st
4466,Intersection of east st & monsignor obrien hwy,east st & monsignor obrien hwy
4467,Intersection of massachusetts ave & rindge ave,massachusetts ave & rindge ave
4468,Intersection of craigie st & berkeley st,craigie st & berkeley st
4469,Intersection of broadway & antrim st,broadway & antrim st
4470,Intersection of highland park & highland ave,highland park & highland ave
4471,Intersection of white st & white st,white st & white st
4472,"100 broadway Site","100 broadway"
4473,Intersection of washington st & norfolk st,washington st & norfolk st
4474,Intersection of norfolk st & washington st,norfolk st & washington st
4475,Intersection of brookline pl & pacific st,brookline pl & pacific st
4476,Intersection of bay st & kinnaird st,bay st & kinnaird st
4477,Intersection of mead st & cogswell ave,mead st & cogswell ave
4478,Intersection of massachusetts ave & porter sq,massachusetts ave & porter sq
4479,Intersection of grozier rd & huron ave,grozier rd & huron ave
4480,Intersection of pleasant st & fairmont st,pleasant st & fairmont st
4481,Intersection of river st & massachusetts ave,river st & massachusetts ave
4482,Intersection of concord ave & smith pl,concord ave & smith pl
4483,"1000 jackson pl Site","1000 jackson pl"
4484,Intersection of water st & water st,water st & water st
4485,Intersection of ames st & main st,ames st & main st
4486,"200 garden st Site","200 garden st"
4487,Intersection of glacken field & huron ave,glacken field & huron ave
4488,Intersection of massachusetts ave & massachusetts ave,massachusetts ave & massachusetts ave
4489,langdon sq Site,langdon sq
4490,Intersection of cambridge st & massachusetts ave,cambridge st & massachusetts ave
4491,Intersection of franklin st & putnam ave,franklin st & putnam ave
4492,Intersection of winthrop st & jfk st,winthrop st & jfk st
4493,Intersection of cambridge st & massachusetts ave,cambridge st & massachusetts ave
4494,Intersection of webster ave & clark st,webster ave & clark st
4495,Intersection of hunting st & hunting st,hunting st & hunting st
4496,Intersection of boardman st & harvard st,boardman st & harvard st
4497,Intersection of hunting st & cambridge st,hunting st & cambridge st
4498,"300 bent st Site","300 bent st"
4499,Intersection of brookline st & franklin st,brookline st & franklin st
4500,Intersection of massachusetts ave & alewife brook pky,massachusetts ave & alewife brook pky
4501,Intersection of belmont st & cushing st,belmont st & cushing st
4502,Intersection of soden st & franklin st,soden st & franklin st
4503,soden pl Site,soden pl
4504,Intersection of north point blvd & leighton st,north point blvd & leighton st
4505,"600 cambridge st Site","600 cambridge st"
4506,Intersection of main st & broadway,main st & broadway
4507,Intersection of jfk st & brattle sq,jfk st & brattle sq
4508,Intersection of magazine st & green st,magazine st & green st
4509,Intersection of banks st & cowperthwaite st,banks st & cowperthwaite st
4510,Intersection of coolidge ave & coolidge hill,coolidge ave & coolidge hill
4511,Intersection of brookline st & valentine st,brookline st & valentine st
4512,Intersection of chestnut st & whitney ave,chestnut st & whitney ave
4513,Intersection of gore st & sixth st,gore st & sixth st
4514,william st Site,william st
4515,Intersection of columbus ave & massachusetts ave,columbus ave & massachusetts ave
4516,Intersection of massachusetts ave & norfolk st,massachusetts ave & norfolk st
4517,Intersection of essex st & bishop allen dr,essex st & bishop allen dr
4518,Intersection of massachusetts ave & chauncy st,massachusetts ave & chauncy st
4519,gordon pl Site,gordon pl
4520,Intersection of binney st & fulkerson st,binney st & fulkerson st
4521,Intersection of putnam ave & franklin st,putnam ave & franklin st
4522,Intersection of garden st & cambridge common,garden st & cambridge common
4523,gold star rd Site,gold star rd
4524,gerrys landing Site,gerrys landing
4525,"100 hancock st Site","100 hancock st"
4526,norfolk st Site,norfolk st
4527,Intersection of manassas ave & huron ave,manassas ave & huron ave
4528,Intersection of harvard st & cherry st,harvard st & cherry st
4529,Intersection of massachusetts ave & western ave,massachusetts ave & western ave
4530,Intersection of windsor st & broadway,windsor st & broadway
4531,Intersection of erie st & pearl st,erie st & pearl st
4532,Intersection of concord ave & follen st,concord ave & follen st
4533,cowperthwaite st Site,cowperthwaite st
4534,"900 massachusetts ave Site","900 massachusetts ave"
4535,"300 lakeview ave Site","300 lakeview ave"
4536,Intersection of bigelow st & massachusetts ave,bigelow st & massachusetts ave
4537,Intersection of kelly rd & river st,kelly rd & river st
4538,Intersection of fresh pond pky & concord ave,fresh pond pky & concord ave
4539,Intersection of third st & broadway,third st & broadway
4540,Intersection of gorham st & hammond st,gorham st & hammond st
4541,clement cir Site,clement cir
4542,"200 broadway Site","200 broadway"
4543,Intersection of waterhouse st & concord ave,waterhouse st & concord ave
4544,windsor st Site,windsor st
4545,Intersection of brookline st & auburn st,brookline st & auburn st
4546,Intersection of washington st & portland st,washington st & portland st
4547,"100 lincoln way Site","100 lincoln way"
4548,Intersection of brattle st & hubbard park rd,brattle st & hubbard park rd
4549,"1500 massachusetts ave Site","1500 massachusetts ave"
4550,Intersection of massachusetts ave & sidney st,massachusetts ave & sidney st
4551,Intersection of prince st & magazine st,prince st & magazine st
4552,Intersection of east st & north point blvd,east st & north point blvd
4553,Intersection of thorndike way & first st,thorndike way & first st
4554,albany st Site,albany st
4555,Intersection of ames st & memorial dr,ames st & memorial dr
4556,Intersection of vandine st & berkshire st,vandine st & berkshire st
4557,Intersection of jefferson st & warren st,jefferson st & warren st
4558,Intersection of plympton st & memorial dr,plympton st & memorial dr
4559,oxford ave Site,oxford ave
4560,Intersection of irving ter & sumner rd,irving ter & sumner rd
4561,Intersection of cogswell ave & massachusetts ave,cogswell ave & massachusetts ave
4562,Intersection of concord ave & new st,concord ave & new st
4563,"100 broadway Site","100 broadway"
4564,Intersection of green st & hancock st,green st & hancock st
4565,Intersection of palmer st & massachusetts ave,palmer st & massachusetts ave
4566,Intersection of cushing st & huron ave,cushing st & huron ave
4567,"400 rindge ave Site","400 rindge ave"
4568,Intersection of river st & massachusetts ave,river st & massachusetts ave
4569,"200 elm st Site","200 elm st"
4570,Intersection of massachusetts ave & vassar st,massachusetts ave & vassar st
4571,Intersection of mount auburn st & aberdeen ave,mount auburn st & aberdeen ave
4572,Intersection of mount auburn st & brattle st,mount auburn st & brattle st
4573,"200 cushing st Site","200 cushing st"
4574,dunstable rd Site,dunstable rd
4575,Intersection of cambridge st & second st,cambridge st & second st
4576,Intersection of jfk st & jfk st,jfk st & jfk st
4577,warwick park Site,warwick park
4578,Intersection of broadway & moore st,broadway & moore st
4579,Intersection of avon st & linnaean st,avon st & linnaean st
4580,Intersection of ash st & brattle st,ash st & brattle st
4581,Intersection of land blvd & land blvd,land blvd & land blvd
4582,Intersection of mount auburn st & brattle st,mount auburn st & brattle st
4583,Intersection of harvey st & clifton st,harvey st & clifton st
4584,Intersection of belmont st & norman st,belmont st & norman st
4585,Intersection of sherman st & rindge ave,sherman st & rindge ave
4586,Intersection of fayerweather st & walden st,fayerweather st & walden st
4587,Intersection of memorial dr & plympton st,memorial dr & plympton st
4588,Intersection of western ave & putnam ave,western ave & putnam ave
4589,Intersection of harvard st & centre st,harvard st & centre st
4590,Intersection of vassar st & massachusetts ave,vassar st & massachusetts ave
4591,Intersection of fairmont st & river st,fairmont st & river st
4592,Intersection of massachusetts ave & allen st,massachusetts ave & allen st
4593,Intersection of windsor st & evereteze way,windsor st & evereteze way
4594,"500 main st Site","500 main st"
4595,putnam ave Site,putnam ave
4596,brookline st Site,brookline st
4597,Intersection of amesbury st & vassar st,amesbury st & vassar st
4598,"300 hampshire st Site","300 hampshire st"
4599,Intersection of gore st & lambert st,gore st & lambert st
4600,Intersection of dudley st & reed st,dudley st & reed st
4601,Intersection of brattle st & massachusetts ave,brattle st & massachusetts ave
4602,"100 kendall sq Site","100 kendall sq"
4603,Intersection of hamlin st & plymouth st,hamlin st & plymouth st
4604,Intersection of bowdoin st & hudson st,bowdoin st & hudson st
4605,macarelli way Site,macarelli way
4606,Intersection of evereteze way & cambridge st,evereteze way & cambridge st
4607,"100 line st Site","100 line st"
4608,Intersection of green st & river st,green st & river st
4609,"1500 kendall sq Site","1500 kendall sq"
4610,Intersection of broadway & broadway,broadway & broadway
4611,"300 prentiss st Site","300 prentiss st"
4612,evereteze way Site,evereteze way
4613,Intersection of massachusetts ave & porter sq,massachusetts ave & porter sq
4614,Intersection of huron ave & reservoir st,huron ave & reservoir st
4615,Intersection of harris st & prentiss st,harris st & prentiss st
4616,Intersection of lancaster st & massachusetts ave,lancaster st & massachusetts ave
4617,Intersection of tremont st & cambridge st,tremont st & cambridge st
4618,Intersection of highland ave & highland park,highland ave & highland park
4619,Intersection of cambridge st & sciarappa st,cambridge st & sciarappa st
4620,"100 mooney st Site","100 mooney st"
4621,Intersection of kirkland rd & kirkland st,kirkland rd & kirkland st
4622,chauncy ter Site,chauncy ter
4623,"100 bennett st Site","100 bennett st"
4624,Intersection of alewife brook pky & cambridgepark dr,alewife brook pky & cambridgepark dr
4625,essex st Site,essex st
4626,Intersection of pleasant st & franklin st,pleasant st & franklin st
4627,Intersection of canal park & first st,canal park & first st
4628,Intersection of river st & franklin st,river st & franklin st
4629,porter cir Site,porter cir
4630,Intersection of walden st & esten st,walden st & esten st
4631,Intersection of massachusetts ave & upland rd,massachusetts ave & upland rd
4632,hastings ave Site,hastings ave
4633,Intersection of standish st & waterman rd,standish st & waterman rd
4634,Intersection of memorial dr & banks st,memorial dr & banks st
4635,Intersection of berkshire st & york st,berkshire st & york st
4636,Intersection of auburn st & salem st,auburn st & salem st
4637,Intersection of green st & magazine st,green st & magazine st
4638,Intersection of mount auburn st & shaler ln,mount auburn st & shaler ln
4639,Intersection of hampshire st & tremont st,hampshire st & tremont st
4640,Intersection of broadway & norfolk st,broadway & norfolk st
4641,Intersection of carlisle st & tremont st,carlisle st & tremont st
4642,Intersection of brattle st & craigie st,brattle st & craigie st
4643,Intersection of hampshire st & prospect st,hampshire st & prospect st
4644,Intersection of auburn park & sidney st,auburn park & sidney st
4645,Intersection of main st & portland st,main st & portland st
4646,Intersection of pleasant st & pleasant st,pleasant st & pleasant st
4647,worcester st Site,worcester st
4648,Intersection of linsky way & second st,linsky way & second st
4649,Intersection of kinnaird st & putnam ave,kinnaird st & putnam ave
4650,Intersection of raymond st & raymond st,raymond st & raymond st
4651,Intersection of may st & lawn st,may st & lawn st
4652,Intersection of river st & massachusetts ave,river st & massachusetts ave
4653,Intersection of citizens pl & columbia st,citizens pl & columbia st
4654,"100 oxford st Site","100 oxford st"
4655,"100 alpine st Site","100 alpine st"
4656,Intersection of berkshire st & york st,berkshire st & york st
4657,"1700 massachusetts ave Site","1700 massachusetts ave"
4658,Intersection of massachusetts ave & somerville ave,massachusetts ave & somerville ave
4659,fair oaks st Site,fair oaks st
4660,Intersection of bennett st & eliot st,bennett st & eliot st
4661,Intersection of prospect st & harvard st,prospect st & harvard st
4662,Intersection of bay state rd & new st,bay state rd & new st
4663,"400 broadway Site","400 broadway"
4664,Intersection of cambridge st & fifth st,cambridge st & fifth st
4665,"900 ellery st Site","900 ellery st"
4666,Intersection of magazine st & upton st,magazine st & upton st
4667,Intersection of athenaeum st & second st,athenaeum st & second st
4668,Intersection of miller ave & orchard st,miller ave & orchard st
4669,Intersection of garden ln & garden st,garden ln & garden st
4670,Intersection of gilmore st & mildred hamilton pl,gilmore st & mildred hamilton pl
4671,Intersection of massachusetts ave & blake st,massachusetts ave & blake st
4672,"1400 massachusetts ave Site","1400 massachusetts ave"
4673,Intersection of gore st & second st,gore st & second st
4674,Intersection of concord ave & royal ave,concord ave & royal ave
4675,Intersection of river st & rockwell st,river st & rockwell st
4676,Intersection of norfolk st & richardson st,norfolk st & richardson st
4677,Intersection of massachusetts ave & brookline st,massachusetts ave & brookline st
4678,"100 concord ave Site","100 concord ave"
4679,belmont ct Site,belmont ct
4680,Intersection of harvard st & trowbridge pl,harvard st & trowbridge pl
4681,Intersection of pearl st & lopez st,pearl st & lopez st
4682,Intersection of pearl st & massachusetts ave,pearl st & massachusetts ave
4683,Intersection of rogers st & fifth st,rogers st & fifth st
4684,Intersection of massachusetts ave & garden st,massachusetts ave & garden st
4685,Intersection of norfolk st & suffolk st,norfolk st & suffolk st
4686,Intersection of portland st & washington st,portland st & washington st
4687,Intersection of linnaean st & humboldt st,linnaean st & humboldt st
4688,"1700 massachusetts ave Site","1700 massachusetts ave"
4689,Intersection of walden st & sherman st,walden st & sherman st
4690,Intersection of jackson pl & rindge ave,jackson pl & rindge ave
4691,Intersection of magazine st & allston st,magazine st & allston st
4692,Intersection of cambridge st & leonard ave,cambridge st & leonard ave
4693,Intersection of massachusetts ave & garden st,massachusetts ave & garden st
4694,"700 east kendall st Site","700 east kendall st"
4695,Intersection of kirkland st & oxford ave,kirkland st & oxford ave
4696,fountain ter Site,fountain ter
4697,Intersection of alpine st & field st,alpine st & field st
4698,Intersection of linnaean st & washington ave,linnaean st & washington ave
4699,Intersection of chalk st & chalk st,chalk st & chalk st
4700,Intersection of kelly rd & pleasant st,kelly rd & pleasant st
4701,Intersection of pearl st & hamilton st,pearl st & hamilton st
4702,Intersection of hurley st & third st,hurley st & third st
4703,Intersection of massachusetts ave & shea rd,massachusetts ave & shea rd
4704,Intersection of moore st & harvard st,moore st & harvard st
4705,"200 rindge ave Site","200 rindge ave"
4706,child st Site,child st
4707,Intersection of purrington st & purrington st,purrington st & purrington st
4708,Intersection of fern st & concord ave,fern st & concord ave
4709,Intersection of fern st & concord ave,fern st & concord ave
4710,Intersection of first st & linsky way,first st & linsky way
4711,Intersection of oxford ave & everett st,oxford ave & everett st
4712,Intersection of chilton st & huron ave,chilton st & huron ave
4713,divinity ave Site,divinity ave
4714,"200 broadway Site","200 broadway"
4715,Intersection of massachusetts ave & peabody st,massachusetts ave & peabody st
4716,Intersection of cameron ave & fair oaks st,cameron ave & fair oaks st
4717,blakeslee st Site,blakeslee st
4718,Intersection of appian way & garden st,appian way & garden st
4719,"700 cambridge st Site","700 cambridge st"
4720,Intersection of peabody st & massachusetts ave,peabody st & massachusetts ave
4721,Intersection of spring st & fifth st,spring st & fifth st
4722,Intersection of third st & binney st,third st & binney st
4723,mount auburn st Site,mount auburn st
4724,"600 putnam ave Site","600 putnam ave"
4725,Intersection of ericsson st & thingvalla ave,ericsson st & thingvalla ave
4726,Intersection of lexington ave & worthington st,lexington ave & worthington st
4727,Intersection of third st & potter st,third st & potter st
4728,Intersection of clark st & market st,clark st & market st
4729,central sq Site,central sq
4730,Intersection of massachusetts ave & brattle st,massachusetts ave & brattle st
4731,Intersection of cedar st & rindge ave,cedar st & rindge ave
4732,Intersection of dana st & massachusetts ave,dana st & massachusetts ave
4733,"100 thingvalla ave Site","100 thingvalla ave"
4734,Intersection of massachusetts ave & plympton st,massachusetts ave & plympton st
4735,Intersection of brattle st & eliot st,brattle st & eliot st
4736,"400 technology sq Site","400 technology sq"
4737,Intersection of garden ter & garden ter,garden ter & garden ter
4738,Intersection of concord ave & fawcett st,concord ave & fawcett st
4739,Intersection of avon hill st & avon pl,avon hill st & avon pl
4740,Intersection of fowler st & memorial dr,fowler st & memorial dr
4741,Intersection of green st & sellers st,green st & sellers st
4742,lopez st Site,lopez st
4743,Intersection of pearl st & perry st,pearl st & perry st
4744,Intersection of windsor st & front st,windsor st & front st
4745,Intersection of douglass st & howard st,douglass st & howard st
4746,Intersection of carver st & wendell st,carver st & wendell st
4747,vassar st Site,vassar st
4748,Intersection of callender st & putnam ave,callender st & putnam ave
4749,Intersection of dodge st & western ave,dodge st & western ave
4750,Intersection of dana pl & harvard bridge,dana pl & harvard bridge
4751,Intersection of upland rd & raymond st,upland rd & raymond st
4752,Intersection of binney st & fulkerson st,binney st & fulkerson st
4753,Intersection of first st & land blvd,first st & land blvd
4754,Intersection of cadbury rd & sherman st,cadbury rd & sherman st
4755,Intersection of allen st & massachusetts ave,allen st & massachusetts ave
4756,Intersection of oxford st & sacramento st,oxford st & sacramento st
4757,Intersection of inman st & harvard st,inman st & harvard st
4758,Intersection of third st & charles st,third st & charles st
4759,windsor st Site,windsor st
4760,Intersection of amory st & st mary rd,amory st & st mary rd
4761,Intersection of magazine st & erie st,magazine st & erie st
4762,"500 massachusetts ave Site","500 massachusetts ave"
4763,Intersection of charles st & sixth st,charles st & sixth st
4764,Intersection of massachusetts ave & holyoke pl,massachusetts ave & holyoke pl
4765,"300 harvard st Site","300 harvard st"
4766,Intersection of kendall sq & binney st,kendall sq & binney st
4767,Intersection of magazine st & fairmont st,magazine st & fairmont st
4768,Intersection of jefferson st & marion st,jefferson st & marion st
4769,Intersection of cardinal medeiros ave & vandine st,cardinal medeiros ave & vandine st
4770,Intersection of land blvd & cambridge pky,land blvd & cambridge pky
4771,Intersection of athenaeum st & athenaeum st,athenaeum st & athenaeum st
4772,Intersection of pemberton st & yerxa rd,pemberton st & yerxa rd
4773,"700 west kendall st Site","700 west kendall st"
4774,Intersection of portsmouth st & webster ave,portsmouth st & webster ave
4775,Intersection of pleasant st & prince st,pleasant st & prince st
4776,Intersection of bishop allen dr & essex st,bishop allen dr & essex st
4777,"100 cambridgepark dr Site","100 cambridgepark dr"
4778,"700 east kendall st Site","700 east kendall st"
4779,Intersection of cambridge st & hampshire st,cambridge st & hampshire st
4780,Intersection of earhart st & north point blvd,earhart st & north point blvd
4781,Intersection of ware st & broadway,ware st & broadway
4782,Intersection of massachusetts ave & roseland st,massachusetts ave & roseland st
4783,soden st Site,soden st
4784,Intersection of norfolk st & cambridge st,norfolk st & cambridge st
4785,Intersection of plympton st & mill st,plympton st & mill st
4786,norfolk pl Site,norfolk pl
4787,upton st Site,upton st
4788,Intersection of columbia st & lincoln st,columbia st & lincoln st
4789,Intersection of brattle sq & massachusetts ave,brattle sq & massachusetts ave
4790,Intersection of broadway & columbia st,broadway & columbia st
4791,birch st Site,birch st
4792,"100 bristol st Site","100 bristol st"
4793,Intersection of cambridge st & warren st,cambridge st & warren st
4794,Intersection of main st & albany st,main st & albany st
4795,Intersection of garden st & winslow st,garden st & winslow st
4796,"100 essex st Site","100 essex st"
4797,Intersection of chatham st & hancock st,chatham st & hancock st
4798,"100 brattle st Site","100 brattle st"
4799,Intersection of cottage st & river st,cottage st & river st
4800,Intersection of creighton st & massachusetts ave,creighton st & massachusetts ave
4801,Intersection of new st & bay state rd,new st & bay state rd
4802,"300 binney st Site","300 binney st"
4803,Intersection of massachusetts ave & memorial dr,massachusetts ave & memorial dr
4804,Intersection of monsignor obrien hwy & water st,monsignor obrien hwy & water st
4805,Intersection of windsor st & cambridge st,windsor st & cambridge st
4806,amory st Site,amory st
4807,jay street pl Site,jay street pl
4808,Intersection of huron ave & raymond st,huron ave & raymond st
4809,Intersection of cambridge st & springfield st,cambridge st & springfield st
4810,Intersection of berkeley st & craigie st,berkeley st & craigie st
4811,Intersection of allston st & grove ave,allston st & grove ave
4812,york st Site,york st
4813,Intersection of elm street north & russell st,elm street north & russell st
4814,"600 putnam ave Site","600 putnam ave"
4815,green st Site,green st
4816,"200 binney st Site","200 binney st"
4817,Intersection of tierney st & winslow st,tierney st & winslow st
4818,Intersection of massachusetts ave & sidney st,massachusetts ave & sidney st
4819,dunster st Site,dunster st
4820,Intersection of cambridge st & monsignor obrien hwy,cambridge st & monsignor obrien hwy
4821,Intersection of spring st & third st,spring st & third st
4822,south st Site,south st
4823,Intersection of alewife pl & terminal rd,alewife pl & terminal rd
4824,Intersection of fifth st & gore st,fifth st & gore st
4825,Intersection of concord ave & wheeler st,concord ave & wheeler st
4826,Intersection of university rd & mount auburn st,university rd & mount auburn st
4827,Intersection of eliot st & jfk st,eliot st & jfk st
4828,first st Site,first st
4829,acorn park Site,acorn park
4830,Intersection of suffolk st & norfolk st,suffolk st & norfolk st
4831,Intersection of raymond st & robinson st,raymond st & robinson st
4832,Intersection of humboldt st & lancaster st,humboldt st & lancaster st
4833,Intersection of haskell st & rindge ave,haskell st & rindge ave
4834,Intersection of chapman pl & brewer st,chapman pl & brewer st
4835,marvin pl Site,marvin pl
4836,"100 green st Site","100 green st"
4837,Intersection of harding st & porter st,harding st & porter st
4838,berkshire st Site,berkshire st
4839,Intersection of western ave & putnam ave,western ave & putnam ave
4840,gray st Site,gray st
4841,Intersection of pearl st & putnam ave,pearl st & putnam ave
4842,Intersection of cadbury rd & sherman st,cadbury rd & sherman st
4843,Intersection of massachusetts ave & newman st,massachusetts ave & newman st
4844,Intersection of garden st & waterhouse st,garden st & waterhouse st
4845,Intersection of max ave & otis st,max ave & otis st
4846,"500 main st Site","500 main st"
4847,Intersection of massachusetts ave & landsdowne st,massachusetts ave & landsdowne st
4848,"900 memorial dr Site","900 memorial dr"
4849,broad canal way Site,broad canal way
4850,Intersection of cambridgeside pl & first st,cambridgeside pl & first st
4851,highland ave Site,highland ave
4852,hovey ave Site,hovey ave
4853,Intersection of gore st & third st,gore st & third st
4854,porter rd Site,porter rd
4855,Intersection of broadway ter & west st,broadway ter & west st
4856,Intersection of sciarappa st & third st,sciarappa st & third st
4857,Intersection of dunster st & massachusetts ave,dunster st & massachusetts ave
4858,Intersection of mount auburn st & jfk st,mount auburn st & jfk st
4859,Intersection of pearl st & massachusetts ave,pearl st & massachusetts ave
4860,"100 columbia st Site","100 columbia st"
4861,Intersection of griswold st & sunset rd,griswold st & sunset rd
4862,Intersection of upland rd & vincent st,upland rd & vincent st
4863,Intersection of cushing st & lawn st,cushing st & lawn st
4864,Intersection of lincoln st & webster ave,lincoln st & webster ave
4865,potter park Site,potter park
4866,Intersection of washington st & windsor st,washington st & windsor st
4867,Intersection of magee st & putnam ave,magee st & putnam ave
4868,Intersection of green st & blanche st,green st & blanche st
4869,"600 green st Site","600 green st"
4870,Intersection of massachusetts ave & windsor st,massachusetts ave & windsor st
4871,Intersection of fenno st & sherman st,fenno st & sherman st
4872,Intersection of leighton st & north point blvd,leighton st & north point blvd
4873,"100 north point blvd Site","100 north point blvd"
4874,Intersection of davenport st & massachusetts ave,davenport st & massachusetts ave
4875,rockingham pl Site,rockingham pl
4876,Intersection of allston st & brookline pl,allston st & brookline pl
4877,"100 cambridgepark dr Site","100 cambridgepark dr"
4878,Intersection of cambridgepark dr & alewife brook pky,cambridgepark dr & alewife brook pky
4879,"100 bishop allen dr Site","100 bishop allen dr"
4880,Intersection of fayerweather st & reservoir st,fayerweather st & reservoir st
4881,Intersection of bent st & fifth st,bent st & fifth st
4882,Intersection of fayerweather st & saville st,fayerweather st & saville st
4883,"100 loomis st Site","100 loomis st"
4884,"200 green st Site","200 green st"
4885,"100 cherry st Site","100 cherry st"
4886,Intersection of green st & brookline st,green st & brookline st
4887,Intersection of first st & charles st,first st & charles st
4888,Intersection of blanchard rd & normandy ave,blanchard rd & normandy ave
4889,"700 main st Site","700 main st"
4890,"1500 massachusetts ave Site","1500 massachusetts ave"
4891,Intersection of lilac ct & cardinal medeiros ave,lilac ct & cardinal medeiros ave
4892,Intersection of kelly rd & magazine st,kelly rd & magazine st
4893,Intersection of alewife brook pky & cambridgepark dr,alewife brook pky & cambridgepark dr
4894,"100 parker st Site","100 parker st"
4895,Intersection of fairmont ave & fairmont st,fairmont ave & fairmont st
4896,Intersection of oxford st & wendell st,oxford st & wendell st
4897,Intersection of massachusetts ave & temple st,massachusetts ave & temple st
4898,Intersection of notre dame ave & sargent st,notre dame ave & sargent st
4899,Intersection of raymond st & richdale ave,raymond st & richdale ave
4900,Intersection of belmont st & mount auburn st,belmont st & mount auburn st
4901,Intersection of scott st & holden st,scott st & holden st
4902,felton st Site,felton st
4903,spring st Site,spring st
4904,Intersection of amherst alley & danforth st,amherst alley & danforth st
4905,donnell st Site,donnell st
4906,spring st Site,spring st
4907,"100 pilgrim st Site","100 pilgrim st"
4908,"100 cornelius way Site","100 cornelius way"
4909,Intersection of marion st & cambridge st,marion st & cambridge st
4910,Intersection of leighton st & north point blvd,leighton st & north point blvd
4911,Intersection of cambridge st & inman sq,cambridge st & inman sq
4912,"400 main st Site","400 main st"
4913,Intersection of plympton st & bow st,plympton st & bow st
4914,"600 technology sq Site","600 technology sq"
4915,Intersection of harvey st & jackson st,harvey st & jackson st
4916,Intersection of clifton st & dudley st,clifton st & dudley st
4917,homer ave Site,homer ave
4918,arrow st Site,arrow st
4919,Intersection of alberta ter & cedar st,alberta ter & cedar st
4920,Intersection of harvey st & cedar st,harvey st & cedar st
4921,Intersection of appleton st & concord ave,appleton st & concord ave
4922,Intersection of concord ave & fawcett st,concord ave & fawcett st
4923,Intersection of brookline st & sidney st,brookline st & sidney st
4924,Intersection of porter sq & porter sq,porter sq & porter sq
4925,Intersection of esten st & stearns st,esten st & stearns st
4926,Intersection of central sq & western ave,central sq & western ave
4927,Intersection of foster st & gibson st,foster st & gibson st
4928,Intersection of royal ave & concord ave,royal ave & concord ave
4929,"1400 massachusetts ave Site","1400 massachusetts ave"
4930,Intersection of putnam gdns & callender st,putnam gdns & callender st
4931,Intersection of sidney st & tudor st,sidney st & tudor st
4932,Intersection of vassar st & main st,vassar st & main st
4933,Intersection of blake st & orchard st,blake st & orchard st
4934,Intersection of speridakis ter & pearl st,speridakis ter & pearl st
4935,Intersection of bow st & dewolfe st,bow st & dewolfe st
4936,Intersection of cambridge st & monsignor obrien hwy,cambridge st & monsignor obrien hwy
4937,Intersection of state st & village st,state st & village st
4938,Intersection of mount auburn st & holyoke pl,mount auburn st & holyoke pl
4939,Intersection of cameron ave & fair oaks st,cameron ave & fair oaks st
4940,Intersection of massachusetts ave & milton st,massachusetts ave & milton st
4941,Intersection of brattle st & channing st,brattle st & channing st
4942,"100 coolidge hill rd Site","100 coolidge hill rd"
4943,"200 alewife brook pky Site","200 alewife brook pky"
4944,Intersection of galileo galilei way & broadway,galileo galilei way & broadway
4945,Intersection of dodge st & western ave,dodge st & western ave
4946,Intersection of flagg st & memorial dr,flagg st & memorial dr
4947,Intersection of memorial dr & river st,memorial dr & river st
4948,"100 exeter park Site","100 exeter park"
4949,Intersection of raymond st & walden st,raymond st & walden st
4950,Intersection of gurney st & huron ave,gurney st & huron ave
4951,felton st Site,felton st
4952,Intersection of windsor st & newtowne ct,windsor st & newtowne ct
4953,Intersection of robinson st & robinson st,robinson st & robinson st
4954,Intersection of vassal ln & walden st,vassal ln & walden st
4955,kirkland rd Site,kirkland rd
4956,Intersection of winter st & monsignor obrien hwy,winter st & monsignor obrien hwy
4957,"200 walden park Site","200 walden park"
4958,Intersection of frost st & roseland st,frost st & roseland st
4959,hampshire st Site,hampshire st
4960,Intersection of alewife brook pky & concord ave,alewife brook pky & concord ave
4961,"700 concord ave Site","700 concord ave"
4962,Intersection of madison st & concord ave,madison st & concord ave
4963,Intersection of pleasant st & auburn st,pleasant st & auburn st
4964,Intersection of bennett st & jfk park,bennett st & jfk park
4965,Intersection of flagg st & memorial dr,flagg st & memorial dr
4966,Intersection of waterhouse st & concord ave,waterhouse st & concord ave
4967,Intersection of brookline pl & franklin st,brookline pl & franklin st
4968,Intersection of webster ave & lilac ct,webster ave & lilac ct
4969,Intersection of somerville ave & porter sq,somerville ave & porter sq
4970,Intersection of cushing st & thingvalla ave,cushing st & thingvalla ave
4971,loomis st Site,loomis st
4972,Intersection of concord ave & moulton st,concord ave & moulton st
4973,Intersection of dudley st & montgomery st,dudley st & montgomery st
4974,Intersection of chestnut st & waverly st,chestnut st & waverly st
4975,Intersection of sidney st & putnam ave,sidney st & putnam ave
4976,Intersection of hudson st & massachusetts ave,hudson st & massachusetts ave
4977,Intersection of wood st & cadbury rd,wood st & cadbury rd
4978,Intersection of endicott st & memorial dr,endicott st & memorial dr
4979,Intersection of seckel st & windsor st,seckel st & windsor st
4980,Intersection of charles st & lopez ave,charles st & lopez ave
4981,Intersection of gore st & monsignor obrien hwy,gore st & monsignor obrien hwy
4982,"200 broadway Site","200 broadway"
4983,"100 chauncy st Site","100 chauncy st"
4984,Intersection of francis ave & francis ave,francis ave & francis ave
4985,pemberton st Site,pemberton st
4986,Intersection of main st & osborn st,main st & osborn st
4987,Intersection of pleasant st & florence st,pleasant st & florence st
4988,Intersection of cambridge st & hovey ave,cambridge st & hovey ave
4989,Intersection of monsignor obrien hwy & sciarappa st,monsignor obrien hwy & sciarappa st
4990,Intersection of massachusetts ave & newport rd,massachusetts ave & newport rd
4991,"100 harding st Site","100 harding st"
4992,"100 kirkland st Site","100 kirkland st"
4993,Intersection of cardinal medeiros ave & michael way,cardinal medeiros ave & michael way
4994,elmwood ave Site,elmwood ave
4995,"400 prospect st Site","400 prospect st"
4996,Intersection of sullivan rd & thingvalla ave,sullivan rd & thingvalla ave
4997,Intersection of fulkerson st & charles st,fulkerson st & charles st
4998,Intersection of lexington ave & poplar rd,lexington ave & poplar rd
4999,Intersection of donnell st & kelley st,donnell st & kelley st
5000,Intersection of brattle st & fayerweather st,brattle st & fayerweather st
5001,"1500 massachusetts ave Site","1500 massachusetts ave"
5002,Intersection of alpine st & vassal ln,alpine st & vassal ln
5003,wilson ave Site,wilson ave
5004,"1300 massachusetts ave Site","1300 massachusetts ave"
5005,white st Site,white st
5006,Intersection of harvard sq & massachusetts ave,harvard sq & massachusetts ave
5007,"300 broad canal way Site","300 broad canal way"
5008,Intersection of jackson pl & jackson cir,jackson pl & jackson cir
5009,Intersection of harvey st & cross st,harvey st & cross st
5010,chauncy st Site,chauncy st
5011,bancroft st Site,bancroft st
5012,Intersection of scouting way & broadway,scouting way & broadway
5013,Intersection of acacia st & hawthorne st,acacia st & hawthorne st
5014,"100 thorndike st Site","100 thorndike st"
5015,Intersection of chestnut st & pearl st,chestnut st & pearl st
5016,Intersection of king pl & amory st,king pl & amory st
5017,Intersection of garden st & massachusetts ave,garden st & massachusetts ave
5018,Intersection of cambridge st & pacific st,cambridge st & pacific st
5019,Intersection of prospect st & hampshire st,prospect st & hampshire st
5020,harwell dr Site,harwell dr
5021,Intersection of linsky way & second st,linsky way & second st
5022,Intersection of elm street north & davenport st,elm street north & davenport st
5023,Intersection of memorial dr & pleasant st,memorial dr & pleasant st
5024,Intersection of quincy st & kirkland st,quincy st & kirkland st
5025,Intersection of massachusetts ave & meacham rd,massachusetts ave & meacham rd
5026,Intersection of putnam ave & mount auburn st,putnam ave & mount auburn st
5027,Intersection of sherman st & bellis cir,sherman st & bellis cir
5028,hews st Site,hews st
5029,Intersection of ellsworth ave & greenough ave,ellsworth ave & greenough ave
5030,Intersection of newell st & stearns st,newell st & stearns st
5031,Intersection of field st & danehy park,field st & danehy park
5032,Intersection of putnam ave & massachusetts ave,putnam ave & massachusetts ave
5033,Intersection of columbia ter & columbia st,columbia ter & columbia st
5034,Intersection of hancock st & franklin st,hancock st & franklin st
5035,Intersection of william st & magazine st,william st & magazine st
5036,Intersection of buckingham st & parker st,buckingham st & parker st
5037,Intersection of andrew st & fairmont st,andrew st & fairmont st
5038,"100 francis ave Site","100 francis ave"
5039,Intersection of audrey st & memorial dr,audrey st & memorial dr
5040,davis st Site,davis st
5041,Intersection of bow st & plympton st,bow st & plympton st
5042,holden green Site,holden green
5043,Intersection of brookline st & decatur st,brookline st & decatur st
5044,Intersection of thorndike st & seventh st,thorndike st & seventh st
5045,"1200 cambridge st Site","1200 cambridge st"
5046,Intersection of macarelli way & warren st,macarelli way & warren st
5047,Intersection of cambridge st & berkshire st,cambridge st & berkshire st
5048,lancaster st Site,lancaster st
5049,Intersection of saville st & walden st,saville st & walden st
5050,market st Site,market st
5051,portland st Site,portland st
5052,"100 bolton st Site","100 bolton st"
5053,"100 essex st Site","100 essex st"
5054,Intersection of linsky way & first st,linsky way & first st
5055,"300 monsignor obrien hwy Site","300 monsignor obrien hwy"
5056,Intersection of jfk st & memorial dr,jfk st & memorial dr
5057,Intersection of cardinal medeiros ave & james way,cardinal medeiros ave & james way
5058,Intersection of parker st & healey st,parker st & healey st
5059,Intersection of hampshire st & hampshire st,hampshire st & hampshire st
5060,cambridge st Site,cambridge st
5061,Intersection of lakeview ave & vassal ln,lakeview ave & vassal ln
5062,Intersection of jackson st & rindge ave,jackson st & rindge ave
5063,broadway ct Site,broadway ct
5064,"100 cross st Site","100 cross st"
5065,Intersection of york st & york st,york st & york st
5066,"100 harvey st Site","100 harvey st"
5067,Intersection of hunting st & cambridge st,hunting st & cambridge st
5068,Intersection of magee st & callender st,magee st & callender st
5069,irving st Site,irving st
5070,Intersection of huron ave & manassas ave,huron ave & manassas ave
5071,Intersection of charles st & sciarappa st,charles st & sciarappa st
5072,Intersection of dudley st & montgomery st,dudley st & montgomery st
5073,Intersection of cambridgepark dr & alewife brook pky,cambridgepark dr & alewife brook pky
5074,Intersection of gore st & rufo rd,gore st & rufo rd
5075,hilliard st Site,hilliard st
5076,Intersection of dudley st & reed st,dudley st & reed st
5077,Intersection of maynard pl & mount auburn st,maynard pl & mount auburn st
5078,farwell pl Site,farwell pl
5079,robinson st Site,robinson st
5080,"100 bryant st Site","100 bryant st"
5081,"700 brookline st Site","700 brookline st"
5082,"300 holden green Site","300 holden green"
5083,Intersection of scouting way & broadway,scouting way & broadway
5084,"100 marney st Site","100 marney st"
5085,Intersection of willow st & cambridge st,willow st & cambridge st
5086,Intersection of massachusetts ave & langdon st,massachusetts ave & langdon st
5087,Intersection of magazine st & western ave,magazine st & western ave
5088,Intersection of mifflin pl & mifflin pl,mifflin pl & mifflin pl
5089,Intersection of concord tpke & concord tpke,concord tpke & concord tpke
5090,Intersection of western ave & green st,western ave & green st
5091,Intersection of massachusetts ave & putnam ave,massachusetts ave & putnam ave
5092,Intersection of education st & north point blvd,education st & north point blvd
5093,"300 evereteze way Site","300 evereteze way"
5094,Intersection of warren st & cambridge st,warren st & cambridge st
5095,Intersection of banks st & akron st,banks st & akron st
5096,clifton pl Site,clifton pl
5097,Intersection of massachusetts ave & bow st,massachusetts ave & bow st
5098,Intersection of massachusetts ave & beech st,massachusetts ave & beech st
5099,Intersection of massachusetts ave & roseland st,massachusetts ave & roseland st
5100,Intersection of newell st & upland rd,newell st & upland rd
5101,Intersection of memorial dr & mount auburn st,memorial dr & mount auburn st
5102,Intersection of north point blvd & east st,north point blvd & east st
5103,Intersection of montague st & western ave,montague st & western ave
5104,"100 massachusetts ave Site","100 massachusetts ave"
5105,"200 bond st Site","200 bond st"
5106,Intersection of elm street north & miller ave,elm street north & miller ave
5107,Intersection of granite st & pearl st,granite st & pearl st
5108,Intersection of massachusetts ave & massachusetts ave,massachusetts ave & massachusetts ave
5109,Intersection of andrew st & andrew st,andrew st & andrew st
5110,Intersection of flagg st & putnam ave,flagg st & putnam ave
5111,"100 gore street pl Site","100 gore street pl"
5112,clifton cir Site,clifton cir
5113,Intersection of putnam ave & surrey st,putnam ave & surrey st
5114,Intersection of broadway & galileo galilei way,broadway & galileo galilei way
5115,"100 frost st Site","100 frost st"
5116,Intersection of magazine st & kelley st,magazine st & kelley st
5117,Intersection of massachusetts ave & pearl st,massachusetts ave & pearl st
5118,oakland st Site,oakland st
5119,Intersection of washington st & suffolk st,washington st & suffolk st
5120,"500 franklin st Site","500 franklin st"
5121,Intersection of cambridge pky & land blvd,cambridge pky & land blvd
5122,Intersection of inman st & massachusetts ave,inman st & massachusetts ave
5123,Intersection of cambridgepark dr & steel pl,cambridgepark dr & steel pl
5124,traill st Site,traill st
5125,"100 cushing st Site","100 cushing st"
5126,Intersection of broadway & ellery sq,broadway & ellery sq
5127,Intersection of flagg st & putnam ave,flagg st & putnam ave
5128,Intersection of massachusetts ave & arrow st,massachusetts ave & arrow st
5129,Intersection of inman st & west st,inman st & west st
5130,Intersection of concord ave & walden st,concord ave & walden st
5131,"1500 massachusetts ave Site","1500 massachusetts ave"
5132,Intersection of otis st & max ave,otis st & max ave
5133,Intersection of lowell st & brattle st,lowell st & brattle st
5134,Intersection of massachusetts ave & upland rd,massachusetts ave & upland rd
5135,matignon rd Site,matignon rd
5136,Intersection of portland st & main st,portland st & main st
5137,Intersection of concord ave & garden st,concord ave & garden st
5138,Intersection of andrew st & allston st,andrew st & allston st
5139,Intersection of acacia st & hawthorne st,acacia st & hawthorne st
5140,Intersection of hawthorne st & willard st,hawthorne st & willard st
5141,"400 third st Site","400 third st"
5142,Intersection of gore st & seventh st,gore st & seventh st
5143,albany st Site,albany st
5144,Intersection of magazine st & kelly rd,magazine st & kelly rd
5145,concord ave Site,concord ave
5146,Intersection of harvard st & massachusetts ave,harvard st & massachusetts ave
5147,Intersection of cushing st & locust st,cushing st & locust st
5148,Intersection of francis ave & irving st,francis ave & irving st
5149,Intersection of third st & spring st,third st & spring st
5150,jackson cir Site,jackson cir
5151,Intersection of jackson pl & rindge ave,jackson pl & rindge ave
5152,"600 kendall sq Site","600 kendall sq"
5153,Intersection of huron ave & huron ave,huron ave & huron ave
5154,"200 prospect st Site","200 prospect st"
5155,Intersection of roseland st & frost st,roseland st & frost st
5156,Intersection of high st & holworthy st,high st & holworthy st
5157,Intersection of russell field & alewife brook pky,russell field & alewife brook pky
5158,seagrave rd Site,seagrave rd
5159,Intersection of brattle st & massachusetts ave,brattle st & massachusetts ave
5160,white st Site,white st
5161,Intersection of hampshire st & hampshire st,hampshire st & hampshire st
5162,Intersection of fiske pl & washington st,fiske pl & washington st
5163,"300 binney st Site","300 binney st"
5164,Intersection of columbia st & market st,columbia st & market st
5165,"600 franklin st Site","600 franklin st"
5166,Intersection of montague st & river st,montague st & river st
5167,Intersection of cambridge st & felton st,cambridge st & felton st
5168,Intersection of hancock st & kinnaird st,hancock st & kinnaird st
5169,Intersection of van norden st & middlesex st,van norden st & middlesex st
5170,langdon st Site,langdon st
5171,cogswell pl Site,cogswell pl
5172,"300 prospect st Site","300 prospect st"
5173,Intersection of elm street north & russell st,elm street north & russell st
5174,Intersection of norfolk st & bishop allen dr,norfolk st & bishop allen dr
5175,cogswell ave Site,cogswell ave
5176,clifton cir Site,clifton cir
5177,"1700 cambridge st Site","1700 cambridge st"
5178,Intersection of broadway & merrill st,broadway & merrill st
5179,"100 russell st Site","100 russell st"
5180,"400 market st Site","400 market st"
5181,"100 athenaeum st Site","100 athenaeum st"
5182,Intersection of cambridge st & hampshire st,cambridge st & hampshire st
5183,Intersection of river st & kinnaird st,river st & kinnaird st
5184,hurlbut st Site,hurlbut st
5185,Intersection of broadway & moore st,broadway & moore st
5186,Intersection of fowler st & memorial dr,fowler st & memorial dr
5187,Intersection of emily st & brookline st,emily st & brookline st
5188,"100 holworthy st Site","100 holworthy st"
5189,"100 sherman st Site","100 sherman st"
5190,Intersection of clinton st & massachusetts ave,clinton st & massachusetts ave
5191,Intersection of emily st & brookline st,emily st & brookline st
5192,Intersection of massachusetts ave & clarendon ave,massachusetts ave & clarendon ave
5193,Intersection of pleasant st & upton st,pleasant st & upton st
5194,Intersection of mason st & garden st,mason st & garden st
5195,Intersection of chauncy st & concord ave,chauncy st & concord ave
5196,"800 massachusetts ave Site","800 massachusetts ave"
5197,Intersection of garden st & hazel st,garden st & hazel st
5198,education cir Site,education cir
5199,"100 franklin st Site","100 franklin st"
5200,Intersection of broadway & third st,broadway & third st
5201,Intersection of broadway & hancock st,broadway & hancock st
5202,Intersection of beech st & orchard st,beech st & orchard st
5203,Intersection of thingvalla ave & cushing st,thingvalla ave & cushing st
5204,Intersection of river st & pleasant st,river st & pleasant st
5205,"1800 cambridge st Site","1800 cambridge st"
5206,"100 dudley st Site","100 dudley st"
5207,fifth st Site,fifth st
5208,"200 broadway Site","200 broadway"
5209,Intersection of cottage st & pleasant st,cottage st & pleasant st
5210,Intersection of bow st & plympton st,bow st & plympton st
5211,Intersection of land blvd & monsignor obrien hwy,land blvd & monsignor obrien hwy
5212,"100 cushing st Site","100 cushing st"
5213,Intersection of harvey st & montgomery st,harvey st & montgomery st
5214,Intersection of pemberton st & sargent st,pemberton st & sargent st
5215,Intersection of broadway & third st,broadway & third st
5216,"400 sidney st Site","400 sidney st"
5217,Intersection of rogers st & sixth st,rogers st & sixth st
5218,amherst st Site,amherst st
5219,washington ave Site,washington ave
5220,Intersection of auburn park & brookline st,auburn park & brookline st
5221,Intersection of brattle st & mount pleasant st,brattle st & mount pleasant st
5222,"300 massachusetts ave Site","300 massachusetts ave"
5223,mount auburn st Site,mount auburn st
5224,Intersection of berkshire st & marney st,berkshire st & marney st
5225,Intersection of museum way & education st,museum way & education st
5226,"100 main st Site","100 main st"
5227,Intersection of stearns st & sherman st,stearns st & sherman st
5228,"200 washington elms Site","200 washington elms"
5229,Intersection of massachusetts ave & village st,massachusetts ave & village st
5230,Intersection of rockingham st & granite st,rockingham st & granite st
5231,Intersection of hammond st & oxford st,hammond st & oxford st
5232,Intersection of main st & main st,main st & main st
5233,Intersection of binney st & sixth st,binney st & sixth st
5234,Intersection of mount vernon st & massachusetts ave,mount vernon st & massachusetts ave
5235,Intersection of roberts rd & cambridge st,roberts rd & cambridge st
5236,Intersection of harvard st & norfolk st,harvard st & norfolk st
5237,Intersection of vassar st & main st,vassar st & main st
5238,flanders rd Site,flanders rd
5239,"200 jacobs st Site","200 jacobs st"
5240,Intersection of brattle st & church st,brattle st & church st
5241,Intersection of hampshire st & windsor st,hampshire st & windsor st
5242,Intersection of jfk st & eliot st,jfk st & eliot st
5243,"100 massachusetts ave Site","100 massachusetts ave"
5244,"1400 massachusetts ave Site","1400 massachusetts ave"
5245,Intersection of max ave & cambridge st,max ave & cambridge st
5246,Intersection of fifth st & spring st,fifth st & spring st
5247,Intersection of harvard st & moore st,harvard st & moore st
5248,dover st Site,dover st
5249,Intersection of massachusetts ave & woodbridge st,massachusetts ave & woodbridge st
5250,Intersection of locust st & locust st,locust st & locust st
5251,Intersection of columbia st & broadway,columbia st & broadway
5252,locust ter Site,locust ter
5253,Intersection of tremont st & hampshire st,tremont st & hampshire st
5254,gold star road ct Site,gold star road ct
5255,Intersection of mill st & plympton st,mill st & plympton st
5256,Intersection of doyle way & inman st,doyle way & inman st
5257,Intersection of massachusetts ave & douglass st,massachusetts ave & douglass st
5258,Intersection of longfellow bridge & main st,longfellow bridge & main st
5259,"100 broadway Site","100 broadway"
5260,Intersection of brattle st & elmwood ave,brattle st & elmwood ave
5261,Intersection of hancock st & massachusetts ave,hancock st & massachusetts ave
5262,Intersection of gray gardens east & raymond st,gray gardens east & raymond st
5263,"100 inman st Site","100 inman st"
5264,Intersection of massachusetts ave & mount auburn st,massachusetts ave & mount auburn st
5265,Intersection of columbia st & columbia st,columbia st & columbia st
5266,Intersection of kendall st & third st,kendall st & third st
5267,Intersection of warren st & cambridge st,warren st & cambridge st
5268,Intersection of massachusetts ave & porter rd,massachusetts ave & porter rd
5269,Intersection of jefferson st & warren st,jefferson st & warren st
5270,Intersection of green st & river st,green st & river st
5271,Intersection of bruce st & putnam ave,bruce st & putnam ave
5272,Intersection of linnaean st & massachusetts ave,linnaean st & massachusetts ave
5273,Intersection of mount auburn st & hilliard st,mount auburn st & hilliard st
5274,"300 franklin st Site","300 franklin st"
5275,Intersection of pemberton st & pemberton st,pemberton st & pemberton st
5276,broad canal way Site,broad canal way
5277,Intersection of frost st & prentiss st,frost st & prentiss st
5278,Intersection of brewer st & ross st,brewer st & ross st
5279,Intersection of willow st & palermo st,willow st & palermo st
5280,Intersection of willow st & york st,willow st & york st
5281,Intersection of massachusetts ave & hancock st,massachusetts ave & hancock st
5282,parkway ter Site,parkway ter
5283,Intersection of second st & binney st,second st & binney st
5284,Intersection of magazine st & green st,magazine st & green st
5285,Intersection of second st & rogers st,second st & rogers st
5286,Intersection of university rd & bennett st,university rd & bennett st
5287,Intersection of sidney st & main st,sidney st & main st
5288,Intersection of cambridge st & cambridge st,cambridge st & cambridge st
5289,Intersection of rindge ave & jackson cir,rindge ave & jackson cir
5290,white street pl Site,white street pl
5291,Intersection of bishop allen dr & galileo galilei way,bishop allen dr & galileo galilei way
5292,Intersection of linear park & harvey st,linear park & harvey st
5293,Intersection of coolidge ave & coolidge ave,coolidge ave & coolidge ave
5294,Intersection of divinity ave & kirkland st,divinity ave & kirkland st
5295,"1600 cambridge cemetery Site","1600 cambridge cemetery"
5296,Intersection of douglass st & massachusetts ave,douglass st & massachusetts ave
5297,"800 memorial dr Site","800 memorial dr"
5298,Intersection of cambridge st & springfield st,cambridge st & springfield st
5299,Intersection of columbia st & market st,columbia st & market st
5300,Intersection of lancaster st & lancaster st,lancaster st & lancaster st
5301,university rd Site,university rd
5302,Intersection of berkeley pl & berkeley st,berkeley pl & berkeley st
5303,school st Site,school st
5304,henry st Site,henry st
5305,Intersection of massachusetts ave & green st,massachusetts ave & green st
5306,Intersection of peabody st & garden st,peabody st & garden st
5307,Intersection of forest st & oxford st,forest st & oxford st
5308,norfolk st Site,norfolk st
5309,Intersection of bancroft st & western ave,bancroft st & western ave
5310,Intersection of concord ave & spinelli pl,concord ave & spinelli pl
5311,Intersection of albany st & erie st,albany st & erie st
5312,Intersection of charles st & sixth st,charles st & sixth st
5313,Intersection of purrington st & pacific st,purrington st & pacific st
5314,Intersection of central sq & western ave,central sq & western ave
5315,"100 church st Site","100 church st"
5316,Intersection of york st & willow st,york st & willow st
5317,Intersection of fulkerson st & otis st,fulkerson st & otis st
5318,"3800 pearl st Site","3800 pearl st"
5319,Intersection of cambridge st & marion st,cambridge st & marion st
5320,Intersection of harvard st & prospect st,harvard st & prospect st
5321,Intersection of griswold st & loomis st,griswold st & loomis st
5322,Intersection of broadway & ellery st,broadway & ellery st
5323,Intersection of granite st & brookline st,granite st & brookline st
5324,Intersection of magazine st & hamilton st,magazine st & hamilton st
5325,Intersection of belmont st & holworthy st,belmont st & holworthy st
5326,Intersection of beech st & massachusetts ave,beech st & massachusetts ave
5327,Intersection of mill st & plympton st,mill st & plympton st
5328,"100 lincoln st Site","100 lincoln st"
5329,Intersection of sidney st & franklin st,sidney st & franklin st
5330,Intersection of clay st & harvey st,clay st & harvey st
5331,Intersection of brookline st & emily st,brookline st & emily st
5332,"200 jacobs st Site","200 jacobs st"
5333,Intersection of garden st & concord ave,garden st & concord ave
5334,Intersection of massachusetts ave & shepard st,massachusetts ave & shepard st
5335,Intersection of banks st & hingham st,banks st & hingham st
5336,bedford st Site,bedford st
5337,Intersection of franklin st & western ave,franklin st & western ave
5338,Intersection of aberdeen ave & huron ave,aberdeen ave & huron ave
5339,"100 pine st Site","100 pine st"
5340,Intersection of hovey ave & cambridge st,hovey ave & cambridge st
5341,"200 albany st Site","200 albany st"
5342,Intersection of hancock pl & hancock st,hancock pl & hancock st
5343,linwood pl Site,linwood pl
5344,Intersection of pleasant st & putnam ave,pleasant st & putnam ave
5345,Intersection of second st & otis st,second st & otis st
5346,Intersection of bates st & bates st,bates st & bates st
5347,Intersection of foster st & willard st,foster st & willard st
5348,Intersection of massachusetts ave & pearl st,massachusetts ave & pearl st
5349,Intersection of aberdeen ave & aberdeen ct,aberdeen ave & aberdeen ct
5350,Intersection of temple st & temple st,temple st & temple st
5351,harding st Site,harding st
5352,Intersection of massachusetts ave & hancock park,massachusetts ave & hancock park
5353,Intersection of white st & massachusetts ave,white st & massachusetts ave
5354,"500 water st Site","500 water st"
5355,Intersection of ellsworth ave & broadway,ellsworth ave & broadway
5356,Intersection of shepard st & massachusetts ave,shepard st & massachusetts ave
5357,Intersection of fresh pond pky & larchwood dr,fresh pond pky & larchwood dr
5358,prentiss st Site,prentiss st
5359,"100 washington elms Site","100 washington elms"
5360,central pl Site,central pl
5361,Intersection of massachusetts ave & cottage park ave,massachusetts ave & cottage park ave
5362,Intersection of mount auburn st & homer ave,mount auburn st & homer ave
5363,Intersection of gold star rd & seven pines ave,gold star rd & seven pines ave
5364,Intersection of peters st & putnam ave,peters st & putnam ave
5365,"100 sidney st Site","100 sidney st"
5366,Intersection of thorndike st & fulkerson st,thorndike st & fulkerson st
5367,Intersection of western ave & jay st,western ave & jay st
5368,Intersection of cambridge pky & cambridge pky,cambridge pky & cambridge pky
5369,Intersection of western ave & howard st,western ave & howard st
5370,Intersection of monsignor obrien hwy & first st,monsignor obrien hwy & first st
5371,"100 larch rd Site","100 larch rd"
5372,Intersection of tremont st & broadway,tremont st & broadway
5373,Intersection of doane st & foster st,doane st & foster st
5374,Intersection of doane st & kenway st,doane st & kenway st
5375,Intersection of sheridan st & wood st,sheridan st & wood st
5376,Intersection of whittemore ave & madison st,whittemore ave & madison st
5377,Intersection of florence st & magazine st,florence st & magazine st
5378,"1700 massachusetts ave Site","1700 massachusetts ave"
5379,"300 prospect st Site","300 prospect st"
5380,Intersection of windsor st & washington st,windsor st & washington st
5381,"700 massachusetts ave Site","700 massachusetts ave"
5382,Intersection of berkshire st & marcella st,berkshire st & marcella st
5383,Intersection of ashburton pl & ashburton pl,ashburton pl & ashburton pl
5384,Intersection of brattle st & eliot sq,brattle st & eliot sq
5385,Intersection of chauncy ln & chauncy st,chauncy ln & chauncy st
5386,Intersection of granite st & magazine st,granite st & magazine st
5387,ericsson st Site,ericsson st
5388,Intersection of binney st & first st,binney st & first st
5389,"600 green st Site","600 green st"
5390,Intersection of oakland st & cambridge st,oakland st & cambridge st
5391,Intersection of vincent st & walden st,vincent st & walden st
5392,"100 langdon sq Site","100 langdon sq"
5393,erie st Site,erie st
5394,Intersection of gray gardens east & gray gardens east,gray gardens east & gray gardens east
5395,Intersection of waverly st & waverly st,waverly st & waverly st
5396,Intersection of east st & east st,east st & east st
5397,Intersection of harding st & willow st,harding st & willow st
5398,Intersection of pleasant st & western ave,pleasant st & western ave
5399,"100 winslow st Site","100 winslow st"
5400,"100 pemberton st Site","100 pemberton st"
5401,Intersection of fainwood cir & fayette st,fainwood cir & fayette st
5402,Intersection of marion st & marion st,marion st & marion st
5403,education cir Site,education cir
5404,Intersection of henry st & rockingham st,henry st & rockingham st
5405,Intersection of morgan ave & water st,morgan ave & water st
5406,newell st Site,newell st
5407,Intersection of cardinal medeiros ave & lilac ct,cardinal medeiros ave & lilac ct
5408,Intersection of western ave & franklin st,western ave & franklin st
5409,Intersection of prospect st & bishop allen dr,prospect st & bishop allen dr
5410,Intersection of monsignor obrien hwy & monsignor obrien hwy,monsignor obrien hwy & monsignor obrien hwy
5411,Intersection of moore st & harvard st,moore st & harvard st
5412,Intersection of franklin st & magazine st,franklin st & magazine st
5413,Intersection of linsky way & first st,linsky way & first st
5414,"400 water st Site","400 water st"
5415,Intersection of massachusetts ave & alewife brook pky,massachusetts ave & alewife brook pky
5416,Intersection of osborn st & state st,osborn st & state st
5417,Intersection of sciarappa st & winter st,sciarappa st & winter st
5418,Intersection of raymond st & raymond st,raymond st & raymond st
5419,Intersection of trowbridge pl & trowbridge st,trowbridge pl & trowbridge st
5420,Intersection of magazine st & upton st,magazine st & upton st
5421,Intersection of waverly st & waverly st,waverly st & waverly st
5422,Intersection of massachusetts ave & pearl st,massachusetts ave & pearl st
5423,kassul park Site,kassul park
5424,Intersection of sidney st & erie st,sidney st & erie st
5425,Intersection of massachusetts ave & landsdowne st,massachusetts ave & landsdowne st
5426,sycamore st Site,sycamore st
5427,Intersection of fair oaks st & cameron ave,fair oaks st & cameron ave
5428,"100 bishop allen dr Site","100 bishop allen dr"
5429,Intersection of huron ave & concord ave,huron ave & concord ave
5430,Intersection of putnam ave & newton st,putnam ave & newton st
5431,"200 smith pl Site","200 smith pl"
5432,Intersection of berkeley pl & berkeley st,berkeley pl & berkeley st
5433,Intersection of brattle st & lowell st,brattle st & lowell st
5434,Intersection of water st & monsignor obrien hwy,water st & monsignor obrien hwy
5435,central sq Site,central sq
5436,"200 river st Site","200 river st"
5437,erie st Site,erie st
5438,Intersection of brookline st & brookline st,brookline st & brookline st
5439,gracewood park Site,gracewood park
5440,lincoln ln Site,lincoln ln
5441,gladstone st Site,gladstone st
5442,Intersection of amory pl & broadway,amory pl & broadway
5443,Intersection of massachusetts ave & norris st,massachusetts ave & norris st
5444,Intersection of gilmore bridge & leighton st,gilmore bridge & leighton st
5445,gold star road pl Site,gold star road pl
5446,Intersection of sciarappa st & cambridge st,sciarappa st & cambridge st
5447,Intersection of fulkerson st & spring st,fulkerson st & spring st
5448,"100 hudson pl Site","100 hudson pl"
5449,Intersection of quincy st & cambridge st,quincy st & cambridge st
5450,wheeler st Site,wheeler st
5451,Intersection of cambridge st & columbia st,cambridge st & columbia st
5452,Intersection of frost st & forest st,frost st & forest st
5453,Intersection of river st & blackstone st,river st & blackstone st
5454,Intersection of glassworks ave & glassworks ave,glassworks ave & glassworks ave
5455,Intersection of blanche st & franklin st,blanche st & franklin st
5456,Intersection of cypress st & cypress st,cypress st & cypress st
5457,Intersection of lee st & harvard st,lee st & harvard st
5458,chalk st Site,chalk st
5459,chapman pl Site,chapman pl
5460,Intersection of wright st & wright st,wright st & wright st
5461,Intersection of brookline st & chestnut st,brookline st & chestnut st
5462,Intersection of brattle st & fayerweather st,brattle st & fayerweather st
5463,Intersection of brookline st & decatur st,brookline st & decatur st
5464,"900 cambridge st Site","900 cambridge st"
5465,Intersection of education st & museum st,education st & museum st
5466,"300 upland rd Site","300 upland rd"
5467,Intersection of warren st & warren st,warren st & warren st
5468,Intersection of columbia st & bishop allen dr,columbia st & bishop allen dr
5469,"100 pemberton st Site","100 pemberton st"
5470,"100 earhart st Site","100 earhart st"
5471,Intersection of cambridge st & elm st,cambridge st & elm st
5472,Intersection of athenaeum st & third st,athenaeum st & third st
5473,Intersection of cushing st & st sauveur ct,cushing st & st sauveur ct
5474,Intersection of rogers st & sixth st,rogers st & sixth st
5475,Intersection of hampshire st & antrim st,hampshire st & antrim st
5476,"100 pemberton ct Site","100 pemberton ct"
5477,Intersection of green st & pleasant st,green st & pleasant st
5478,Intersection of western ave & franklin st,western ave & franklin st
5479,"300 morgan ave Site","300 morgan ave"
5480,"200 mount auburn st Site","200 mount auburn st"
5481,"200 lakeview ave Site","200 lakeview ave"
5482,"500 water st Site","500 water st"
5483,langdon st Site,langdon st
5484,Intersection of church st & brattle st,church st & brattle st
5485,Intersection of banks st & peabody ter,banks st & peabody ter
5486,Intersection of brookline st & memorial dr,brookline st & memorial dr
5487,Intersection of putnam gdns & callender st,putnam gdns & callender st
5488,"500 brookline st Site","500 brookline st"
5489,Intersection of land blvd & binney st,land blvd & binney st
5490,Intersection of main st & newtowne ct,main st & newtowne ct
5491,"300 columbia st Site","300 columbia st"
5492,"900 massachusetts ave Site","900 massachusetts ave"
5493,Intersection of windsor st & market st,windsor st & market st
5494,Intersection of putnam ave & hingham st,putnam ave & hingham st
5495,Intersection of chatham st & merrill st,chatham st & merrill st
5496,"300 mount auburn pl Site","300 mount auburn pl"
5497,Intersection of broadway & scouting way,broadway & scouting way
5498,"100 north first st Site","100 north first st"
5499,"200 norfolk st Site","200 norfolk st"
5500,Intersection of harvard st & windsor st,harvard st & windsor st
5501,Intersection of broadway & windsor st,broadway & windsor st
5502,Intersection of fawcett st & fawcett st,fawcett st & fawcett st
5503,Intersection of donnell st & garden st,donnell st & garden st
5504,Intersection of concord ave & royal ave,concord ave & royal ave
5505,Intersection of riverside rd & memorial dr,riverside rd & memorial dr
5506,jfk st Site,jfk st
5507,hancock st Site,hancock st
5508,Intersection of langdon st & rutland st,langdon st & rutland st
5509,Intersection of acorn st & chestnut st,acorn st & chestnut st
5510,Intersection of massachusetts ave & ellery st,massachusetts ave & ellery st
5511,"100 bow st Site","100 bow st"
5512,Intersection of magazine st & chestnut st,magazine st & chestnut st
5513,Intersection of magazine st & tufts st,magazine st & tufts st
5514,Intersection of concord ave & alewife brook pky,concord ave & alewife brook pky
5515,Intersection of pearl st & green st,pearl st & green st
5516,Intersection of harvey st & westley ave,harvey st & westley ave
5517,"100 chilton st Site","100 chilton st"
5518,Intersection of palmer st & church st,palmer st & church st
5519,Intersection of magnolia ave & lamont ave,magnolia ave & lamont ave
5520,Intersection of mount auburn pl & sparks st,mount auburn pl & sparks st
5521,Intersection of brookline st & bu bridge,brookline st & bu bridge
5522,Intersection of douglass st & douglass st,douglass st & douglass st
5523,Intersection of blackstone st & river st,blackstone st & river st
5524,Intersection of bates st & raymond st,bates st & raymond st
5525,Intersection of glenwood ave & pearl st,glenwood ave & pearl st
5526,Intersection of massachusetts ave & linden st,massachusetts ave & linden st
5527,camp st Site,camp st
5528,Intersection of chilton st & field st,chilton st & field st
5529,"700 massachusetts ave Site","700 massachusetts ave"
5530,Intersection of main st & portland st,main st & portland st
5531,Intersection of charles park & charles park,charles park & charles park
5532,Intersection of hews st & western ave,hews st & western ave
5533,Intersection of creighton st & massachusetts ave,creighton st & massachusetts ave
5534,Intersection of riverside pl & western ave,riverside pl & western ave
5535,Intersection of dana st & chatham st,dana st & chatham st
5536,Intersection of broadway & clark st,broadway & clark st
5537,Intersection of garden st & massachusetts ave,garden st & massachusetts ave
5538,Intersection of magazine st & auburn st,magazine st & auburn st
5539,Intersection of wood st & wood st,wood st & wood st
5540,oxford st Site,oxford st
5541,"100 raymond st Site","100 raymond st"
5542,Intersection of harvard st & clinton st,harvard st & clinton st
5543,Intersection of centre st & hancock st,centre st & hancock st
5544,"100 trowbridge st Site","100 trowbridge st"
5545,"100 portsmouth st Site","100 portsmouth st"
5546,Intersection of binney st & binney st,binney st & binney st
5547,Intersection of sixth st & cambridge st,sixth st & cambridge st
5548,Intersection of scott st & irving st,scott st & irving st
5549,Intersection of erie st & pearl st,erie st & pearl st
5550,Intersection of prescott st & harvard st,prescott st & harvard st
5551,Intersection of sparks st & brattle st,sparks st & brattle st
5552,Intersection of pleasant pl & pleasant pl,pleasant pl & pleasant pl
5553,Intersection of white st & somerville ave,white st & somerville ave
5554,lawn ct Site,lawn ct
5555,"400 norfolk st Site","400 norfolk st"
5556,Intersection of acorn st & putnam ave,acorn st & putnam ave
5557,"400 morgan ave Site","400 morgan ave"
5558,"100 richdale ave Site","100 richdale ave"
5559,"400 kendall sq Site","400 kendall sq"
5560,Intersection of dunstable rd & dunstable rd,dunstable rd & dunstable rd
5561,everett st Site,everett st
5562,Intersection of lincoln way & sheridan st,lincoln way & sheridan st
5563,"300 harvard st Site","300 harvard st"
5564,massachusetts ave Site,massachusetts ave
5565,locke st Site,locke st
5566,Intersection of green st & magazine st,green st & magazine st
5567,Intersection of scouting way & prospect st,scouting way & prospect st
5568,"200 river st Site","200 river st"
5569,Intersection of evereteze way & windsor st,evereteze way & windsor st
5570,"200 miller ave Site","200 miller ave"
5571,"300 river st Site","300 river st"
5572,Intersection of education st & education cir,education st & education cir
5573,"200 morgan ave Site","200 morgan ave"
5574,Intersection of langdon st & chauncy st,langdon st & chauncy st
5575,Intersection of spring st & eighth st,spring st & eighth st
5576,Intersection of danforth st & danforth st,danforth st & danforth st
5577,"100 rindge ave Site","100 rindge ave"
5578,Intersection of massachusetts ave & sellers st,massachusetts ave & sellers st
5579,Intersection of spring st & sciarappa st,spring st & sciarappa st
5580,Intersection of thorndike st & second st,thorndike st & second st
5581,"400 franklin st Site","400 franklin st"
5582,Intersection of franklin st & soden st,franklin st & soden st
5583,Intersection of reservoir st & huron ave,reservoir st & huron ave
5584,mount auburn pl Site,mount auburn pl
5585,Intersection of huron ave & grove st,huron ave & grove st
5586,"300 garden st Site","300 garden st"
5587,Intersection of harvey st & reed st,harvey st & reed st
5588,Intersection of massachusetts ave & arlington st,massachusetts ave & arlington st
5589,Intersection of broad canal way & main st,broad canal way & main st
5590,Intersection of clinton st & clinton st,clinton st & clinton st
5591,Intersection of seventh st & cambridge st,seventh st & cambridge st
5592,Intersection of morgan ave & education cir,morgan ave & education cir
5593,Intersection of green st & magazine st,green st & magazine st
5594,Intersection of western ave & franklin st,western ave & franklin st
5595,Intersection of somerville ave & massachusetts ave,somerville ave & massachusetts ave
5596,Intersection of rufo rd & gore st,rufo rd & gore st
5597,Intersection of fairmont st & fairmont ave,fairmont st & fairmont ave
5598,Intersection of huron ave & sparks st,huron ave & sparks st
5599,Intersection of cambridgepark dr & steel pl,cambridgepark dr & steel pl
5600,Intersection of massachusetts ave & pleasant st,massachusetts ave & pleasant st
5601,Intersection of callender st & howard st,callender st & howard st
5602,Intersection of hurley st & sixth st,hurley st & sixth st
5603,Intersection of bolton st & sherman st,bolton st & sherman st
5604,"300 charles st Site","300 charles st"
5605,"400 prospect st Site","400 prospect st"
5606,Intersection of forest st & massachusetts ave,forest st & massachusetts ave
5607,Intersection of pearl st & franklin st,pearl st & franklin st
5608,Intersection of banks st & mount auburn st,banks st & mount auburn st
5609,Intersection of auburn st & salem st,auburn st & salem st
5610,Intersection of jfk st & mount auburn st,jfk st & mount auburn st
5611,Intersection of pleasant st & franklin st,pleasant st & franklin st
5612,hayward st Site,hayward st
5613,"100 mount auburn st Site","100 mount auburn st"
5614,Intersection of allston st & brookline st,allston st & brookline st
5615,Intersection of magazine st & prince st,magazine st & prince st
5616,"100 new st Site","100 new st"
5617,"300 elm st Site","300 elm st"
5618,callender st Site,callender st
5619,Intersection of massachusetts ave & upland rd,massachusetts ave & upland rd
5620,Intersection of brookline st & hamilton st,brookline st & hamilton st
5621,Intersection of surrey st & putnam ave,surrey st & putnam ave
5622,Intersection of jfk park & jfk park,jfk park & jfk park
5623,rice cir Site,rice cir
5624,Intersection of allston st & andrew st,allston st & andrew st
5625,"100 willow st Site","100 willow st"
5626,"100 hammond st Site","100 hammond st"
5627,"100 grove st Site","100 grove st"
5628,Intersection of theriault ct & clifton st,theriault ct & clifton st
5629,"100 elmwood st Site","100 elmwood st"
5630,Intersection of massachusetts ave & massachusetts ave,massachusetts ave & massachusetts ave
5631,orchard st Site,orchard st
5632,Intersection of dickinson st & moore st,dickinson st & moore st
5633,"200 monsignor obrien hwy Site","200 monsignor obrien hwy"
5634,sidney st Site,sidney st
5635,notre dame ave Site,notre dame ave
5636,Intersection of holden st & shady hill sq,holden st & shady hill sq
5637,Intersection of cambridgeside pl & first st,cambridgeside pl & first st
5638,Intersection of broadway & technology sq,broadway & technology sq
5639,"500 kendall sq Site","500 kendall sq"
5640,second st Site,second st
5641,Intersection of auburn st & river st,auburn st & river st
5642,corliss pl Site,corliss pl
5643,"100 fayerweather st Site","100 fayerweather st"
5644,Intersection of kirkland pl & quincy st,kirkland pl & quincy st
5645,Intersection of alewife brook pky & concord tpke,alewife brook pky & concord tpke
5646,north first st Site,north first st
5647,Intersection of allston st & kenwood st,allston st & kenwood st
5648,Intersection of hilliard st & mount auburn st,hilliard st & mount auburn st
5649,Intersection of pleasant st & kelley st,pleasant st & kelley st
5650,Intersection of cardinal medeiros ave & hampshire st,cardinal medeiros ave & hampshire st
5651,whitney ave Site,whitney ave
5652,"200 fayerweather st Site","200 fayerweather st"
5653,Intersection of massachusetts ave & western ave,massachusetts ave & western ave
5654,Intersection of harvard st & moore st,harvard st & moore st
5655,Intersection of columbia st & webster ave,columbia st & webster ave
5656,Intersection of cambridge st & norfolk st,cambridge st & norfolk st
5657,Intersection of grove ave & grove ave,grove ave & grove ave
5658,Intersection of sidney st & waverly st,sidney st & waverly st
5659,bradbury st Site,bradbury st
5660,Intersection of western ave & putnam ave,western ave & putnam ave
5661,Intersection of copley st & walden st,copley st & walden st
5662,"400 concord ave Site","400 concord ave"
5663,"100 hampshire st Site","100 hampshire st"
5664,unknown Site,unknown
5665,Intersection of ellery pl & ellery st,ellery pl & ellery st
5666,Intersection of chestnut st & newton st,chestnut st & newton st
5667,Intersection of holden st & farrar st,holden st & farrar st
5668,Intersection of follen st & follen st,follen st & follen st
5669,Intersection of cambridge st & prospect st,cambridge st & prospect st
5670,bay state rd Site,bay state rd
5671,"200 franklin st Site","200 franklin st"
5672,Intersection of massachusetts ave & main st,massachusetts ave & main st
5673,"200 north first st Site","200 north first st"
5674,Intersection of pleasant st & kinnaird st,pleasant st & kinnaird st
5675,Intersection of hollis st & rindge ave,hollis st & rindge ave
5676,"400 allston st Site","400 allston st"
5677,"100 buckingham st Site","100 buckingham st"
5678,"400 massachusetts ave Site","400 massachusetts ave"
5679,Intersection of massachusetts ave & tyler ct,massachusetts ave & tyler ct
5680,Intersection of ames st & main st,ames st & main st
5681,"100 brookline pl Site","100 brookline pl"
5682,Intersection of franklin st & western ave,franklin st & western ave
5683,Intersection of quincy st & harvard st,quincy st & harvard st
5684,white st Site,white st
5685,robinson st Site,robinson st
5686,Intersection of market st & windsor st,market st & windsor st
5687,Intersection of front st & front st,front st & front st
5688,Intersection of carver st & sacramento st,carver st & sacramento st
5689,"100 broadway ct Site","100 broadway ct"
5690,athenaeum st Site,athenaeum st
5691,Intersection of fresh pond pky & vassal ln,fresh pond pky & vassal ln
5692,Intersection of sidney st & pacific st,sidney st & pacific st
5693,Intersection of roseland st & massachusetts ave,roseland st & massachusetts ave
5694,Intersection of cowperthwaite st & banks st,cowperthwaite st & banks st
5695,Intersection of regent st & massachusetts ave,regent st & massachusetts ave
5696,Intersection of corporal burns rd & field st,corporal burns rd & field st
5697,Intersection of west pl & west st,west pl & west st
5698,Intersection of cambridge st & berkshire st,cambridge st & berkshire st
5699,Intersection of massachusetts ave & cameron ave,massachusetts ave & cameron ave
5700,Intersection of salem st & auburn st,salem st & auburn st
5701,"200 clifton pl Site","200 clifton pl"
5702,"1500 massachusetts ave Site","1500 massachusetts ave"
5703,Intersection of surrey st & surrey st,surrey st & surrey st
5704,Intersection of trowbridge st & harvard st,trowbridge st & harvard st
5705,Intersection of roseland st & massachusetts ave,roseland st & massachusetts ave
5706,Intersection of north point blvd & education cir,north point blvd & education cir
5707,Intersection of columbia st & webster ave,columbia st & webster ave
5708,Intersection of west st & west pl,west st & west pl
5709,"1200 cambridge st Site","1200 cambridge st"
5710,Intersection of chatham st & dana st,chatham st & dana st
5711,Intersection of magnolia ave & roberts rd,magnolia ave & roberts rd
5712,Intersection of university rd & mount auburn st,university rd & mount auburn st
5713,"500 putnam ave Site","500 putnam ave"
5714,Intersection of holworthy st & fountain ter,holworthy st & fountain ter
5715,"300 washington st Site","300 washington st"
5716,Intersection of brewer st & memorial dr,brewer st & memorial dr
5717,magazine st Site,magazine st
5718,Intersection of everett st & massachusetts ave,everett st & massachusetts ave
5719,Intersection of clarendon ave & clarendon ave,clarendon ave & clarendon ave
5720,"1000 massachusetts ave Site","1000 massachusetts ave"
5721,"1400 massachusetts ave Site","1400 massachusetts ave"
5722,"100 north first st Site","100 north first st"
5723,hunting st Site,hunting st
5724,Intersection of massachusetts ave & prospect st,massachusetts ave & prospect st
5725,Intersection of lopez st & brookline st,lopez st & brookline st
5726,Intersection of clark st & broadway,clark st & broadway
5727,"200 terminal rd Site","200 terminal rd"
5728,Intersection of acacia st & ash st,acacia st & ash st
5729,Intersection of line st & leonard ave,line st & leonard ave
5730,Intersection of harvard bridge & memorial dr,harvard bridge & memorial dr
5731,Intersection of appian way & garden st,appian way & garden st
5732,Intersection of field st & hazel st,field st & hazel st
5733,Intersection of blanchard rd & concord ave,blanchard rd & concord ave
5734,norfolk ct Site,norfolk ct
5735,"800 massachusetts ave Site","800 massachusetts ave"
5736,Intersection of magoun st & massachusetts ave,magoun st & massachusetts ave
5737,Intersection of magazine st & magazine st,magazine st & magazine st
5738,"100 coolidge ave Site","100 coolidge ave"
5739,Intersection of main st & vassar st,main st & vassar st
5740,rogers st Site,rogers st
5741,Intersection of putnam ave & allston st,putnam ave & allston st
5742,"200 galileo galilei way Site","200 galileo galilei way"
5743,Intersection of ames st & main st,ames st & main st
5744,Intersection of standish st & vassal ln,standish st & vassal ln
5745,"300 windsor st Site","300 windsor st"
5746,Intersection of clay st & dudley st,clay st & dudley st
5747,Intersection of lambert st & cambridge st,lambert st & cambridge st
5748,Intersection of ballord pl & ballord pl,ballord pl & ballord pl
5749,Intersection of harvard st & inman st,harvard st & inman st
5750,"300 water st Site","300 water st"
5751,Intersection of rindge ave & cedar st,rindge ave & cedar st
5752,amory st Site,amory st
5753,Intersection of pearl st & allston st,pearl st & allston st
5754,Intersection of main st & osborn st,main st & osborn st
5755,hilliard pl Site,hilliard pl
5756,corcoran ln Site,corcoran ln
5757,Intersection of broadway & davis st,broadway & davis st
5758,"100 plymouth st Site","100 plymouth st"
5759,"300 hurley st Site","300 hurley st"
5760,porter rd Site,porter rd
5761,Intersection of memorial dr & brookline st,memorial dr & brookline st
5762,Intersection of norfolk st & massachusetts ave,norfolk st & massachusetts ave
5763,Intersection of smith pl & wilson rd,smith pl & wilson rd
5764,Intersection of church st & brattle st,church st & brattle st
5765,Intersection of hilliard st & hilliard st,hilliard st & hilliard st
5766,Intersection of sidney st & massachusetts ave,sidney st & massachusetts ave
5767,Intersection of leighton st & morgan ave,leighton st & morgan ave
5768,Intersection of mount auburn st & mifflin pl,mount auburn st & mifflin pl
5769,Intersection of brookford st & massachusetts ave,brookford st & massachusetts ave
5770,"400 fresh pond golf course Site","400 fresh pond golf course"
5771,Intersection of columbia st & harrington ter,columbia st & harrington ter
5772,"100 mount auburn st Site","100 mount auburn st"
5773,Intersection of harvard yard & harvard yard,harvard yard & harvard yard
5774,Intersection of gerrys landing rd & memorial dr,gerrys landing rd & memorial dr
5775,salem st Site,salem st
5776,Intersection of otis st & second st,otis st & second st
5777,Intersection of ellery st & massachusetts ave,ellery st & massachusetts ave
5778,Intersection of felton st & cambridge st,felton st & cambridge st
5779,Intersection of shepard st & garden st,shepard st & garden st
5780,"500 technology sq Site","500 technology sq"
5781,Intersection of walden st & massachusetts ave,walden st & massachusetts ave
5782,"200 elm st Site","200 elm st"
5783,linnaean st Site,linnaean st
5784,Intersection of newell st & walden st,newell st & walden st
5785,Intersection of erie st & magazine st,erie st & magazine st
5786,Intersection of spring st & second st,spring st & second st
5787,Intersection of cardinal medeiros ave & cornelius way,cardinal medeiros ave & cornelius way
5788,Intersection of putnam ave & magee st,putnam ave & magee st
5789,decatur st Site,decatur st
5790,Intersection of monsignor obrien hwy & gore st,monsignor obrien hwy & gore st
5791,Intersection of berkshire st & cambridge st,berkshire st & cambridge st
5792,Intersection of south st & dunster st,south st & dunster st
5793,Intersection of clifton st & rindge ave,clifton st & rindge ave
5794,Intersection of bigelow st & harvard st,bigelow st & harvard st
5795,Intersection of cambridge st & warren st,cambridge st & warren st
5796,"900 massachusetts ave Site","900 massachusetts ave"
5797,temple st Site,temple st
5798,"600 windsor st Site","600 windsor st"
5799,holmes st Site,holmes st
5800,Intersection of cameron ave & seven pines ave,cameron ave & seven pines ave
5801,Intersection of douglass st & massachusetts ave,douglass st & massachusetts ave
5802,Intersection of harvard st & davis st,harvard st & davis st
5803,Intersection of dunster st & massachusetts ave,dunster st & massachusetts ave
5804,Intersection of morgan ave & morgan ave,morgan ave & morgan ave
5805,"600 west kendall st Site","600 west kendall st"
5806,Intersection of york pl & cardinal medeiros ave,york pl & cardinal medeiros ave
5807,Intersection of windsor st & cambridge st,windsor st & cambridge st
5808,Intersection of ellsworth ave & ellsworth park,ellsworth ave & ellsworth park
5809,memorial dr Site,memorial dr
5810,Intersection of aberdeen ave & aberdeen ct,aberdeen ave & aberdeen ct
5811,Intersection of hemlock rd & sparks st,hemlock rd & sparks st
5812,"100 montgomery st Site","100 montgomery st"
5813,Intersection of green st & magazine st,green st & magazine st
5814,"100 hamilton st Site","100 hamilton st"
5815,Intersection of clifton pl & rindge ave,clifton pl & rindge ave
5816,Intersection of brattle st & sparks st,brattle st & sparks st
5817,Intersection of waterhouse st & massachusetts ave,waterhouse st & massachusetts ave
5818,"200 cardinal medeiros ave Site","200 cardinal medeiros ave"
5819,Intersection of bow st & linden st,bow st & linden st
5820,Intersection of rutland st & shepard st,rutland st & shepard st
5821,Intersection of main st & sidney st,main st & sidney st
5822,school st Site,school st
5823,Intersection of museum way & monsignor obrien hwy,museum way & monsignor obrien hwy
5824,Intersection of prospect st & st paul st,prospect st & st paul st
5825,Intersection of bedford st & porter st,bedford st & porter st
5826,"500 green st Site","500 green st"
5827,"1900 massachusetts ave Site","1900 massachusetts ave"
5828,Intersection of pilgrim st & brookline st,pilgrim st & brookline st
5829,Intersection of forest st & newport rd,forest st & newport rd
5830,"1500 massachusetts ave Site","1500 massachusetts ave"
5831,Intersection of memorial dr & harvard bridge,memorial dr & harvard bridge
5832,brookline st Site,brookline st
5833,Intersection of prospect st & massachusetts ave,prospect st & massachusetts ave
5834,"1600 massachusetts ave Site","1600 massachusetts ave"
5835,Intersection of chilton st & concord ave,chilton st & concord ave
5836,Intersection of earhart st & morgan ave,earhart st & morgan ave
5837,"100 garfield st Site","100 garfield st"
5838,Intersection of memorial dr & vassar st,memorial dr & vassar st
5839,Intersection of lilac ct & webster ave,lilac ct & webster ave
5840,Intersection of broadway & merrill st,broadway & merrill st
5841,memorial dr Site,memorial dr
5842,"200 erie st Site","200 erie st"
5843,Intersection of bow st & linden st,bow st & linden st
5844,Intersection of aberdeen ave & mount auburn st,aberdeen ave & mount auburn st
5845,Intersection of memorial dr & ash st,memorial dr & ash st
5846,mildred hamilton pl Site,mildred hamilton pl
5847,Intersection of dunster st & south st,dunster st & south st
5848,Intersection of sumner rd & irving ter,sumner rd & irving ter
5849,Intersection of arcadia st & eustis st,arcadia st & eustis st
5850,Intersection of huron ave & lakeview ave,huron ave & lakeview ave
5851,grozier rd Site,grozier rd
5852,Intersection of chestnut st & brookline st,chestnut st & brookline st
5853,ross st Site,ross st
5854,Intersection of main st & memorial dr,main st & memorial dr
5855,Intersection of tudor st & sidney st,tudor st & sidney st
5856,Intersection of sellers st & green st,sellers st & green st
5857,Intersection of berkshire pl & berkshire st,berkshire pl & berkshire st
5858,"400 broadway Site","400 broadway"
5859,Intersection of massachusetts ave & tyler ct,massachusetts ave & tyler ct
5860,"100 sixth st Site","100 sixth st"
5861,Intersection of aberdeen ave & huron ave,aberdeen ave & huron ave
5862,"1400 massachusetts ave Site","1400 massachusetts ave"
5863,Intersection of green st & sidney st,green st & sidney st
5864,Intersection of bowdoin st & martin st,bowdoin st & martin st
5865,Intersection of brown st & foster st,brown st & foster st
5866,Intersection of concord ave & concord ln,concord ave & concord ln
5867,Intersection of harvard yard & cambridge st,harvard yard & cambridge st
5868,hayward st Site,hayward st
5869,Intersection of brewster st & sparks st,brewster st & sparks st
5870,"200 mount vernon st Site","200 mount vernon st"
5871,Intersection of inman st & hampshire st,inman st & hampshire st
5872,Intersection of sycamore st & walden st,sycamore st & walden st
5873,"1000 state st Site","1000 state st"
5874,Intersection of hawthorne st & memorial dr,hawthorne st & memorial dr
5875,Intersection of clifton cir & rindge ave,clifton cir & rindge ave
5876,Intersection of bishop allen dr & norfolk ct,bishop allen dr & norfolk ct
5877,Intersection of berkshire st & hardwick st,berkshire st & hardwick st
5878,Intersection of murdock st & bishop allen dr,murdock st & bishop allen dr
5879,Intersection of langdon st & rutland st,langdon st & rutland st
5880,Intersection of white st & elm street north,white st & elm street north
5881,Intersection of peters st & putnam ave,peters st & putnam ave
5882,Intersection of forest st & massachusetts ave,forest st & massachusetts ave
5883,cambridgeside pl Site,cambridgeside pl
5884,Intersection of sacramento st & massachusetts ave,sacramento st & massachusetts ave
5885,Intersection of eliot bridge & gerrys landing rd,eliot bridge & gerrys landing rd
5886,garden st Site,garden st
5887,Intersection of massachusetts ave & meacham rd,massachusetts ave & meacham rd
5888,Intersection of mount auburn st & eliot st,mount auburn st & eliot st
5889,"600 kendall st Site","600 kendall st"
5890,Intersection of mount auburn st & putnam ave,mount auburn st & putnam ave
5891,Intersection of francis ave & francis ave,francis ave & francis ave
5892,Intersection of prospect st & cambridge st,prospect st & cambridge st
5893,washington ct Site,washington ct
5894,Intersection of columbia st & harvard st,columbia st & harvard st
5895,new st Site,new st
5896,"100 sixth st Site","100 sixth st"
