"contract_id","client_id","contract_type","contract_start","contract_end","contract_value","status"
1,40,Service Agreement,"2019-09-20","2028-01-01",48652.92,Completed
2,38,Security Provision,"2023-02-11","2028-01-02",24266.79,Active
3,27,Service Agreement,"2018-12-10","2028-01-03",41315.24,Active
4,6,Security Provision,"2021-06-21","2028-01-04",15240.12,Active
5,35,Security Provision,"2019-06-29","2028-01-05",113855.89,Active
6,16,Service Agreement,"2020-01-17","2028-01-06",27155.49,Completed
7,41,Security Provision,"2022-04-06","2028-01-07",41435.49,Active
8,43,Security Provision,"2020-11-06","2028-01-08",24112.00,Active
9,47,Service Agreement,"2018-08-18","2028-01-09",60470.13,Active
10,37,Security Provision,"2022-01-21","2028-01-10",116291.10,Active
11,4,Service Agreement,"2023-08-04","2028-01-11",127899.93,Active
12,16,Service Agreement,"2018-08-10","2028-01-12",149362.85,Active
13,39,Security Provision,"2022-05-25","2028-01-13",50100.32,Active
14,35,Fixed-Term,"2019-12-05","2028-01-14",74702.03,Active
15,9,Service Agreement,"2019-04-28","2028-01-15",100862.65,Active
16,21,Security Provision,"2019-07-09","2028-01-16",52675.16,Active
17,30,Consulting,"2021-04-05","2028-01-17",143870.05,Active
18,3,Consulting,"2021-11-28","2028-01-18",146881.13,Active
19,12,Security Provision,"2021-01-16","2028-01-19",117552.86,Active
20,22,Security Provision,"2021-08-24","2028-01-20",54533.26,Active
21,15,Security Provision,"2020-05-26","2028-01-21",129438.94,Completed
22,9,Consulting,"2019-10-01","2028-01-22",141629.79,Active
23,17,Consulting,"2023-05-10","2028-01-23",124495.45,Active
24,31,Service Agreement,"2020-09-01","2028-01-24",80751.34,Active
25,35,Service Agreement,"2021-02-18","2028-01-25",69761.96,Active
26,37,Consulting,"2022-11-08","2028-01-26",47676.89,Active
27,10,Security Provision,"2022-10-13","2028-01-27",7846.35,Pending
28,41,Service Agreement,"2022-09-11","2028-01-28",129316.81,Active
29,17,Security Provision,"2021-06-29","2028-01-29",16685.16,Completed
30,1,Consulting,"2023-03-06","2028-01-30",20017.37,Active
31,46,Security Provision,"2020-09-25","2028-01-31",110184.88,Active
32,40,Service Agreement,"2022-04-28","2028-02-01",132708.25,Completed
33,8,Consulting,"2021-04-18","2028-02-02",8676.76,Active
34,10,Fixed-Term,"2020-02-19","2028-02-03",147287.96,Active
35,7,Security Provision,"2019-07-18","2028-02-04",114920.64,Completed
36,15,Security Provision,"2018-09-13","2028-02-05",89653.53,Active
37,39,Consulting,"2020-04-30","2028-02-06",114757.89,Active
38,30,Service Agreement,"2018-12-03","2028-02-07",77111.09,Pending
39,7,Service Agreement,"2021-11-08","2028-02-08",103940.07,Active
40,8,Security Provision,"2022-04-13","2028-02-09",136693.91,Active
41,1,Security Provision,"2020-05-06","2028-02-10",55492.04,Active
42,13,Consulting,"2019-09-09","2028-02-11",22830.94,Active
43,13,Service Agreement,"2020-07-29","2028-02-12",52660.58,Terminated
44,36,Consulting,"2018-11-14","2028-02-13",147594.11,Active
45,42,Security Provision,"2020-02-29","2028-02-14",54106.86,Completed
46,16,Security Provision,"2023-01-15","2028-02-15",101126.51,Active
47,46,Service Agreement,"2023-06-29","2028-02-16",32369.68,Active
48,6,Consulting,"2020-03-09","2028-02-17",119909.79,Active
49,24,Service Agreement,"2021-09-21","2028-02-18",131986.55,Pending
50,40,Security Provision,"2023-06-12","2028-02-19",117973.92,Completed
51,31,Security Provision,"2019-04-07","2028-02-20",115573.74,Active
52,23,Fixed-Term,"2018-09-17","2028-02-21",16678.23,Active
53,34,Service Agreement,"2022-08-02","2028-02-22",104619.48,Active
54,21,Service Agreement,"2022-09-08","2028-02-23",138631.50,Active
55,3,Service Agreement,"2019-03-07","2028-02-24",101265.25,Pending
56,47,Service Agreement,"2019-10-29","2028-02-25",16732.15,Active
57,11,Consulting,"2021-09-26","2028-02-26",14108.00,Pending
58,29,Fixed-Term,"2018-08-29","2028-02-27",27765.87,Completed
59,6,Service Agreement,"2021-10-26","2028-02-28",92731.39,Pending
60,28,Consulting,"2022-10-31","2028-02-29",80089.96,Active
61,16,Service Agreement,"2023-03-15","2028-03-01",141767.69,Active
62,35,Consulting,"2022-09-09","2028-03-02",48252.69,Active
63,31,Consulting,"2022-03-04","2028-03-03",62103.58,Active
64,29,Security Provision,"2019-02-11","2028-03-04",109246.76,Completed
65,37,Security Provision,"2021-01-26","2028-03-05",6858.29,Active
66,22,Security Provision,"2019-11-26","2028-03-06",82937.85,Completed
67,11,Service Agreement,"2019-07-15","2028-03-07",111939.34,Active
68,8,Consulting,"2020-06-18","2028-03-08",135134.90,Active
69,19,Service Agreement,"2023-06-22","2028-03-09",65483.02,Active
70,21,Consulting,"2021-12-02","2028-03-10",133466.91,Pending
71,39,Consulting,"2021-12-08","2028-03-11",29946.92,Pending
72,17,Security Provision,"2023-04-26","2028-03-12",31520.83,Active
73,26,Consulting,"2018-09-25","2028-03-13",24755.22,Active
74,21,Security Provision,"2018-11-20","2028-03-14",34253.35,Pending
75,29,Consulting,"2020-08-30","2028-03-15",88872.09,Active
76,6,Security Provision,"2019-10-01","2028-03-16",124776.13,Active
77,21,Security Provision,"2022-01-20","2028-03-17",65374.69,Active
78,22,Service Agreement,"2021-10-10","2028-03-18",8848.12,Terminated
79,22,Security Provision,"2020-08-29","2028-03-19",64291.94,Completed
80,46,Service Agreement,"2019-08-27","2028-03-20",108355.06,Active
81,10,Service Agreement,"2021-02-25","2028-03-21",134545.21,Active
82,13,Service Agreement,"2021-07-13","2028-03-22",138492.48,Active
83,26,Service Agreement,"2021-04-14","2028-03-23",39000.85,Active
84,42,Service Agreement,"2020-02-10","2028-03-24",149270.37,Active
85,35,Security Provision,"2021-08-17","2028-03-25",40607.82,Pending
86,7,Consulting,"2023-04-17","2028-03-26",51588.27,Active
87,32,Consulting,"2022-09-02","2028-03-27",128940.48,Active
88,44,Service Agreement,"2020-04-15","2028-03-28",60538.89,Active
89,12,Service Agreement,"2022-03-09","2028-03-29",115975.90,Active
90,30,Consulting,"2022-04-07","2028-03-30",147228.02,Active
91,14,Service Agreement,"2020-02-19","2028-03-31",11238.86,Active
92,16,Security Provision,"2021-04-10","2028-04-01",111882.99,Active
93,27,Consulting,"2021-12-19","2028-04-02",113706.54,Active
94,25,Consulting,"2020-12-13","2028-04-03",109418.45,Pending
95,16,Consulting,"2019-02-26","2028-04-04",18555.29,Active
96,32,Service Agreement,"2020-03-02","2028-04-05",76686.01,Active
97,22,Service Agreement,"2021-06-25","2028-04-06",23692.93,Active
98,39,Service Agreement,"2021-07-26","2028-04-07",70715.64,Active
99,24,Service Agreement,"2022-07-03","2028-04-08",125820.46,Active
100,18,Security Provision,"2022-09-15","2028-04-09",117157.32,Active
101,34,Consulting,"2020-05-01","2028-04-10",146706.63,Active
102,14,Security Provision,"2022-10-13","2028-04-11",126705.06,Active
103,42,Service Agreement,"2020-01-03","2028-04-12",5022.93,Pending
104,25,Consulting,"2019-11-13","2028-04-13",96806.10,Active
105,36,Fixed-Term,"2023-06-17","2028-04-14",93478.26,Active
106,23,Consulting,"2021-10-14","2028-04-15",7834.22,Active
107,25,Service Agreement,"2021-06-01","2028-04-16",31176.14,Active
108,1,Consulting,"2018-09-14","2028-04-17",105183.89,Active
109,40,Consulting,"2018-12-11","2028-04-18",114634.50,Active
110,12,Service Agreement,"2022-08-06","2028-04-19",105241.95,Active
111,45,Service Agreement,"2022-05-28","2028-04-20",93786.11,Pending
112,8,Fixed-Term,"2019-06-16","2028-04-21",13129.67,Active
113,47,Consulting,"2019-12-08","2028-04-22",44034.05,Active
114,34,Security Provision,"2020-03-12","2028-04-23",89532.42,Completed
115,45,Service Agreement,"2020-04-06","2028-04-24",93500.98,Active
116,18,Security Provision,"2023-04-15","2028-04-25",48182.52,Active
117,13,Service Agreement,"2020-11-10","2028-04-26",22585.00,Active
118,6,Security Provision,"2023-06-29","2028-04-27",145062.39,Active
119,22,Security Provision,"2022-03-07","2028-04-28",16587.58,Active
120,27,Consulting,"2021-07-31","2028-04-29",134982.71,Active
121,28,Security Provision,"2022-01-20","2028-04-30",8272.90,Active
122,27,Consulting,"2021-07-11","2028-05-01",107741.09,Pending
123,13,Security Provision,"2018-10-15","2028-05-02",70684.24,Active
124,13,Consulting,"2021-11-26","2028-05-03",32020.08,Completed
125,36,Consulting,"2018-08-11","2028-05-04",10471.32,Active
126,15,Security Provision,"2020-02-16","2028-05-05",116181.56,Active
127,15,Security Provision,"2020-01-20","2028-05-06",144166.76,Active
128,26,Fixed-Term,"2019-03-31","2028-05-07",37393.70,Active
129,26,Security Provision,"2023-01-06","2028-05-08",40719.23,Active
130,33,Consulting,"2019-07-18","2028-05-09",50241.89,Terminated
131,47,Consulting,"2019-02-13","2028-05-10",105767.82,Active
132,7,Security Provision,"2018-12-30","2028-05-11",110760.17,Completed
133,8,Service Agreement,"2019-11-06","2028-05-12",38257.54,Active
134,15,Consulting,"2022-06-01","2028-05-13",75380.72,Active
135,1,Consulting,"2023-03-28","2028-05-14",132206.42,Pending
136,32,Security Provision,"2019-05-21","2028-05-15",42405.70,Active
137,6,Security Provision,"2019-01-01","2028-05-16",67866.92,Active
138,5,Service Agreement,"2019-01-26","2028-05-17",128258.18,Pending
139,5,Service Agreement,"2021-09-11","2028-05-18",14547.68,Active
140,18,Security Provision,"2021-09-26","2028-05-19",107385.51,Active
141,35,Service Agreement,"2023-03-04","2028-05-20",31635.67,Active
142,37,Service Agreement,"2023-07-11","2028-05-21",58076.23,Active
143,21,Service Agreement,"2019-02-09","2028-05-22",119932.81,Active
144,43,Service Agreement,"2019-04-19","2028-05-23",132300.26,Terminated
145,46,Service Agreement,"2022-07-07","2028-05-24",61163.24,Active
146,8,Service Agreement,"2019-03-12","2028-05-25",47126.32,Completed
147,45,Consulting,"2020-03-09","2028-05-26",58588.24,Active
148,30,Service Agreement,"2021-05-18","2028-05-27",6228.12,Active
149,3,Security Provision,"2021-04-28","2028-05-28",59979.96,Active
150,41,Service Agreement,"2021-07-21","2028-05-29",55678.60,Active
151,32,Consulting,"2019-09-15","2028-05-30",147348.20,Active
152,33,Service Agreement,"2019-05-04","2028-05-31",89761.16,Pending
153,16,Security Provision,"2021-05-20","2028-06-01",47834.79,Active
154,23,Service Agreement,"2019-12-16","2028-06-02",133106.21,Active
155,4,Service Agreement,"2020-11-20","2028-06-03",112832.04,Active
156,38,Fixed-Term,"2020-08-19","2028-06-04",94186.79,Active
157,3,Service Agreement,"2021-04-28","2028-06-05",78497.19,Active
158,22,Consulting,"2020-08-14","2028-06-06",134372.33,Active
159,24,Consulting,"2021-12-22","2028-06-07",22271.64,Active
160,43,Fixed-Term,"2019-02-01","2028-06-08",58459.80,Active
161,14,Security Provision,"2021-05-10","2028-06-09",31893.18,Active
162,37,Service Agreement,"2019-06-25","2028-06-10",92169.84,Active
163,18,Service Agreement,"2019-04-25","2028-06-11",125683.76,Active
164,23,Service Agreement,"2021-02-25","2028-06-12",145514.41,Active
165,45,Consulting,"2021-11-23","2028-06-13",20326.03,Active
166,23,Consulting,"2021-10-05","2028-06-14",130506.45,Active
167,14,Service Agreement,"2020-05-30","2028-06-15",115495.77,Active
168,31,Security Provision,"2018-12-11","2028-06-16",128043.99,Active
169,45,Security Provision,"2020-09-22","2028-06-17",26286.03,Active
170,12,Service Agreement,"2019-07-28","2028-06-18",5529.94,Active
171,47,Service Agreement,"2020-06-06","2028-06-19",33355.51,Active
172,46,Service Agreement,"2018-09-28","2028-06-20",120246.25,Active
173,14,Security Provision,"2020-04-12","2028-06-21",95986.48,Active
174,38,Security Provision,"2022-11-01","2028-06-22",108843.69,Completed
175,3,Security Provision,"2022-11-21","2028-06-23",135649.80,Pending
176,39,Security Provision,"2021-04-11","2028-06-24",123803.82,Pending
177,42,Consulting,"2018-11-29","2028-06-25",139877.18,Active
178,30,Security Provision,"2019-01-16","2028-06-26",129768.08,Active
179,28,Service Agreement,"2019-09-18","2028-06-27",109792.70,Completed
180,9,Service Agreement,"2019-08-01","2028-06-28",29053.10,Active
181,12,Service Agreement,"2019-06-18","2028-06-29",86781.41,Pending
182,15,Service Agreement,"2019-02-13","2028-06-30",122182.66,Active
183,10,Security Provision,"2021-06-02","2028-07-01",108582.73,Active
184,38,Security Provision,"2018-10-11","2028-07-02",117010.04,Active
185,44,Fixed-Term,"2021-03-09","2028-07-03",146434.70,Active
186,19,Security Provision,"2022-01-23","2028-07-04",110516.69,Active
187,35,Security Provision,"2019-02-24","2028-07-05",47204.39,Completed
188,29,Service Agreement,"2020-01-08","2028-07-06",120648.64,Active
189,31,Security Provision,"2021-05-13","2028-07-07",56297.04,Completed
190,4,Security Provision,"2022-02-12","2028-07-08",52369.07,Active
191,9,Fixed-Term,"2023-02-01","2028-07-09",43689.39,Active
192,24,Fixed-Term,"2023-02-04","2028-07-10",75714.17,Active
193,25,Service Agreement,"2023-03-23","2028-07-11",51711.88,Active
194,16,Service Agreement,"2023-03-22","2028-07-12",34271.04,Active
195,10,Security Provision,"2018-11-28","2028-07-13",28387.04,Active
196,48,Fixed-Term,"2020-07-09","2028-07-14",9460.81,Active
197,9,Service Agreement,"2019-02-11","2028-07-15",138164.21,Active
198,3,Consulting,"2020-01-09","2028-07-16",72839.28,Pending
199,18,Security Provision,"2021-11-11","2028-07-17",8360.79,Completed
200,40,Security Provision,"2021-05-15","2028-07-18",57759.92,Active
201,48,Consulting,"2019-08-21","2028-07-19",116801.89,Completed
202,27,Service Agreement,"2020-09-18","2028-07-20",142118.56,Active
203,43,Service Agreement,"2022-08-27","2028-07-21",26095.65,Pending
204,20,Security Provision,"2019-02-23","2028-07-22",144710.73,Pending
205,27,Security Provision,"2022-08-08","2028-07-23",134986.40,Active
206,25,Consulting,"2022-09-24","2028-07-24",108305.97,Completed
207,10,Consulting,"2022-03-21","2028-07-25",8932.37,Active
208,40,Security Provision,"2023-06-23","2028-07-26",84263.57,Active
209,24,Service Agreement,"2020-10-26","2028-07-27",10663.65,Active
210,2,Security Provision,"2020-01-29","2028-07-28",64181.13,Completed
211,47,Security Provision,"2022-04-23","2028-07-29",127752.09,Active
212,9,Security Provision,"2023-06-15","2028-07-30",59102.72,Active
213,22,Security Provision,"2019-09-19","2028-07-31",84446.53,Completed
214,16,Service Agreement,"2023-01-07","2028-08-01",129088.57,Active
215,5,Fixed-Term,"2020-02-07","2028-08-02",134133.90,Active
216,23,Security Provision,"2020-04-29","2028-08-03",13400.85,Active
217,37,Security Provision,"2020-04-16","2028-08-04",87138.44,Terminated
218,18,Service Agreement,"2022-06-16","2028-08-05",149532.82,Pending
219,47,Security Provision,"2019-07-22","2028-08-06",10815.14,Completed
220,40,Fixed-Term,"2023-04-22","2028-08-07",128191.90,Active
221,21,Consulting,"2020-12-28","2028-08-08",135545.28,Pending
222,42,Fixed-Term,"2022-02-23","2028-08-09",29220.11,Completed
223,9,Fixed-Term,"2022-08-13","2028-08-10",9473.18,Terminated
224,14,Security Provision,"2019-10-03","2028-08-11",55990.04,Active
225,11,Consulting,"2019-10-14","2028-08-12",26105.77,Completed
226,45,Consulting,"2019-08-30","2028-08-13",146185.36,Active
227,49,Security Provision,"2021-02-04","2028-08-14",8184.00,Active
228,34,Consulting,"2022-11-23","2028-08-15",54961.33,Pending
229,33,Security Provision,"2023-02-25","2028-08-16",148819.91,Active
230,8,Service Agreement,"2019-12-15","2028-08-17",132906.84,Active
231,41,Service Agreement,"2021-08-29","2028-08-18",79193.37,Active
232,17,Consulting,"2022-11-04","2028-08-19",51347.53,Active
233,24,Security Provision,"2019-10-02","2028-08-20",56312.93,Active
234,35,Service Agreement,"2019-05-24","2028-08-21",140410.76,Active
235,22,Security Provision,"2022-02-28","2028-08-22",59165.16,Active
236,13,Consulting,"2023-06-13","2028-08-23",137672.04,Active
237,33,Service Agreement,"2019-10-07","2028-08-24",53251.49,Active
238,29,Service Agreement,"2020-10-06","2028-08-25",122269.09,Active
239,8,Security Provision,"2019-11-22","2028-08-26",68166.68,Completed
240,46,Fixed-Term,"2022-04-29","2028-08-27",18186.92,Active
241,28,Security Provision,"2022-12-11","2028-08-28",135439.30,Active
242,28,Service Agreement,"2023-08-06","2028-08-29",104565.15,Active
243,30,Service Agreement,"2020-03-28","2028-08-30",133881.62,Active
244,15,Service Agreement,"2022-08-11","2028-08-31",128867.46,Active
245,12,Security Provision,"2023-01-26","2028-09-01",122290.83,Completed
246,24,Service Agreement,"2019-01-14","2028-09-02",141441.26,Active
247,7,Consulting,"2022-06-11","2028-09-03",33410.66,Pending
248,7,Service Agreement,"2020-06-25","2028-09-04",49060.34,Completed
249,24,Service Agreement,"2020-06-08","2028-09-05",45322.61,Active
250,21,Service Agreement,"2018-08-29","2028-09-06",116814.07,Active
251,13,Consulting,"2022-10-01","2028-09-07",39835.65,Active
252,20,Security Provision,"2021-07-22","2028-09-08",66814.07,Pending
253,46,Service Agreement,"2019-12-14","2028-09-09",112017.06,Active
254,32,Security Provision,"2020-03-27","2028-09-10",117902.27,Active
255,45,Fixed-Term,"2021-11-25","2028-09-11",21086.35,Active
256,17,Security Provision,"2023-07-08","2028-09-12",91841.54,Active
257,49,Security Provision,"2021-11-02","2028-09-13",89141.53,Terminated
258,30,Fixed-Term,"2019-12-01","2028-09-14",71622.27,Active
259,9,Consulting,"2022-08-16","2028-09-15",96524.67,Active
260,31,Fixed-Term,"2021-04-25","2028-09-16",65097.81,Completed
261,1,Consulting,"2019-05-17","2028-09-17",89486.79,Active
262,4,Service Agreement,"2019-05-04","2028-09-18",41356.19,Active
263,27,Consulting,"2021-07-16","2028-09-19",115689.41,Active
264,31,Service Agreement,"2020-08-04","2028-09-20",57080.30,Active
265,47,Security Provision,"2020-11-23","2028-09-21",50009.52,Completed
266,29,Consulting,"2019-11-11","2028-09-22",74353.54,Completed
267,49,Service Agreement,"2019-05-20","2028-09-23",23520.01,Active
268,13,Service Agreement,"2019-11-05","2028-09-24",13965.65,Active
269,17,Consulting,"2018-09-20","2028-09-25",38794.92,Active
270,32,Consulting,"2020-09-02","2028-09-26",113394.97,Pending
271,17,Security Provision,"2020-06-28","2028-09-27",84928.58,Active
272,15,Fixed-Term,"2023-03-22","2028-09-28",109666.19,Active
273,4,Service Agreement,"2022-08-30","2028-09-29",112345.34,Active
274,1,Consulting,"2019-10-24","2028-09-30",47936.55,Active
275,33,Service Agreement,"2019-11-09","2028-10-01",121592.87,Active
276,35,Fixed-Term,"2019-07-13","2028-10-02",36437.15,Active
277,1,Service Agreement,"2020-08-31","2028-10-03",72674.71,Pending
278,39,Security Provision,"2019-01-25","2028-10-04",62828.98,Terminated
279,26,Fixed-Term,"2020-11-21","2028-10-05",44953.35,Active
280,7,Service Agreement,"2019-09-23","2028-10-06",148694.89,Terminated
281,21,Service Agreement,"2022-12-11","2028-10-07",92187.46,Active
282,29,Service Agreement,"2020-08-21","2028-10-08",137087.99,Active
283,16,Service Agreement,"2019-02-04","2028-10-09",35829.32,Active
284,12,Security Provision,"2021-10-29","2028-10-10",125487.79,Active
285,28,Fixed-Term,"2021-07-17","2028-10-11",105906.56,Active
286,2,Fixed-Term,"2019-04-28","2028-10-12",125423.38,Active
287,49,Consulting,"2020-07-21","2028-10-13",98236.58,Active
288,23,Fixed-Term,"2020-01-19","2028-10-14",14345.10,Pending
289,3,Service Agreement,"2021-09-12","2028-10-15",21175.75,Active
290,17,Service Agreement,"2022-07-31","2028-10-16",117513.71,Terminated
291,25,Service Agreement,"2023-05-18","2028-10-17",48965.22,Active
292,7,Security Provision,"2021-05-25","2028-10-18",21035.28,Active
293,3,Service Agreement,"2022-07-22","2028-10-19",85330.28,Active
294,36,Consulting,"2019-05-23","2028-10-20",126872.64,Active
295,7,Service Agreement,"2020-02-12","2028-10-21",5557.66,Active
296,45,Fixed-Term,"2020-02-16","2028-10-22",49326.90,Terminated
297,20,Security Provision,"2022-04-29","2028-10-23",11321.58,Active
298,11,Service Agreement,"2019-10-10","2028-10-24",58327.04,Active
299,19,Service Agreement,"2019-04-07","2028-10-25",137551.51,Pending
300,46,Security Provision,"2020-07-13","2028-10-26",83421.15,Active
301,10,Service Agreement,"2021-08-26","2028-10-27",95871.84,Completed
302,40,Consulting,"2021-12-23","2028-10-28",148826.83,Active
303,8,Service Agreement,"2022-12-08","2028-10-29",123691.39,Active
304,40,Service Agreement,"2022-01-18","2028-10-30",5607.11,Active
305,40,Security Provision,"2020-02-28","2028-10-31",130094.90,Active
306,49,Service Agreement,"2020-05-31","2028-11-01",141054.88,Active
307,8,Service Agreement,"2020-04-20","2028-11-02",41896.19,Pending
308,22,Consulting,"2019-03-07","2028-11-03",33435.10,Active
309,4,Consulting,"2019-05-29","2028-11-04",135345.88,Active
310,44,Security Provision,"2020-10-18","2028-11-05",133649.58,Active
311,26,Service Agreement,"2018-11-19","2028-11-06",17694.14,Active
312,14,Security Provision,"2022-04-15","2028-11-07",137432.22,Pending
313,24,Fixed-Term,"2018-08-24","2028-11-08",65974.47,Pending
314,22,Security Provision,"2022-10-15","2028-11-09",132838.87,Active
315,25,Fixed-Term,"2023-02-27","2028-11-10",131003.91,Completed
316,16,Service Agreement,"2021-09-22","2028-11-11",125883.33,Pending
317,27,Service Agreement,"2020-05-30","2028-11-12",25287.59,Active
318,4,Service Agreement,"2020-09-11","2028-11-13",75821.24,Active
319,5,Consulting,"2019-05-31","2028-11-14",111553.25,Active
320,6,Security Provision,"2020-07-13","2028-11-15",65067.83,Pending
321,45,Security Provision,"2021-09-09","2028-11-16",84204.22,Active
322,19,Service Agreement,"2019-04-06","2028-11-17",83662.02,Active
323,31,Fixed-Term,"2021-02-16","2028-11-18",79016.01,Completed
324,10,Service Agreement,"2020-02-17","2028-11-19",40245.28,Terminated
325,28,Consulting,"2021-10-15","2028-11-20",97832.61,Active
326,16,Security Provision,"2022-07-06","2028-11-21",138286.11,Active
327,11,Security Provision,"2019-03-05","2028-11-22",35692.84,Active
328,10,Security Provision,"2020-06-02","2028-11-23",27880.50,Active
329,20,Service Agreement,"2020-11-26","2028-11-24",52719.72,Active
330,7,Security Provision,"2021-05-24","2028-11-25",105493.21,Active
331,37,Service Agreement,"2022-10-17","2028-11-26",105408.25,Active
332,29,Service Agreement,"2022-11-16","2028-11-27",146879.47,Active
333,2,Security Provision,"2022-05-01","2028-11-28",110361.85,Completed
334,26,Security Provision,"2021-08-24","2028-11-29",114811.90,Active
335,48,Service Agreement,"2023-06-22","2028-11-30",86203.47,Active
336,20,Consulting,"2020-07-18","2028-12-01",85963.00,Active
337,10,Security Provision,"2023-01-12","2028-12-02",109479.61,Pending
338,48,Service Agreement,"2022-02-16","2028-12-03",63091.91,Pending
339,30,Service Agreement,"2022-09-02","2028-12-04",95631.69,Active
340,28,Consulting,"2019-02-02","2028-12-05",39737.38,Active
341,43,Consulting,"2021-08-26","2028-12-06",84133.37,Active
342,32,Service Agreement,"2020-12-31","2028-12-07",124096.67,Active
343,47,Fixed-Term,"2020-12-12","2028-12-08",42773.90,Active
344,33,Fixed-Term,"2022-01-13","2028-12-09",13275.34,Active
345,35,Consulting,"2021-01-24","2028-12-10",69792.38,Active
346,17,Service Agreement,"2022-02-08","2028-12-11",112957.55,Active
347,5,Service Agreement,"2020-10-11","2028-12-12",120898.69,Active
348,3,Security Provision,"2019-06-20","2028-12-13",145371.25,Active
349,43,Fixed-Term,"2021-07-13","2028-12-14",65832.06,Active
350,22,Security Provision,"2021-10-14","2028-12-15",69098.77,Completed
351,32,Consulting,"2021-11-09","2028-12-16",121765.99,Active
352,44,Fixed-Term,"2023-04-02","2028-12-17",121431.66,Active
353,15,Consulting,"2022-10-19","2028-12-18",74146.52,Active
354,47,Service Agreement,"2020-05-09","2028-12-19",132560.90,Active
355,27,Fixed-Term,"2019-08-18","2028-12-20",99542.48,Active
356,45,Consulting,"2019-03-09","2028-12-21",100166.94,Active
357,14,Consulting,"2020-05-09","2028-12-22",149803.04,Active
358,48,Security Provision,"2022-08-14","2028-12-23",36538.24,Active
359,47,Service Agreement,"2022-01-18","2028-12-24",83444.77,Active
360,47,Service Agreement,"2021-06-22","2028-12-25",57690.08,Pending
361,48,Consulting,"2023-01-19","2028-12-26",82184.04,Completed
362,41,Service Agreement,"2023-05-17","2028-12-27",53016.94,Active
363,10,Service Agreement,"2020-06-07","2028-12-28",139059.82,Active
364,10,Service Agreement,"2023-07-07","2028-12-29",82016.19,Active
365,41,Consulting,"2020-03-28","2028-12-30",127040.59,Active
366,38,Consulting,"2019-05-23","2028-12-31",51465.85,Active
367,40,Fixed-Term,"2019-04-20","2029-01-01",30976.08,Active
368,28,Fixed-Term,"2018-09-09","2029-01-02",134883.20,Pending
369,10,Fixed-Term,"2022-07-14","2029-01-03",54459.56,Active
370,36,Service Agreement,"2019-04-17","2029-01-04",68394.79,Active
371,46,Service Agreement,"2020-05-15","2029-01-05",87029.46,Pending
372,22,Service Agreement,"2020-04-04","2029-01-06",28886.97,Terminated
373,12,Fixed-Term,"2022-10-15","2029-01-07",131066.34,Active
374,19,Service Agreement,"2019-07-11","2029-01-08",141971.02,Active
375,3,Security Provision,"2019-10-02","2029-01-09",8917.79,Pending
376,27,Service Agreement,"2021-03-04","2029-01-10",86448.30,Active
377,16,Consulting,"2021-02-10","2029-01-11",66739.63,Active
378,43,Service Agreement,"2019-05-15","2029-01-12",86991.61,Active
379,41,Security Provision,"2022-04-28","2029-01-13",59490.03,Active
380,31,Service Agreement,"2021-09-23","2029-01-14",13271.81,Completed
381,37,Service Agreement,"2021-09-15","2029-01-15",78044.89,Terminated
382,41,Service Agreement,"2019-04-27","2029-01-16",131049.82,Pending
383,7,Security Provision,"2019-10-06","2029-01-17",67960.23,Active
384,19,Service Agreement,"2020-02-16","2029-01-18",100505.12,Active
385,17,Security Provision,"2022-05-14","2029-01-19",7247.16,Active
386,34,Service Agreement,"2019-02-13","2029-01-20",142848.13,Active
387,44,Service Agreement,"2022-08-24","2029-01-21",8225.61,Completed
388,29,Security Provision,"2019-01-07","2029-01-22",59116.04,Active
389,22,Service Agreement,"2021-03-26","2029-01-23",112222.20,Pending
390,22,Consulting,"2021-05-01","2029-01-24",53472.10,Terminated
391,42,Service Agreement,"2021-10-10","2029-01-25",102529.29,Active
392,17,Security Provision,"2020-01-02","2029-01-26",145815.43,Active
393,27,Fixed-Term,"2020-01-20","2029-01-27",122788.21,Active
394,8,Service Agreement,"2018-08-11","2029-01-28",77183.15,Active
395,17,Consulting,"2021-12-18","2029-01-29",109742.77,Active
396,10,Consulting,"2019-09-24","2029-01-30",101247.81,Completed
397,27,Consulting,"2022-10-17","2029-01-31",83707.79,Active
398,23,Security Provision,"2020-01-07","2029-02-01",101344.35,Completed
399,37,Security Provision,"2022-11-05","2029-02-02",6646.66,Active
400,34,Service Agreement,"2023-04-26","2029-02-03",17446.99,Active
401,14,Service Agreement,"2019-05-29","2029-02-04",54302.02,Active
402,30,Security Provision,"2019-09-12","2029-02-05",71414.41,Pending
403,12,Fixed-Term,"2019-01-27","2029-02-06",81724.39,Pending
404,19,Fixed-Term,"2019-08-20","2029-02-07",67927.52,Active
405,43,Service Agreement,"2018-09-14","2029-02-08",24219.91,Active
406,49,Security Provision,"2021-08-02","2029-02-09",116723.41,Active
407,35,Consulting,"2022-01-26","2029-02-10",148822.37,Terminated
408,32,Service Agreement,"2019-05-10","2029-02-11",18182.80,Active
409,25,Consulting,"2019-01-02","2029-02-12",136687.26,Active
410,27,Consulting,"2021-08-13","2029-02-13",112634.10,Active
411,30,Security Provision,"2022-10-02","2029-02-14",90248.96,Active
412,38,Consulting,"2018-12-17","2029-02-15",12271.62,Active
413,25,Service Agreement,"2021-10-11","2029-02-16",111133.77,Active
414,31,Security Provision,"2023-04-01","2029-02-17",15161.35,Active
415,2,Fixed-Term,"2021-03-20","2029-02-18",25124.24,Active
416,39,Security Provision,"2020-08-20","2029-02-19",94644.28,Terminated
417,21,Consulting,"2023-07-16","2029-02-20",53947.86,Active
418,43,Fixed-Term,"2021-06-10","2029-02-21",32164.09,Active
419,21,Service Agreement,"2019-08-25","2029-02-22",124372.82,Active
420,6,Fixed-Term,"2020-05-04","2029-02-23",91897.42,Active
421,11,Consulting,"2019-02-24","2029-02-24",104626.09,Active
422,16,Security Provision,"2019-09-24","2029-02-25",94886.67,Active
423,8,Service Agreement,"2021-02-13","2029-02-26",12160.39,Active
424,22,Service Agreement,"2020-01-05","2029-02-27",140132.94,Active
425,8,Security Provision,"2019-01-18","2029-02-28",138183.40,Active
426,27,Service Agreement,"2019-03-01","2029-03-01",26404.46,Active
427,20,Service Agreement,"2021-08-14","2029-03-02",62771.03,Active
428,44,Security Provision,"2019-06-06","2029-03-03",108214.62,Active
429,45,Service Agreement,"2021-05-25","2029-03-04",93377.10,Active
430,3,Consulting,"2023-03-17","2029-03-05",88629.10,Active
431,43,Security Provision,"2022-10-02","2029-03-06",79880.86,Completed
432,8,Consulting,"2022-01-22","2029-03-07",147065.22,Active
433,22,Security Provision,"2019-11-29","2029-03-08",103519.51,Active
434,19,Consulting,"2020-07-01","2029-03-09",120283.11,Active
435,14,Consulting,"2022-03-24","2029-03-10",107856.07,Active
436,12,Service Agreement,"2019-05-13","2029-03-11",52786.71,Active
437,1,Consulting,"2019-06-07","2029-03-12",145483.01,Active
438,37,Service Agreement,"2022-12-05","2029-03-13",65568.02,Active
439,25,Security Provision,"2020-09-29","2029-03-14",99284.82,Active
440,18,Fixed-Term,"2020-09-04","2029-03-15",117968.05,Terminated
441,27,Security Provision,"2018-08-26","2029-03-16",139454.61,Active
442,16,Fixed-Term,"2019-08-17","2029-03-17",73895.52,Active
443,40,Service Agreement,"2019-09-25","2029-03-18",105876.43,Active
444,42,Service Agreement,"2023-03-11","2029-03-19",106174.96,Active
445,13,Service Agreement,"2022-12-15","2029-03-20",111514.74,Active
446,1,Consulting,"2018-08-10","2029-03-21",62524.85,Pending
447,20,Consulting,"2022-03-04","2029-03-22",139822.95,Active
448,23,Consulting,"2020-06-02","2029-03-23",119016.49,Pending
449,24,Consulting,"2021-06-29","2029-03-24",103571.32,Completed
450,40,Security Provision,"2021-10-24","2029-03-25",74888.32,Active
451,3,Service Agreement,"2018-10-22","2029-03-26",123986.80,Active
452,18,Consulting,"2018-09-08","2029-03-27",11815.63,Active
453,32,Service Agreement,"2019-02-08","2029-03-28",56173.65,Active
454,43,Service Agreement,"2021-03-29","2029-03-29",76283.24,Pending
455,19,Service Agreement,"2019-06-19","2029-03-30",138473.98,Active
456,45,Consulting,"2019-01-30","2029-03-31",94293.54,Pending
457,32,Service Agreement,"2022-05-06","2029-04-01",104605.12,Active
458,25,Consulting,"2019-02-02","2029-04-02",6185.56,Active
459,11,Security Provision,"2021-12-08","2029-04-03",91711.32,Active
460,5,Service Agreement,"2018-10-12","2029-04-04",22866.16,Active
461,41,Service Agreement,"2022-04-22","2029-04-05",126216.92,Active
462,8,Security Provision,"2021-09-05","2029-04-06",22749.94,Active
463,12,Service Agreement,"2022-09-05","2029-04-07",102381.16,Completed
464,34,Service Agreement,"2022-07-19","2029-04-08",52424.48,Active
465,28,Service Agreement,"2022-05-26","2029-04-09",71178.03,Active
466,49,Fixed-Term,"2022-10-31","2029-04-10",120838.42,Active
467,20,Fixed-Term,"2023-03-22","2029-04-11",149161.61,Pending
468,23,Fixed-Term,"2023-05-29","2029-04-12",143683.72,Active
469,49,Consulting,"2020-02-23","2029-04-13",67658.12,Completed
470,28,Security Provision,"2019-08-13","2029-04-14",72308.19,Active
471,47,Service Agreement,"2019-03-25","2029-04-15",48107.14,Completed
472,18,Security Provision,"2018-12-14","2029-04-16",18079.83,Active
473,49,Service Agreement,"2021-03-07","2029-04-17",15670.89,Active
474,9,Security Provision,"2023-06-16","2029-04-18",90666.74,Active
475,32,Security Provision,"2021-06-18","2029-04-19",118861.93,Active
476,29,Consulting,"2023-05-22","2029-04-20",147828.16,Active
477,27,Consulting,"2019-05-14","2029-04-21",5697.16,Active
478,1,Consulting,"2020-12-27","2029-04-22",116022.48,Terminated
479,27,Service Agreement,"2020-08-04","2029-04-23",90069.03,Completed
480,48,Consulting,"2020-08-25","2029-04-24",127573.36,Active
481,43,Consulting,"2022-02-24","2029-04-25",29060.20,Completed
482,18,Service Agreement,"2019-08-06","2029-04-26",39650.25,Terminated
483,45,Service Agreement,"2021-08-01","2029-04-27",30170.60,Pending
484,23,Service Agreement,"2022-07-13","2029-04-28",5308.50,Active
485,22,Security Provision,"2021-05-28","2029-04-29",12220.91,Active
486,31,Consulting,"2020-07-06","2029-04-30",76607.66,Active
487,29,Service Agreement,"2020-01-14","2029-05-01",67937.78,Active
488,11,Security Provision,"2020-02-04","2029-05-02",66931.86,Pending
489,30,Security Provision,"2022-08-28","2029-05-03",100112.73,Pending
490,32,Fixed-Term,"2022-06-27","2029-05-04",69474.31,Active
491,39,Service Agreement,"2019-12-19","2029-05-05",115106.51,Pending
492,26,Service Agreement,"2020-09-24","2029-05-06",125805.95,Active
493,16,Security Provision,"2023-07-06","2029-05-07",98733.95,Active
494,27,Security Provision,"2021-04-11","2029-05-08",39212.18,Active
495,18,Service Agreement,"2020-02-12","2029-05-09",71782.78,Terminated
496,32,Security Provision,"2018-12-25","2029-05-10",109886.21,Terminated
497,42,Security Provision,"2021-12-25","2029-05-11",138048.36,Active
498,36,Service Agreement,"2021-05-22","2029-05-12",101525.78,Active
499,11,Security Provision,"2020-05-03","2029-05-13",66416.05,Active
500,49,Service Agreement,"2019-02-27","2029-05-14",145360.24,Active
501,20,Security Provision,"2020-03-01","2029-05-15",27489.78,Completed
502,1,Security Provision,"2021-01-27","2029-05-16",64627.32,Active
503,32,Security Provision,"2023-06-18","2029-05-17",82892.17,Active
504,8,Security Provision,"2019-11-24","2029-05-18",39211.45,Active
505,19,Service Agreement,"2021-09-24","2029-05-19",130881.49,Active
506,5,Consulting,"2022-08-17","2029-05-20",89643.91,Terminated
507,23,Security Provision,"2023-04-18","2029-05-21",22628.72,Active
508,8,Service Agreement,"2020-04-15","2029-05-22",95030.51,Active
509,28,Consulting,"2020-12-25","2029-05-23",102082.53,Active
510,14,Service Agreement,"2022-07-21","2029-05-24",129363.69,Active
511,32,Security Provision,"2022-11-04","2029-05-25",74594.34,Active
512,46,Service Agreement,"2020-04-20","2029-05-26",58172.85,Active
513,34,Security Provision,"2019-09-05","2029-05-27",73576.29,Active
514,16,Security Provision,"2019-08-11","2029-05-28",73748.45,Active
515,35,Service Agreement,"2018-11-04","2029-05-29",35332.08,Active
516,1,Service Agreement,"2018-11-04","2029-05-30",41633.87,Active
517,46,Service Agreement,"2019-07-27","2029-05-31",69299.92,Pending
518,26,Service Agreement,"2020-12-21","2029-06-01",65280.79,Pending
519,12,Consulting,"2022-07-25","2029-06-02",43778.78,Pending
520,49,Security Provision,"2019-06-15","2029-06-03",119445.97,Active
521,4,Security Provision,"2020-04-04","2029-06-04",126290.16,Active
522,20,Security Provision,"2023-02-03","2029-06-05",33411.53,Active
523,39,Service Agreement,"2022-09-20","2029-06-06",35212.59,Completed
524,3,Security Provision,"2023-07-12","2029-06-07",82731.21,Completed
525,12,Consulting,"2021-04-25","2029-06-08",96775.75,Active
526,11,Service Agreement,"2021-03-13","2029-06-09",46751.81,Active
527,21,Fixed-Term,"2021-08-16","2029-06-10",63524.74,Active
528,45,Fixed-Term,"2021-10-18","2029-06-11",60986.85,Active
529,40,Security Provision,"2020-02-16","2029-06-12",75961.19,Pending
530,6,Security Provision,"2019-08-07","2029-06-13",99533.17,Pending
531,4,Consulting,"2022-01-03","2029-06-14",10907.94,Active
532,32,Consulting,"2020-09-22","2029-06-15",67942.05,Active
533,34,Security Provision,"2022-11-11","2029-06-16",145786.80,Active
534,37,Service Agreement,"2018-08-11","2029-06-17",138927.16,Completed
535,44,Security Provision,"2023-03-31","2029-06-18",114935.19,Active
536,30,Security Provision,"2021-03-10","2029-06-19",12519.25,Pending
537,42,Security Provision,"2019-08-30","2029-06-20",126117.07,Pending
538,40,Consulting,"2021-06-07","2029-06-21",100503.58,Active
539,9,Service Agreement,"2020-04-22","2029-06-22",49426.31,Active
540,36,Service Agreement,"2018-10-19","2029-06-23",50405.46,Active
541,19,Service Agreement,"2018-12-03","2029-06-24",73570.69,Active
542,29,Security Provision,"2021-02-20","2029-06-25",106129.51,Terminated
543,36,Fixed-Term,"2021-01-17","2029-06-26",82439.15,Pending
544,17,Service Agreement,"2020-10-04","2029-06-27",33096.60,Active
545,1,Security Provision,"2021-01-29","2029-06-28",119257.96,Pending
546,35,Security Provision,"2022-07-26","2029-06-29",42897.64,Active
547,14,Service Agreement,"2018-09-21","2029-06-30",6611.52,Active
548,43,Security Provision,"2018-12-25","2029-07-01",75917.13,Pending
549,38,Security Provision,"2020-11-03","2029-07-02",114236.42,Active
550,20,Service Agreement,"2021-10-22","2029-07-03",114561.54,Active
551,11,Service Agreement,"2018-08-27","2029-07-04",20338.66,Completed
552,9,Security Provision,"2020-07-12","2029-07-05",137846.72,Active
553,10,Security Provision,"2021-01-25","2029-07-06",82119.50,Pending
554,47,Fixed-Term,"2020-05-11","2029-07-07",134600.18,Active
555,24,Security Provision,"2020-07-24","2029-07-08",10599.02,Active
556,31,Security Provision,"2022-08-09","2029-07-09",87067.81,Active
557,15,Security Provision,"2022-06-12","2029-07-10",54093.67,Pending
558,16,Service Agreement,"2022-02-10","2029-07-11",11792.09,Active
559,23,Service Agreement,"2023-01-13","2029-07-12",30351.57,Active
560,39,Consulting,"2020-03-10","2029-07-13",131662.73,Pending
561,39,Service Agreement,"2022-02-25","2029-07-14",108282.34,Active
562,3,Security Provision,"2022-07-21","2029-07-15",94002.12,Active
563,38,Fixed-Term,"2022-07-11","2029-07-16",12551.26,Active
564,28,Security Provision,"2019-12-02","2029-07-17",141428.42,Active
565,31,Service Agreement,"2023-04-10","2029-07-18",120633.70,Active
566,15,Consulting,"2022-12-08","2029-07-19",115144.97,Completed
567,23,Fixed-Term,"2022-06-22","2029-07-20",81404.58,Active
568,30,Service Agreement,"2022-09-22","2029-07-21",12528.52,Active
569,45,Service Agreement,"2019-07-15","2029-07-22",138674.80,Active
570,37,Security Provision,"2021-09-01","2029-07-23",66412.58,Active
571,9,Service Agreement,"2019-07-16","2029-07-24",72905.73,Pending
572,7,Service Agreement,"2021-12-24","2029-07-25",56147.03,Active
573,23,Consulting,"2019-04-17","2029-07-26",148354.14,Active
574,28,Service Agreement,"2019-10-26","2029-07-27",55815.30,Active
575,31,Service Agreement,"2019-08-29","2029-07-28",14432.30,Active
576,33,Security Provision,"2022-12-12","2029-07-29",9265.10,Pending
577,24,Security Provision,"2023-03-08","2029-07-30",44964.68,Pending
578,1,Security Provision,"2020-05-29","2029-07-31",45481.48,Active
579,25,Fixed-Term,"2022-09-16","2029-08-01",43759.52,Pending
580,49,Service Agreement,"2021-08-15","2029-08-02",143320.66,Active
581,11,Consulting,"2020-10-25","2029-08-03",125764.98,Terminated
582,21,Service Agreement,"2019-08-28","2029-08-04",119259.92,Active
583,5,Security Provision,"2019-06-13","2029-08-05",124060.46,Pending
584,48,Service Agreement,"2021-01-12","2029-08-06",115632.57,Active
585,21,Security Provision,"2022-02-07","2029-08-07",127991.39,Terminated
586,4,Fixed-Term,"2020-11-09","2029-08-08",130829.39,Pending
587,10,Service Agreement,"2020-05-13","2029-08-09",99989.82,Active
588,16,Service Agreement,"2022-12-31","2029-08-10",118636.08,Active
589,23,Service Agreement,"2018-12-03","2029-08-11",99488.19,Active
590,3,Service Agreement,"2020-02-21","2029-08-12",68997.38,Active
591,23,Security Provision,"2020-09-07","2029-08-13",28951.31,Completed
592,11,Consulting,"2020-06-19","2029-08-14",115121.86,Pending
593,35,Service Agreement,"2022-10-14","2029-08-15",53754.32,Terminated
594,17,Consulting,"2023-06-20","2029-08-16",48071.22,Active
595,8,Fixed-Term,"2020-11-09","2029-08-17",54872.55,Active
596,31,Security Provision,"2022-09-19","2029-08-18",64851.78,Active
597,43,Security Provision,"2018-11-09","2029-08-19",124718.51,Active
598,38,Service Agreement,"2018-12-30","2029-08-20",52640.40,Pending
599,9,Security Provision,"2023-05-11","2029-08-21",118374.04,Active
600,45,Service Agreement,"2022-11-03","2029-08-22",41008.19,Active
601,44,Service Agreement,"2020-06-14","2029-08-23",132123.03,Completed
602,41,Security Provision,"2019-10-15","2029-08-24",85724.63,Active
603,23,Consulting,"2020-04-28","2029-08-25",41135.92,Active
604,10,Security Provision,"2019-10-29","2029-08-26",103146.13,Active
605,31,Service Agreement,"2021-04-28","2029-08-27",118900.98,Active
606,29,Security Provision,"2022-04-19","2029-08-28",22447.93,Active
607,6,Service Agreement,"2023-03-28","2029-08-29",69702.07,Active
608,1,Consulting,"2019-05-06","2029-08-30",120677.68,Active
609,4,Consulting,"2020-10-13","2029-08-31",92300.35,Active
610,45,Service Agreement,"2021-07-06","2029-09-01",101689.05,Active
611,9,Consulting,"2020-09-24","2029-09-02",97293.19,Active
612,27,Fixed-Term,"2023-01-18","2029-09-03",47862.73,Active
613,28,Fixed-Term,"2019-08-22","2029-09-04",15178.31,Active
614,13,Consulting,"2019-07-25","2029-09-05",60830.10,Active
615,28,Consulting,"2019-11-11","2029-09-06",60444.63,Pending
616,26,Consulting,"2022-07-16","2029-09-07",16814.70,Active
617,14,Security Provision,"2022-12-19","2029-09-08",125617.75,Active
618,33,Service Agreement,"2020-09-15","2029-09-09",144072.93,Active
619,44,Service Agreement,"2020-10-04","2029-09-10",104929.28,Active
620,29,Security Provision,"2022-04-23","2029-09-11",30602.44,Active
621,23,Service Agreement,"2021-11-27","2029-09-12",46988.48,Active
622,47,Service Agreement,"2019-11-29","2029-09-13",129569.77,Active
623,31,Security Provision,"2019-05-30","2029-09-14",142865.40,Active
624,14,Service Agreement,"2020-11-23","2029-09-15",72336.49,Active
625,48,Consulting,"2022-04-08","2029-09-16",148389.63,Pending
626,24,Consulting,"2021-02-25","2029-09-17",35471.82,Active
627,42,Service Agreement,"2019-03-13","2029-09-18",15392.18,Active
628,12,Fixed-Term,"2023-02-12","2029-09-19",28218.42,Active
629,15,Security Provision,"2018-09-08","2029-09-20",79464.01,Completed
630,22,Consulting,"2021-11-18","2029-09-21",127185.33,Active
631,38,Fixed-Term,"2023-07-01","2029-09-22",86834.58,Pending
632,7,Consulting,"2022-04-18","2029-09-23",35655.48,Active
633,32,Security Provision,"2023-04-29","2029-09-24",116265.13,Active
634,4,Service Agreement,"2018-10-10","2029-09-25",73963.45,Active
635,16,Service Agreement,"2022-11-20","2029-09-26",28304.19,Pending
636,12,Consulting,"2019-05-18","2029-09-27",16403.23,Active
637,26,Security Provision,"2021-06-22","2029-09-28",76706.88,Completed
638,10,Service Agreement,"2022-03-30","2029-09-29",133345.60,Pending
639,1,Consulting,"2018-08-28","2029-09-30",22902.99,Active
640,20,Consulting,"2021-12-27","2029-10-01",130946.00,Active
641,26,Service Agreement,"2020-11-14","2029-10-02",123407.80,Active
642,21,Security Provision,"2021-10-01","2029-10-03",51239.51,Active
643,34,Service Agreement,"2018-10-13","2029-10-04",100654.66,Active
644,40,Service Agreement,"2018-12-15","2029-10-05",88475.42,Active
645,17,Fixed-Term,"2019-03-28","2029-10-06",87264.23,Active
646,29,Service Agreement,"2018-12-27","2029-10-07",19625.18,Pending
647,41,Service Agreement,"2019-05-11","2029-10-08",89805.73,Active
648,10,Consulting,"2021-02-19","2029-10-09",20495.95,Active
649,21,Security Provision,"2022-11-05","2029-10-10",35179.96,Pending
650,13,Fixed-Term,"2020-03-22","2029-10-11",21245.57,Active
651,45,Security Provision,"2019-02-02","2029-10-12",24755.79,Active
652,38,Security Provision,"2020-02-24","2029-10-13",76088.10,Active
653,7,Security Provision,"2021-04-07","2029-10-14",115958.31,Active
654,8,Consulting,"2020-11-14","2029-10-15",106271.49,Active
655,46,Service Agreement,"2022-01-17","2029-10-16",136066.65,Active
656,46,Service Agreement,"2021-09-02","2029-10-17",14813.36,Pending
657,7,Service Agreement,"2023-07-30","2029-10-18",12588.68,Active
658,47,Service Agreement,"2023-06-27","2029-10-19",84447.96,Completed
659,28,Consulting,"2022-03-27","2029-10-20",122811.64,Active
660,30,Security Provision,"2022-08-12","2029-10-21",44115.33,Active
661,2,Service Agreement,"2022-07-08","2029-10-22",54072.12,Active
662,9,Service Agreement,"2020-08-15","2029-10-23",136797.33,Active
663,49,Fixed-Term,"2023-05-27","2029-10-24",71294.06,Pending
664,33,Security Provision,"2023-01-02","2029-10-25",147884.20,Active
665,35,Service Agreement,"2018-11-16","2029-10-26",149728.21,Active
666,13,Fixed-Term,"2022-07-12","2029-10-27",65912.71,Active
667,2,Fixed-Term,"2022-12-16","2029-10-28",64961.43,Pending
668,14,Service Agreement,"2023-05-08","2029-10-29",125620.52,Active
669,48,Service Agreement,"2023-04-07","2029-10-30",131002.07,Active
670,7,Fixed-Term,"2022-02-15","2029-10-31",96418.30,Active
671,9,Consulting,"2023-07-17","2029-11-01",122885.55,Active
672,29,Service Agreement,"2019-05-03","2029-11-02",135427.17,Active
673,27,Service Agreement,"2022-03-25","2029-11-03",32175.67,Active
674,27,Service Agreement,"2020-04-07","2029-11-04",144953.96,Completed
675,44,Service Agreement,"2021-03-10","2029-11-05",59553.45,Completed
676,49,Security Provision,"2019-08-04","2029-11-06",99682.36,Active
677,6,Security Provision,"2021-04-11","2029-11-07",5300.73,Active
678,49,Consulting,"2019-06-16","2029-11-08",120616.71,Active
679,41,Security Provision,"2020-10-08","2029-11-09",57471.39,Active
680,3,Security Provision,"2021-08-18","2029-11-10",134309.00,Active
681,41,Service Agreement,"2020-03-16","2029-11-11",67762.09,Active
682,10,Security Provision,"2019-01-24","2029-11-12",51342.18,Active
683,39,Security Provision,"2022-06-11","2029-11-13",45622.35,Active
684,15,Security Provision,"2022-07-02","2029-11-14",70417.15,Active
685,5,Security Provision,"2019-09-08","2029-11-15",50512.88,Active
686,7,Consulting,"2022-07-10","2029-11-16",142776.46,Active
687,23,Service Agreement,"2022-04-24","2029-11-17",104711.99,Pending
688,12,Consulting,"2020-03-31","2029-11-18",96214.64,Active
689,5,Security Provision,"2019-03-23","2029-11-19",95714.92,Pending
690,37,Consulting,"2019-03-09","2029-11-20",54077.25,Active
691,38,Service Agreement,"2019-02-21","2029-11-21",130029.67,Active
692,16,Service Agreement,"2019-10-04","2029-11-22",119592.71,Active
693,25,Service Agreement,"2019-11-24","2029-11-23",123673.03,Active
694,33,Service Agreement,"2020-08-17","2029-11-24",26966.47,Completed
695,27,Security Provision,"2021-03-16","2029-11-25",8926.59,Terminated
696,4,Security Provision,"2021-11-16","2029-11-26",55637.11,Active
697,33,Service Agreement,"2022-05-03","2029-11-27",26382.11,Active
698,38,Consulting,"2019-12-24","2029-11-28",118833.17,Completed
699,24,Security Provision,"2021-10-21","2029-11-29",7472.65,Active
700,21,Security Provision,"2018-09-08","2029-11-30",80496.20,Active
701,4,Fixed-Term,"2019-02-26","2029-12-01",100454.02,Active
702,46,Consulting,"2023-04-21","2029-12-02",32404.41,Completed
703,31,Consulting,"2019-09-19","2029-12-03",136285.73,Terminated
704,42,Service Agreement,"2020-12-23","2029-12-04",11852.11,Active
705,48,Security Provision,"2019-03-29","2029-12-05",39070.94,Active
706,9,Security Provision,"2021-05-15","2029-12-06",38886.23,Active
707,32,Service Agreement,"2022-03-14","2029-12-07",52033.64,Active
708,38,Fixed-Term,"2021-12-06","2029-12-08",9846.87,Pending
709,25,Security Provision,"2021-10-27","2029-12-09",82687.57,Terminated
710,7,Consulting,"2023-04-01","2029-12-10",103127.59,Terminated
711,28,Security Provision,"2019-05-29","2029-12-11",82405.80,Active
712,1,Security Provision,"2019-07-12","2029-12-12",13606.16,Active
713,26,Service Agreement,"2018-08-10","2029-12-13",47895.86,Active
714,29,Security Provision,"2021-09-29","2029-12-14",98200.16,Completed
715,14,Fixed-Term,"2021-08-05","2029-12-15",29712.18,Terminated
716,32,Consulting,"2023-08-02","2029-12-16",85731.89,Active
717,11,Fixed-Term,"2018-09-02","2029-12-17",34623.12,Pending
718,25,Consulting,"2019-10-13","2029-12-18",104674.22,Completed
719,20,Security Provision,"2020-09-24","2029-12-19",47914.38,Active
720,26,Service Agreement,"2023-08-06","2029-12-20",33128.12,Active
721,37,Security Provision,"2019-06-11","2029-12-21",41237.40,Active
722,42,Security Provision,"2019-02-14","2029-12-22",47179.21,Pending
723,29,Consulting,"2022-03-17","2029-12-23",120291.15,Active
724,42,Consulting,"2020-08-05","2029-12-24",66444.58,Active
725,38,Security Provision,"2022-08-23","2029-12-25",101502.38,Active
726,6,Fixed-Term,"2023-01-12","2029-12-26",103570.59,Active
727,45,Fixed-Term,"2020-04-14","2029-12-27",85086.38,Active
728,7,Service Agreement,"2021-09-27","2029-12-28",62544.20,Completed
729,25,Service Agreement,"2018-11-17","2029-12-29",32527.80,Active
730,18,Consulting,"2019-07-22","2029-12-30",72344.94,Active
731,15,Security Provision,"2019-02-10","2029-12-31",96477.03,Terminated
732,19,Fixed-Term,"2018-11-22","2030-01-01",23095.43,Completed
733,3,Security Provision,"2023-04-23","2030-01-02",136148.21,Active
734,21,Consulting,"2022-12-26","2030-01-03",142168.16,Active
735,37,Fixed-Term,"2020-06-14","2030-01-04",129438.52,Active
736,14,Fixed-Term,"2022-03-29","2030-01-05",149652.29,Active
737,26,Service Agreement,"2022-12-18","2030-01-06",74845.66,Active
738,9,Service Agreement,"2019-03-21","2030-01-07",70360.52,Completed
739,45,Security Provision,"2021-02-08","2030-01-08",121289.95,Active
740,26,Service Agreement,"2022-06-06","2030-01-09",101685.88,Terminated
741,9,Security Provision,"2021-11-01","2030-01-10",13612.66,Active
742,39,Service Agreement,"2023-01-19","2030-01-11",120867.43,Active
743,40,Security Provision,"2020-07-30","2030-01-12",145551.57,Terminated
744,7,Security Provision,"2023-07-16","2030-01-13",42829.98,Active
745,45,Service Agreement,"2022-06-16","2030-01-14",64933.06,Pending
746,18,Consulting,"2021-06-13","2030-01-15",83568.07,Active
747,39,Security Provision,"2020-11-14","2030-01-16",141671.79,Pending
748,40,Fixed-Term,"2020-06-16","2030-01-17",69180.61,Active
749,28,Service Agreement,"2018-12-20","2030-01-18",114261.38,Completed
750,36,Security Provision,"2022-10-29","2030-01-19",18804.94,Active
751,28,Service Agreement,"2020-07-20","2030-01-20",104575.98,Active
752,24,Consulting,"2021-10-03","2030-01-21",77316.17,Active
753,22,Consulting,"2022-07-16","2030-01-22",78072.68,Active
754,41,Consulting,"2020-06-30","2030-01-23",106749.57,Active
755,16,Security Provision,"2021-06-13","2030-01-24",116754.85,Active
756,44,Consulting,"2020-12-29","2030-01-25",83346.46,Active
757,2,Consulting,"2022-02-03","2030-01-26",22522.76,Completed
758,15,Fixed-Term,"2022-01-10","2030-01-27",57808.14,Active
759,40,Consulting,"2018-12-13","2030-01-28",50852.94,Pending
760,12,Service Agreement,"2021-03-03","2030-01-29",102476.44,Active
761,19,Consulting,"2021-07-04","2030-01-30",31251.83,Completed
762,42,Consulting,"2020-02-06","2030-01-31",8022.49,Active
763,26,Service Agreement,"2020-06-28","2030-02-01",5440.76,Active
764,14,Security Provision,"2020-12-22","2030-02-02",23984.07,Terminated
765,40,Consulting,"2019-11-24","2030-02-03",52046.96,Completed
766,34,Consulting,"2022-09-23","2030-02-04",24511.49,Active
767,15,Consulting,"2020-02-06","2030-02-05",73920.83,Pending
768,33,Service Agreement,"2019-01-14","2030-02-06",5536.01,Completed
769,1,Consulting,"2019-06-25","2030-02-07",107886.94,Pending
770,34,Service Agreement,"2019-03-09","2030-02-08",47948.41,Terminated
771,13,Consulting,"2020-06-13","2030-02-09",98160.77,Active
772,21,Security Provision,"2019-01-22","2030-02-10",11796.96,Active
773,48,Consulting,"2020-12-12","2030-02-11",43111.60,Active
774,21,Service Agreement,"2022-04-27","2030-02-12",105697.42,Active
775,36,Security Provision,"2022-04-11","2030-02-13",38457.70,Completed
776,44,Consulting,"2022-09-01","2030-02-14",22136.86,Active
777,3,Service Agreement,"2018-09-08","2030-02-15",111007.65,Active
778,36,Security Provision,"2022-11-24","2030-02-16",125968.70,Active
779,20,Security Provision,"2020-07-23","2030-02-17",77681.26,Active
780,36,Fixed-Term,"2018-12-28","2030-02-18",99133.72,Completed
781,1,Service Agreement,"2019-10-01","2030-02-19",96110.72,Active
782,39,Security Provision,"2019-08-17","2030-02-20",135956.53,Active
783,42,Service Agreement,"2023-05-31","2030-02-21",60665.65,Active
784,18,Service Agreement,"2020-12-08","2030-02-22",135691.95,Active
785,9,Service Agreement,"2018-11-05","2030-02-23",76215.73,Active
786,30,Service Agreement,"2020-08-26","2030-02-24",126839.65,Active
787,24,Security Provision,"2020-02-23","2030-02-25",57364.42,Active
788,36,Consulting,"2022-02-12","2030-02-26",31424.28,Active
789,19,Consulting,"2020-02-13","2030-02-27",100662.41,Active
790,44,Security Provision,"2023-02-15","2030-02-28",66289.62,Active
791,21,Service Agreement,"2019-12-03","2030-03-01",143820.22,Active
792,40,Service Agreement,"2018-12-31","2030-03-02",98396.45,Active
793,20,Service Agreement,"2020-01-16","2030-03-03",26778.75,Terminated
794,30,Consulting,"2018-11-20","2030-03-04",48999.43,Active
795,18,Security Provision,"2022-11-11","2030-03-05",122488.57,Pending
796,38,Fixed-Term,"2020-12-18","2030-03-06",146017.16,Active
797,47,Service Agreement,"2021-01-26","2030-03-07",122213.37,Active
798,18,Service Agreement,"2021-11-26","2030-03-08",53201.60,Active
799,38,Security Provision,"2023-05-15","2030-03-09",30805.97,Pending
800,12,Security Provision,"2023-06-20","2030-03-10",146610.72,Active
801,11,Service Agreement,"2019-08-22","2030-03-11",13750.33,Active
802,43,Security Provision,"2021-08-30","2030-03-12",129273.33,Active
803,14,Consulting,"2020-01-27","2030-03-13",73559.91,Completed
804,19,Fixed-Term,"2022-03-04","2030-03-14",142925.91,Active
805,44,Service Agreement,"2020-03-07","2030-03-15",15019.04,Active
806,13,Consulting,"2020-03-19","2030-03-16",121328.86,Active
807,40,Security Provision,"2022-07-23","2030-03-17",88521.92,Active
808,32,Service Agreement,"2019-10-18","2030-03-18",73866.29,Active
809,43,Consulting,"2020-04-14","2030-03-19",68247.28,Completed
810,33,Service Agreement,"2018-11-25","2030-03-20",57189.88,Pending
811,34,Service Agreement,"2021-03-23","2030-03-21",58907.30,Active
812,37,Security Provision,"2020-10-27","2030-03-22",134248.08,Active
813,6,Service Agreement,"2022-06-11","2030-03-23",46776.30,Terminated
814,13,Security Provision,"2020-03-19","2030-03-24",118188.63,Completed
815,15,Fixed-Term,"2019-11-07","2030-03-25",147628.59,Completed
816,7,Consulting,"2023-04-24","2030-03-26",113933.82,Terminated
817,18,Consulting,"2020-06-04","2030-03-27",122425.34,Terminated
818,19,Consulting,"2022-05-23","2030-03-28",14724.13,Active
819,20,Service Agreement,"2019-05-17","2030-03-29",39754.77,Terminated
820,41,Consulting,"2018-09-28","2030-03-30",59156.99,Terminated
821,27,Service Agreement,"2019-03-04","2030-03-31",119830.98,Active
822,5,Service Agreement,"2021-03-29","2030-04-01",74183.95,Active
823,28,Service Agreement,"2019-07-07","2030-04-02",51787.23,Pending
824,17,Service Agreement,"2018-09-06","2030-04-03",49189.26,Completed
825,36,Service Agreement,"2018-09-25","2030-04-04",78451.34,Active
826,26,Service Agreement,"2022-03-11","2030-04-05",71145.93,Active
827,35,Service Agreement,"2020-07-13","2030-04-06",95496.76,Active
828,6,Consulting,"2020-06-22","2030-04-07",131090.26,Active
829,28,Consulting,"2019-09-30","2030-04-08",130519.84,Active
830,25,Consulting,"2020-01-08","2030-04-09",127873.34,Terminated
831,45,Fixed-Term,"2021-10-16","2030-04-10",42146.08,Pending
832,28,Service Agreement,"2022-06-29","2030-04-11",40106.32,Active
833,35,Consulting,"2022-05-01","2030-04-12",27391.84,Active
834,25,Security Provision,"2018-08-16","2030-04-13",52347.89,Active
835,11,Security Provision,"2019-12-27","2030-04-14",19082.42,Active
836,10,Service Agreement,"2021-07-01","2030-04-15",143623.79,Completed
837,16,Security Provision,"2022-10-20","2030-04-16",29046.84,Active
838,48,Security Provision,"2019-02-15","2030-04-17",111677.53,Active
839,14,Service Agreement,"2022-01-17","2030-04-18",59657.43,Pending
840,27,Service Agreement,"2021-11-14","2030-04-19",93799.00,Pending
841,42,Security Provision,"2020-11-14","2030-04-20",95552.48,Active
842,33,Security Provision,"2023-02-25","2030-04-21",23503.88,Completed
843,44,Service Agreement,"2022-08-23","2030-04-22",22654.06,Active
844,9,Service Agreement,"2019-05-01","2030-04-23",108876.96,Active
845,4,Security Provision,"2020-04-26","2030-04-24",98437.86,Active
846,9,Security Provision,"2021-02-08","2030-04-25",64947.80,Active
847,38,Consulting,"2020-10-29","2030-04-26",57508.29,Active
848,5,Consulting,"2022-11-22","2030-04-27",74157.93,Active
849,34,Service Agreement,"2022-10-11","2030-04-28",108588.49,Active
850,28,Fixed-Term,"2019-12-28","2030-04-29",137593.38,Active
851,47,Service Agreement,"2019-04-11","2030-04-30",136075.05,Active
852,40,Service Agreement,"2020-10-26","2030-05-01",78650.23,Active
853,4,Consulting,"2021-07-09","2030-05-02",78772.80,Active
854,34,Service Agreement,"2022-01-12","2030-05-03",6524.33,Active
855,1,Fixed-Term,"2020-08-07","2030-05-04",28217.05,Active
856,39,Service Agreement,"2021-04-10","2030-05-05",17639.80,Active
857,29,Service Agreement,"2021-01-11","2030-05-06",69651.93,Active
858,45,Service Agreement,"2019-12-08","2030-05-07",49563.79,Active
859,45,Security Provision,"2021-09-26","2030-05-08",29402.78,Terminated
860,34,Consulting,"2021-09-09","2030-05-09",114641.87,Active
861,28,Security Provision,"2020-09-19","2030-05-10",96105.09,Active
862,25,Security Provision,"2022-01-11","2030-05-11",117599.26,Active
863,41,Service Agreement,"2019-07-18","2030-05-12",7142.25,Active
864,37,Security Provision,"2021-04-13","2030-05-13",105320.37,Active
865,14,Service Agreement,"2023-06-17","2030-05-14",84477.87,Active
866,35,Security Provision,"2018-10-27","2030-05-15",116625.72,Completed
867,33,Consulting,"2021-06-01","2030-05-16",16475.86,Terminated
868,40,Consulting,"2023-04-07","2030-05-17",130502.87,Completed
869,16,Security Provision,"2021-06-13","2030-05-18",6553.23,Active
870,45,Security Provision,"2019-03-13","2030-05-19",92293.86,Active
871,40,Fixed-Term,"2019-05-24","2030-05-20",109548.09,Completed
872,34,Service Agreement,"2023-02-25","2030-05-21",7114.59,Active
873,29,Service Agreement,"2020-03-24","2030-05-22",135710.39,Active
874,21,Service Agreement,"2021-06-12","2030-05-23",125324.68,Active
875,21,Service Agreement,"2019-03-22","2030-05-24",132057.17,Active
876,32,Service Agreement,"2021-03-08","2030-05-25",5069.60,Active
877,35,Consulting,"2020-05-15","2030-05-26",143607.12,Completed
878,3,Service Agreement,"2023-01-24","2030-05-27",141942.78,Active
879,34,Security Provision,"2021-01-06","2030-05-28",88599.94,Completed
880,40,Service Agreement,"2021-04-16","2030-05-29",127284.90,Active
881,19,Security Provision,"2021-09-22","2030-05-30",32244.65,Active
882,13,Security Provision,"2022-06-28","2030-05-31",87665.33,Terminated
883,38,Fixed-Term,"2020-08-17","2030-06-01",120741.77,Active
884,36,Consulting,"2023-04-03","2030-06-02",73143.75,Active
885,32,Service Agreement,"2023-05-26","2030-06-03",149027.90,Active
886,1,Service Agreement,"2021-04-10","2030-06-04",113779.10,Active
887,44,Security Provision,"2023-04-18","2030-06-05",119616.67,Active
888,9,Service Agreement,"2021-10-13","2030-06-06",137311.42,Completed
889,8,Service Agreement,"2020-10-10","2030-06-07",17012.93,Pending
890,35,Consulting,"2019-01-20","2030-06-08",15830.78,Active
891,23,Service Agreement,"2021-05-09","2030-06-09",129136.26,Terminated
892,44,Consulting,"2023-07-29","2030-06-10",29117.34,Active
893,46,Service Agreement,"2019-08-24","2030-06-11",143505.20,Active
894,45,Security Provision,"2018-12-25","2030-06-12",86854.33,Active
895,42,Service Agreement,"2021-05-27","2030-06-13",75210.68,Active
896,40,Security Provision,"2023-02-02","2030-06-14",71551.68,Active
897,30,Service Agreement,"2022-12-06","2030-06-15",142949.90,Active
898,40,Service Agreement,"2021-07-23","2030-06-16",35308.48,Active
899,18,Service Agreement,"2019-11-16","2030-06-17",75539.70,Completed
900,21,Consulting,"2020-03-08","2030-06-18",23741.72,Active
901,28,Security Provision,"2019-01-14","2030-06-19",86945.45,Active
902,49,Service Agreement,"2020-02-29","2030-06-20",145012.76,Pending
903,22,Service Agreement,"2022-11-25","2030-06-21",60285.81,Active
904,4,Security Provision,"2022-09-15","2030-06-22",114903.29,Active
905,23,Consulting,"2021-08-11","2030-06-23",13799.06,Completed
906,16,Security Provision,"2023-08-03","2030-06-24",10848.87,Active
907,8,Consulting,"2022-03-14","2030-06-25",70783.80,Active
908,35,Consulting,"2020-09-01","2030-06-26",138711.12,Active
909,9,Security Provision,"2021-10-31","2030-06-27",131684.29,Completed
910,3,Security Provision,"2020-02-26","2030-06-28",90555.08,Active
911,13,Security Provision,"2018-08-10","2030-06-29",10396.47,Completed
912,5,Consulting,"2020-09-30","2030-06-30",117759.19,Active
913,4,Consulting,"2021-04-01","2030-07-01",50789.01,Terminated
914,39,Consulting,"2021-03-21","2030-07-02",52306.32,Active
915,14,Consulting,"2021-11-03","2030-07-03",6918.97,Terminated
916,13,Security Provision,"2019-06-22","2030-07-04",14146.59,Completed
917,49,Service Agreement,"2019-11-12","2030-07-05",128328.24,Active
918,37,Service Agreement,"2022-09-20","2030-07-06",8616.06,Active
919,6,Service Agreement,"2023-01-27","2030-07-07",17069.25,Pending
920,34,Security Provision,"2021-02-21","2030-07-08",73592.36,Pending
921,38,Service Agreement,"2022-03-04","2030-07-09",79149.52,Active
922,36,Consulting,"2019-04-21","2030-07-10",118509.08,Active
923,21,Security Provision,"2021-08-02","2030-07-11",60698.30,Pending
924,37,Security Provision,"2022-03-04","2030-07-12",63819.24,Active
925,14,Service Agreement,"2021-03-28","2030-07-13",81883.57,Pending
926,33,Service Agreement,"2018-08-08","2030-07-14",44784.14,Active
927,11,Security Provision,"2020-09-15","2030-07-15",119323.81,Active
928,13,Service Agreement,"2020-10-28","2030-07-16",51768.72,Active
929,6,Consulting,"2021-06-16","2030-07-17",12749.07,Active
930,18,Security Provision,"2023-03-20","2030-07-18",73793.92,Active
931,39,Service Agreement,"2018-09-07","2030-07-19",137927.74,Active
932,10,Service Agreement,"2018-11-08","2030-07-20",83658.26,Terminated
933,29,Service Agreement,"2019-01-26","2030-07-21",64278.90,Active
934,2,Service Agreement,"2021-08-30","2030-07-22",10912.95,Active
935,5,Fixed-Term,"2023-03-08","2030-07-23",10875.61,Active
936,40,Service Agreement,"2019-11-10","2030-07-24",99975.08,Active
937,2,Security Provision,"2023-07-28","2030-07-25",60402.57,Completed
938,21,Service Agreement,"2019-04-03","2030-07-26",38154.51,Active
939,6,Service Agreement,"2019-07-24","2030-07-27",119547.11,Active
940,46,Service Agreement,"2022-04-29","2030-07-28",14893.72,Active
941,13,Security Provision,"2020-10-06","2030-07-29",95224.47,Active
942,6,Service Agreement,"2020-04-04","2030-07-30",95107.38,Terminated
943,32,Security Provision,"2021-03-26","2030-07-31",32018.10,Active
944,9,Security Provision,"2022-05-19","2030-08-01",43459.83,Active
945,16,Service Agreement,"2021-08-28","2030-08-02",9253.76,Active
946,16,Service Agreement,"2022-11-24","2030-08-03",66758.23,Active
947,13,Service Agreement,"2022-01-12","2030-08-04",82892.38,Pending
948,13,Security Provision,"2019-07-07","2030-08-05",79239.83,Active
949,44,Service Agreement,"2021-07-14","2030-08-06",124068.87,Active
950,9,Security Provision,"2019-12-03","2030-08-07",28832.84,Active
951,42,Security Provision,"2021-03-03","2030-08-08",21452.61,Active
952,45,Consulting,"2022-06-13","2030-08-09",54202.06,Active
953,12,Service Agreement,"2023-01-23","2030-08-10",53318.82,Active
954,38,Consulting,"2020-09-06","2030-08-11",80929.92,Active
955,36,Security Provision,"2022-10-17","2030-08-12",148410.21,Active
956,32,Security Provision,"2019-06-07","2030-08-13",93963.55,Active
957,24,Service Agreement,"2022-01-28","2030-08-14",19772.84,Active
958,10,Service Agreement,"2020-07-01","2030-08-15",35588.84,Completed
959,38,Service Agreement,"2020-05-30","2030-08-16",126707.67,Terminated
960,32,Service Agreement,"2019-10-05","2030-08-17",82547.05,Pending
961,30,Security Provision,"2021-11-06","2030-08-18",132156.62,Active
962,37,Security Provision,"2019-05-09","2030-08-19",26153.18,Active
963,19,Security Provision,"2019-10-28","2030-08-20",47311.72,Active
964,4,Service Agreement,"2019-01-11","2030-08-21",20115.99,Active
965,21,Security Provision,"2020-04-02","2030-08-22",106975.93,Active
966,36,Service Agreement,"2019-06-07","2030-08-23",129769.77,Active
967,7,Service Agreement,"2021-11-22","2030-08-24",94610.02,Active
968,11,Service Agreement,"2019-01-19","2030-08-25",144952.34,Completed
969,15,Consulting,"2021-12-17","2030-08-26",59648.11,Active
970,49,Security Provision,"2019-05-04","2030-08-27",66541.62,Pending
971,12,Service Agreement,"2018-12-25","2030-08-28",25600.65,Completed
972,29,Service Agreement,"2021-01-03","2030-08-29",43490.74,Active
973,13,Consulting,"2023-06-15","2030-08-30",61136.78,Active
974,49,Security Provision,"2018-08-29","2030-08-31",8976.01,Active
975,15,Service Agreement,"2019-01-04","2030-09-01",29349.16,Active
976,22,Service Agreement,"2021-09-10","2030-09-02",126422.54,Active
977,8,Service Agreement,"2021-07-08","2030-09-03",133994.82,Active
978,36,Service Agreement,"2018-11-01","2030-09-04",86419.76,Active
979,2,Security Provision,"2018-12-08","2030-09-05",51733.10,Active
980,45,Fixed-Term,"2022-10-25","2030-09-06",121115.45,Active
981,10,Security Provision,"2023-04-04","2030-09-07",34792.91,Active
982,35,Consulting,"2021-03-17","2030-09-08",129250.74,Active
983,27,Consulting,"2019-03-11","2030-09-09",85074.99,Completed
984,16,Security Provision,"2022-02-25","2030-09-10",33319.95,Terminated
985,49,Service Agreement,"2019-07-02","2030-09-11",122812.30,Active
986,23,Consulting,"2019-06-20","2030-09-12",63291.30,Active
987,28,Service Agreement,"2019-09-27","2030-09-13",51687.66,Completed
988,21,Service Agreement,"2022-11-15","2030-09-14",34196.42,Active
989,21,Security Provision,"2020-08-22","2030-09-15",51285.11,Active
990,1,Consulting,"2020-04-09","2030-09-16",68783.06,Pending
991,13,Service Agreement,"2021-03-30","2030-09-17",87322.09,Active
992,2,Security Provision,"2018-09-26","2030-09-18",40235.92,Active
993,42,Consulting,"2023-05-22","2030-09-19",98760.10,Active
994,29,Security Provision,"2021-06-04","2030-09-20",9079.93,Active
995,17,Service Agreement,"2019-10-22","2030-09-21",129885.83,Active
996,2,Service Agreement,"2019-10-04","2030-09-22",140356.45,Active
997,39,Service Agreement,"2022-06-25","2030-09-23",127353.24,Pending
998,35,Security Provision,"2021-11-17","2030-09-24",40969.05,Pending
999,44,Service Agreement,"2019-08-04","2030-09-25",89947.00,Active
1000,49,Security Provision,"2022-03-08","2030-09-26",61905.75,Active
1001,35,Security Provision,"2019-02-22","2030-09-27",21702.78,Active
1002,3,Service Agreement,"2022-12-08","2030-09-28",88469.58,Pending
1003,28,Security Provision,"2019-11-22","2030-09-29",85529.15,Active
1004,7,Service Agreement,"2023-02-13","2030-09-30",145109.42,Active
1005,25,Security Provision,"2019-03-15","2030-10-01",122324.71,Active
1006,36,Security Provision,"2019-07-18","2030-10-02",36018.12,Active
1007,3,Security Provision,"2021-04-09","2030-10-03",15724.76,Active
1008,38,Consulting,"2018-12-30","2030-10-04",146117.47,Active
1009,27,Service Agreement,"2021-07-30","2030-10-05",85844.78,Active
1010,37,Security Provision,"2022-10-28","2030-10-06",148646.08,Active
1011,33,Service Agreement,"2020-10-29","2030-10-07",110218.86,Active
1012,13,Fixed-Term,"2023-03-17","2030-10-08",89675.97,Terminated
1013,31,Service Agreement,"2022-07-20","2030-10-09",144746.19,Terminated
1014,24,Security Provision,"2023-08-04","2030-10-10",27078.23,Active
1015,2,Security Provision,"2021-11-26","2030-10-11",113174.38,Active
1016,12,Service Agreement,"2018-09-27","2030-10-12",101161.43,Active
1017,29,Service Agreement,"2019-08-04","2030-10-13",41458.70,Active
1018,28,Fixed-Term,"2019-10-03","2030-10-14",89893.47,Completed
1019,21,Security Provision,"2021-09-05","2030-10-15",117545.61,Active
1020,31,Consulting,"2020-07-21","2030-10-16",149457.85,Active
1021,35,Consulting,"2022-12-12","2030-10-17",82143.20,Pending
1022,25,Security Provision,"2020-09-13","2030-10-18",11027.29,Active
1023,30,Service Agreement,"2022-11-15","2030-10-19",147297.83,Active
1024,6,Service Agreement,"2020-02-07","2030-10-20",51036.17,Completed
1025,20,Security Provision,"2022-12-31","2030-10-21",129465.34,Terminated
1026,39,Security Provision,"2019-03-26","2030-10-22",65688.15,Pending
1027,19,Consulting,"2023-03-22","2030-10-23",63653.76,Pending
1028,49,Consulting,"2022-12-23","2030-10-24",13034.84,Active
1029,16,Security Provision,"2019-12-27","2030-10-25",89740.17,Active
1030,49,Consulting,"2019-06-25","2030-10-26",58992.81,Active
1031,12,Service Agreement,"2018-11-23","2030-10-27",31101.25,Active
1032,25,Consulting,"2021-01-17","2030-10-28",26812.38,Active
1033,29,Service Agreement,"2021-09-08","2030-10-29",21675.64,Active
1034,46,Consulting,"2021-02-24","2030-10-30",47644.02,Pending
1035,24,Service Agreement,"2019-04-12","2030-10-31",59730.27,Pending
1036,49,Security Provision,"2023-07-13","2030-11-01",53947.61,Pending
1037,47,Service Agreement,"2020-10-05","2030-11-02",10627.70,Active
1038,42,Service Agreement,"2019-01-27","2030-11-03",131589.25,Active
1039,8,Service Agreement,"2020-12-17","2030-11-04",72108.22,Active
1040,22,Service Agreement,"2021-03-04","2030-11-05",149292.58,Active
1041,3,Consulting,"2023-03-30","2030-11-06",59382.80,Active
1042,32,Security Provision,"2018-12-27","2030-11-07",67007.70,Active
1043,47,Service Agreement,"2021-09-20","2030-11-08",59926.40,Active
1044,45,Service Agreement,"2023-02-08","2030-11-09",80895.25,Active
1045,15,Security Provision,"2019-10-16","2030-11-10",102620.42,Active
1046,3,Security Provision,"2021-08-31","2030-11-11",90116.47,Active
1047,16,Security Provision,"2020-09-25","2030-11-12",94300.95,Active
1048,47,Service Agreement,"2023-02-01","2030-11-13",89665.32,Active
1049,44,Security Provision,"2023-01-17","2030-11-14",5506.61,Completed
1050,46,Service Agreement,"2019-12-07","2030-11-15",108189.61,Active
1051,9,Service Agreement,"2018-11-21","2030-11-16",143357.23,Completed
1052,44,Security Provision,"2021-02-15","2030-11-17",42626.21,Terminated
1053,25,Security Provision,"2021-01-06","2030-11-18",24338.99,Terminated
1054,45,Service Agreement,"2019-01-18","2030-11-19",74673.39,Active
1055,47,Security Provision,"2023-03-15","2030-11-20",137429.52,Active
1056,1,Fixed-Term,"2019-11-11","2030-11-21",58881.56,Terminated
1057,6,Security Provision,"2022-08-21","2030-11-22",66739.39,Active
1058,46,Service Agreement,"2020-05-05","2030-11-23",40682.10,Active
1059,10,Consulting,"2021-03-05","2030-11-24",102843.18,Active
1060,19,Service Agreement,"2019-03-07","2030-11-25",23818.46,Active
1061,16,Fixed-Term,"2022-05-08","2030-11-26",29887.86,Pending
1062,39,Security Provision,"2020-08-21","2030-11-27",144901.78,Active
1063,2,Security Provision,"2020-12-01","2030-11-28",115864.59,Completed
1064,38,Service Agreement,"2019-08-13","2030-11-29",59485.52,Active
1065,42,Service Agreement,"2020-03-09","2030-11-30",115556.38,Active
1066,37,Service Agreement,"2020-05-06","2030-12-01",70020.90,Active
1067,2,Consulting,"2022-08-03","2030-12-02",41151.10,Active
1068,35,Service Agreement,"2018-10-13","2030-12-03",102719.54,Active
1069,7,Service Agreement,"2021-07-04","2030-12-04",108070.90,Active
1070,35,Service Agreement,"2019-04-30","2030-12-05",71937.09,Active
1071,3,Service Agreement,"2020-11-03","2030-12-06",131141.19,Active
1072,1,Service Agreement,"2022-08-15","2030-12-07",115466.36,Active
1073,19,Consulting,"2022-02-26","2030-12-08",95680.38,Active
1074,18,Consulting,"2019-05-13","2030-12-09",119038.73,Active
1075,44,Service Agreement,"2021-10-24","2030-12-10",53796.63,Terminated
1076,22,Consulting,"2021-05-10","2030-12-11",108112.45,Active
1077,42,Consulting,"2021-06-13","2030-12-12",83118.40,Active
1078,28,Security Provision,"2019-11-04","2030-12-13",24239.72,Active
1079,38,Consulting,"2020-01-29","2030-12-14",123807.79,Pending
1080,30,Consulting,"2018-09-05","2030-12-15",77069.67,Active
1081,25,Security Provision,"2021-07-21","2030-12-16",119005.10,Active
1082,38,Service Agreement,"2023-05-20","2030-12-17",52328.10,Active
1083,38,Service Agreement,"2022-05-16","2030-12-18",137715.29,Terminated
1084,43,Security Provision,"2021-03-15","2030-12-19",118546.71,Active
1085,6,Service Agreement,"2023-06-26","2030-12-20",130035.15,Active
1086,36,Security Provision,"2019-10-11","2030-12-21",64981.60,Active
1087,6,Service Agreement,"2019-12-21","2030-12-22",35653.64,Active
1088,45,Security Provision,"2022-07-15","2030-12-23",87273.37,Pending
1089,25,Consulting,"2018-09-26","2030-12-24",55325.20,Terminated
1090,12,Consulting,"2022-10-16","2030-12-25",86299.44,Active
1091,13,Service Agreement,"2021-12-02","2030-12-26",118975.09,Active
1092,23,Consulting,"2019-03-07","2030-12-27",102442.81,Active
1093,5,Security Provision,"2023-05-02","2030-12-28",129594.73,Active
1094,49,Fixed-Term,"2020-08-24","2030-12-29",127746.77,Active
1095,17,Service Agreement,"2020-12-08","2030-12-30",113833.39,Active
1096,9,Security Provision,"2021-02-15","2030-12-31",47989.88,Active
1097,9,Consulting,"2020-09-15","2031-01-01",47323.94,Active
1098,28,Consulting,"2023-03-16","2031-01-02",108674.64,Active
1099,33,Service Agreement,"2021-11-14","2031-01-03",65995.21,Active
1100,28,Service Agreement,"2021-04-23","2031-01-04",66521.46,Active
1101,8,Service Agreement,"2022-06-05","2031-01-05",7776.82,Active
1102,31,Service Agreement,"2022-11-19","2031-01-06",5967.67,Active
1103,27,Service Agreement,"2023-04-14","2031-01-07",20096.25,Pending
1104,34,Consulting,"2022-12-13","2031-01-08",107478.47,Active
1105,25,Consulting,"2023-03-11","2031-01-09",107647.26,Active
1106,8,Service Agreement,"2019-11-22","2031-01-10",87568.19,Active
1107,10,Consulting,"2021-03-13","2031-01-11",48378.87,Completed
1108,29,Consulting,"2022-02-27","2031-01-12",46923.37,Active
1109,36,Service Agreement,"2021-05-08","2031-01-13",56960.43,Active
1110,10,Consulting,"2022-12-27","2031-01-14",124068.74,Active
1111,2,Service Agreement,"2020-08-16","2031-01-15",76139.31,Active
1112,9,Service Agreement,"2023-01-20","2031-01-16",121650.90,Completed
1113,47,Service Agreement,"2020-12-28","2031-01-17",102782.59,Active
1114,8,Security Provision,"2021-02-18","2031-01-18",38048.45,Active
1115,32,Service Agreement,"2021-01-16","2031-01-19",144215.22,Active
1116,20,Fixed-Term,"2022-04-07","2031-01-20",122098.31,Active
1117,14,Fixed-Term,"2019-07-11","2031-01-21",70807.82,Active
1118,46,Security Provision,"2020-08-09","2031-01-22",6707.51,Active
1119,47,Security Provision,"2018-09-20","2031-01-23",14108.76,Active
1120,21,Service Agreement,"2020-01-21","2031-01-24",126542.45,Active
1121,12,Service Agreement,"2022-02-17","2031-01-25",74045.46,Active
1122,17,Service Agreement,"2019-06-11","2031-01-26",133201.76,Pending
1123,39,Service Agreement,"2022-05-05","2031-01-27",88699.45,Active
1124,1,Service Agreement,"2018-09-19","2031-01-28",43584.38,Active
1125,27,Consulting,"2021-06-01","2031-01-29",41382.58,Active
1126,24,Service Agreement,"2023-07-05","2031-01-30",133779.61,Completed
1127,11,Security Provision,"2022-12-17","2031-01-31",121176.28,Active
1128,26,Security Provision,"2021-07-06","2031-02-01",8711.64,Active
1129,30,Consulting,"2019-03-27","2031-02-02",68186.81,Active
1130,45,Consulting,"2023-05-08","2031-02-03",137765.19,Active
1131,34,Service Agreement,"2018-12-12","2031-02-04",70923.00,Active
1132,48,Service Agreement,"2020-08-25","2031-02-05",139731.43,Active
1133,36,Consulting,"2022-04-22","2031-02-06",58788.98,Active
1134,26,Consulting,"2021-12-20","2031-02-07",60494.00,Active
1135,31,Service Agreement,"2021-02-12","2031-02-08",15414.21,Active
1136,5,Fixed-Term,"2020-09-29","2031-02-09",75362.23,Pending
1137,3,Service Agreement,"2022-09-10","2031-02-10",45953.02,Active
1138,34,Fixed-Term,"2023-03-11","2031-02-11",79284.27,Active
1139,19,Service Agreement,"2022-04-28","2031-02-12",120781.44,Active
1140,4,Security Provision,"2022-03-20","2031-02-13",70356.15,Completed
1141,13,Security Provision,"2022-03-04","2031-02-14",75459.23,Completed
1142,9,Service Agreement,"2023-02-01","2031-02-15",104979.06,Active
1143,31,Security Provision,"2021-02-05","2031-02-16",29393.66,Active
1144,6,Service Agreement,"2022-11-23","2031-02-17",25777.18,Active
1145,23,Consulting,"2021-05-24","2031-02-18",56121.15,Active
1146,33,Fixed-Term,"2021-09-28","2031-02-19",36620.21,Active
1147,22,Security Provision,"2021-03-17","2031-02-20",100921.58,Active
1148,23,Service Agreement,"2023-07-03","2031-02-21",90159.52,Active
1149,1,Consulting,"2019-08-11","2031-02-22",31848.72,Pending
1150,1,Fixed-Term,"2019-11-11","2031-02-23",78280.57,Active
1151,36,Security Provision,"2020-12-15","2031-02-24",106058.03,Terminated
1152,40,Consulting,"2021-05-06","2031-02-25",105696.77,Active
1153,36,Service Agreement,"2021-07-08","2031-02-26",115970.60,Active
1154,36,Consulting,"2023-04-04","2031-02-27",70216.00,Active
1155,28,Service Agreement,"2022-08-05","2031-02-28",107097.60,Active
1156,41,Fixed-Term,"2020-04-06","2031-03-01",14068.43,Active
1157,8,Security Provision,"2023-03-02","2031-03-02",100185.71,Active
1158,30,Service Agreement,"2020-04-09","2031-03-03",111062.97,Active
1159,8,Consulting,"2022-09-17","2031-03-04",140562.12,Active
1160,5,Service Agreement,"2022-01-15","2031-03-05",133207.82,Active
1161,43,Consulting,"2022-05-23","2031-03-06",21441.48,Pending
1162,27,Security Provision,"2021-07-15","2031-03-07",101974.33,Active
1163,36,Service Agreement,"2020-08-28","2031-03-08",29469.14,Pending
1164,32,Consulting,"2021-09-09","2031-03-09",37895.69,Pending
1165,10,Security Provision,"2023-02-10","2031-03-10",84206.70,Active
1166,31,Security Provision,"2020-06-14","2031-03-11",48683.06,Terminated
1167,19,Service Agreement,"2020-12-05","2031-03-12",47661.94,Active
1168,42,Service Agreement,"2022-07-16","2031-03-13",98300.30,Terminated
1169,36,Service Agreement,"2023-06-09","2031-03-14",36018.58,Active
1170,44,Security Provision,"2020-03-02","2031-03-15",69928.13,Active
1171,19,Service Agreement,"2018-11-23","2031-03-16",92243.96,Active
1172,26,Security Provision,"2019-05-27","2031-03-17",125676.85,Active
1173,38,Service Agreement,"2022-05-18","2031-03-18",13436.27,Active
1174,29,Security Provision,"2018-11-06","2031-03-19",99134.84,Active
1175,27,Service Agreement,"2022-03-29","2031-03-20",52803.54,Active
1176,11,Service Agreement,"2021-11-04","2031-03-21",104218.85,Active
1177,15,Service Agreement,"2023-04-27","2031-03-22",21865.34,Active
1178,41,Consulting,"2020-03-08","2031-03-23",58536.35,Completed
1179,28,Fixed-Term,"2019-04-27","2031-03-24",128084.98,Active
1180,19,Consulting,"2019-05-11","2031-03-25",41341.77,Active
1181,10,Service Agreement,"2021-03-09","2031-03-26",86533.93,Active
1182,44,Security Provision,"2020-11-05","2031-03-27",138475.29,Active
1183,3,Service Agreement,"2018-09-12","2031-03-28",90487.77,Pending
1184,19,Consulting,"2019-11-09","2031-03-29",122317.31,Active
1185,16,Security Provision,"2018-11-29","2031-03-30",135641.32,Active
1186,30,Fixed-Term,"2022-07-03","2031-03-31",69857.01,Active
1187,23,Consulting,"2019-09-26","2031-04-01",73807.07,Active
1188,20,Security Provision,"2022-12-23","2031-04-02",78487.60,Completed
1189,43,Fixed-Term,"2023-01-19","2031-04-03",62545.42,Active
1190,40,Service Agreement,"2018-10-01","2031-04-04",147841.42,Active
1191,45,Consulting,"2022-02-18","2031-04-05",98331.17,Active
1192,43,Security Provision,"2021-12-09","2031-04-06",67054.60,Active
1193,43,Service Agreement,"2019-01-01","2031-04-07",137609.56,Active
1194,39,Security Provision,"2020-05-27","2031-04-08",128859.17,Active
1195,15,Service Agreement,"2021-09-21","2031-04-09",111791.49,Active
1196,14,Security Provision,"2021-08-30","2031-04-10",117670.81,Active
1197,1,Security Provision,"2023-06-19","2031-04-11",55359.37,Active
1198,19,Service Agreement,"2023-05-12","2031-04-12",141219.68,Active
1199,20,Consulting,"2022-06-05","2031-04-13",105573.33,Completed
1200,44,Security Provision,"2020-09-17","2031-04-14",81390.73,Active
1201,18,Service Agreement,"2023-05-15","2031-04-15",58362.13,Completed
1202,31,Security Provision,"2018-12-15","2031-04-16",55887.28,Pending
1203,33,Security Provision,"2019-11-06","2031-04-17",96708.51,Active
1204,9,Service Agreement,"2021-04-25","2031-04-18",88801.26,Active
1205,38,Security Provision,"2023-06-17","2031-04-19",61369.85,Active
1206,26,Security Provision,"2022-01-14","2031-04-20",60514.14,Pending
1207,45,Service Agreement,"2018-10-22","2031-04-21",6743.92,Active
1208,12,Security Provision,"2021-10-17","2031-04-22",118278.04,Active
1209,2,Service Agreement,"2021-10-19","2031-04-23",32638.35,Active
1210,8,Fixed-Term,"2018-10-16","2031-04-24",52550.40,Active
1211,35,Service Agreement,"2020-04-26","2031-04-25",84041.28,Active
1212,15,Service Agreement,"2020-01-22","2031-04-26",103486.05,Active
1213,7,Security Provision,"2022-03-30","2031-04-27",123280.23,Active
1214,33,Service Agreement,"2021-05-29","2031-04-28",64420.81,Active
1215,2,Security Provision,"2023-03-09","2031-04-29",72332.43,Active
1216,26,Service Agreement,"2019-11-22","2031-04-30",116077.63,Terminated
1217,10,Security Provision,"2019-04-07","2031-05-01",38090.26,Active
1218,48,Security Provision,"2023-03-23","2031-05-02",86436.56,Active
1219,42,Service Agreement,"2021-02-18","2031-05-03",89887.46,Active
1220,3,Service Agreement,"2019-04-05","2031-05-04",79791.46,Active
1221,32,Consulting,"2019-10-23","2031-05-05",107913.70,Active
1222,48,Fixed-Term,"2021-05-14","2031-05-06",52101.28,Pending
1223,20,Consulting,"2019-03-19","2031-05-07",100250.36,Completed
1224,28,Security Provision,"2019-05-08","2031-05-08",36682.74,Completed
1225,18,Service Agreement,"2019-10-05","2031-05-09",112293.58,Active
1226,25,Service Agreement,"2021-11-29","2031-05-10",58452.98,Active
1227,22,Service Agreement,"2018-11-06","2031-05-11",35021.84,Completed
1228,37,Service Agreement,"2021-07-27","2031-05-12",115108.50,Active
1229,39,Service Agreement,"2023-07-18","2031-05-13",135837.89,Active
1230,31,Service Agreement,"2022-09-04","2031-05-14",131350.80,Completed
1231,37,Service Agreement,"2019-05-24","2031-05-15",61753.38,Active
1232,31,Consulting,"2019-11-03","2031-05-16",43227.18,Active
1233,30,Security Provision,"2019-11-26","2031-05-17",88755.92,Terminated
1234,7,Service Agreement,"2022-08-09","2031-05-18",142692.23,Active
1235,11,Security Provision,"2019-03-19","2031-05-19",98089.41,Active
1236,18,Consulting,"2018-11-25","2031-05-20",61178.18,Active
1237,3,Fixed-Term,"2022-04-10","2031-05-21",79404.73,Active
1238,44,Service Agreement,"2021-04-02","2031-05-22",95848.13,Completed
1239,32,Security Provision,"2019-12-22","2031-05-23",48899.17,Active
1240,34,Service Agreement,"2021-08-14","2031-05-24",124650.03,Completed
1241,7,Service Agreement,"2018-08-28","2031-05-25",131714.86,Pending
1242,44,Service Agreement,"2023-07-10","2031-05-26",31197.84,Pending
1243,12,Service Agreement,"2020-09-18","2031-05-27",41174.84,Active
1244,48,Service Agreement,"2019-07-18","2031-05-28",61412.02,Pending
1245,8,Security Provision,"2021-11-21","2031-05-29",66009.73,Terminated
1246,7,Consulting,"2021-03-08","2031-05-30",102399.22,Terminated
1247,49,Consulting,"2019-08-21","2031-05-31",86461.56,Active
1248,12,Service Agreement,"2022-04-30","2031-06-01",7806.41,Active
1249,40,Service Agreement,"2023-02-03","2031-06-02",17560.36,Active
1250,33,Security Provision,"2023-05-08","2031-06-03",113522.82,Active
1251,33,Security Provision,"2022-07-29","2031-06-04",32819.83,Active
1252,7,Consulting,"2020-11-18","2031-06-05",94121.70,Active
1253,15,Service Agreement,"2021-05-16","2031-06-06",120073.85,Active
1254,7,Security Provision,"2019-10-25","2031-06-07",67287.75,Active
1255,31,Security Provision,"2023-03-05","2031-06-08",71717.23,Completed
1256,47,Service Agreement,"2021-06-01","2031-06-09",99587.16,Active
1257,40,Security Provision,"2022-01-22","2031-06-10",8791.99,Active
1258,47,Service Agreement,"2023-07-09","2031-06-11",126250.88,Active
1259,16,Service Agreement,"2018-11-11","2031-06-12",34816.38,Active
1260,19,Service Agreement,"2021-01-05","2031-06-13",75056.34,Active
1261,37,Fixed-Term,"2022-11-25","2031-06-14",38182.36,Active
1262,4,Security Provision,"2020-03-30","2031-06-15",89922.46,Active
1263,46,Service Agreement,"2021-01-02","2031-06-16",85779.41,Active
1264,6,Service Agreement,"2019-02-26","2031-06-17",106154.96,Active
1265,33,Consulting,"2019-10-06","2031-06-18",108586.48,Pending
1266,2,Service Agreement,"2020-04-19","2031-06-19",138735.39,Active
1267,47,Security Provision,"2022-12-24","2031-06-20",44706.02,Active
1268,47,Service Agreement,"2021-04-09","2031-06-21",57364.63,Pending
1269,48,Fixed-Term,"2018-09-04","2031-06-22",134449.75,Completed
1270,49,Fixed-Term,"2021-11-07","2031-06-23",49356.35,Active
1271,5,Fixed-Term,"2023-05-24","2031-06-24",137634.66,Active
1272,18,Security Provision,"2021-02-15","2031-06-25",8370.13,Active
1273,45,Security Provision,"2021-11-03","2031-06-26",67580.16,Active
1274,21,Security Provision,"2018-09-20","2031-06-27",22340.05,Active
1275,24,Consulting,"2019-07-23","2031-06-28",121238.93,Active
1276,7,Service Agreement,"2022-05-12","2031-06-29",142953.87,Active
1277,45,Service Agreement,"2018-10-03","2031-06-30",101890.17,Active
1278,14,Security Provision,"2020-11-26","2031-07-01",108995.47,Active
1279,11,Consulting,"2018-10-04","2031-07-02",18523.08,Active
1280,1,Service Agreement,"2020-12-02","2031-07-03",120611.39,Active
1281,37,Service Agreement,"2021-09-24","2031-07-04",73766.80,Active
1282,40,Consulting,"2020-09-10","2031-07-05",76390.96,Active
1283,6,Service Agreement,"2022-05-25","2031-07-06",45787.24,Active
1284,14,Service Agreement,"2019-02-15","2031-07-07",80326.30,Active
1285,41,Security Provision,"2018-09-28","2031-07-08",98508.52,Active
1286,3,Service Agreement,"2018-12-12","2031-07-09",40785.58,Active
1287,24,Service Agreement,"2021-12-01","2031-07-10",100920.41,Active
1288,25,Security Provision,"2022-01-12","2031-07-11",47553.92,Completed
1289,28,Service Agreement,"2020-10-27","2031-07-12",103480.24,Active
1290,29,Service Agreement,"2020-11-02","2031-07-13",137394.76,Active
1291,48,Security Provision,"2021-04-24","2031-07-14",5423.47,Active
1292,22,Service Agreement,"2020-06-29","2031-07-15",23754.60,Active
1293,18,Fixed-Term,"2021-07-15","2031-07-16",101011.32,Completed
1294,43,Service Agreement,"2023-06-20","2031-07-17",43100.28,Pending
1295,5,Service Agreement,"2019-09-22","2031-07-18",117324.99,Active
1296,23,Service Agreement,"2022-02-22","2031-07-19",52667.17,Active
1297,36,Service Agreement,"2020-07-01","2031-07-20",31342.21,Terminated
1298,3,Service Agreement,"2021-05-13","2031-07-21",17502.68,Completed
1299,49,Security Provision,"2021-05-30","2031-07-22",127365.49,Active
1300,2,Service Agreement,"2019-07-04","2031-07-23",95819.67,Terminated
1301,12,Security Provision,"2019-05-31","2031-07-24",59403.21,Completed
1302,45,Security Provision,"2020-03-13","2031-07-25",96987.73,Active
1303,27,Service Agreement,"2020-01-06","2031-07-26",89099.61,Active
1304,15,Service Agreement,"2023-04-30","2031-07-27",9200.10,Active
1305,17,Service Agreement,"2021-07-11","2031-07-28",27972.88,Active
1306,49,Security Provision,"2021-07-02","2031-07-29",85919.34,Active
1307,17,Service Agreement,"2019-10-23","2031-07-30",20946.66,Active
1308,31,Consulting,"2019-01-19","2031-07-31",141827.65,Active
1309,43,Fixed-Term,"2021-01-08","2031-08-01",97999.08,Active
1310,40,Consulting,"2019-01-29","2031-08-02",99732.84,Active
1311,19,Consulting,"2018-10-27","2031-08-03",125479.90,Active
1312,17,Service Agreement,"2023-05-30","2031-08-04",118143.01,Completed
1313,22,Fixed-Term,"2019-07-15","2031-08-05",131533.75,Active
1314,10,Consulting,"2020-03-17","2031-08-06",72463.47,Active
1315,2,Service Agreement,"2022-09-16","2031-08-07",102125.21,Active
1316,40,Security Provision,"2021-01-04","2031-08-08",104974.77,Completed
1317,33,Security Provision,"2018-11-30","2031-08-09",15501.54,Active
1318,32,Security Provision,"2022-07-24","2031-08-10",59822.19,Active
1319,24,Consulting,"2022-02-05","2031-08-11",98848.67,Terminated
1320,34,Service Agreement,"2020-04-23","2031-08-12",97604.39,Active
1321,29,Service Agreement,"2023-06-23","2031-08-13",29548.55,Completed
1322,45,Service Agreement,"2022-01-13","2031-08-14",66007.59,Active
1323,29,Security Provision,"2020-11-26","2031-08-15",71463.07,Active
1324,47,Security Provision,"2018-12-07","2031-08-16",66126.39,Active
1325,6,Service Agreement,"2023-04-19","2031-08-17",101579.04,Pending
1326,32,Service Agreement,"2022-03-05","2031-08-18",29026.37,Active
1327,11,Service Agreement,"2019-06-20","2031-08-19",45171.63,Active
1328,23,Service Agreement,"2022-09-13","2031-08-20",78910.39,Pending
1329,43,Fixed-Term,"2019-01-02","2031-08-21",105751.76,Active
1330,31,Service Agreement,"2022-06-06","2031-08-22",100892.08,Active
1331,31,Service Agreement,"2020-01-09","2031-08-23",96701.56,Active
1332,2,Consulting,"2019-01-03","2031-08-24",125205.52,Active
1333,33,Service Agreement,"2021-01-23","2031-08-25",34922.85,Active
1334,25,Service Agreement,"2020-02-08","2031-08-26",63947.83,Active
1335,35,Security Provision,"2021-10-29","2031-08-27",45807.98,Active
1336,10,Security Provision,"2023-07-04","2031-08-28",45820.17,Active
1337,43,Consulting,"2023-04-06","2031-08-29",45669.23,Active
1338,9,Service Agreement,"2023-01-17","2031-08-30",147110.86,Completed
1339,21,Security Provision,"2019-10-17","2031-08-31",12905.83,Active
1340,2,Service Agreement,"2019-06-22","2031-09-01",130027.82,Terminated
1341,4,Service Agreement,"2023-02-10","2031-09-02",107209.20,Active
1342,9,Service Agreement,"2022-10-13","2031-09-03",11268.19,Active
1343,45,Security Provision,"2023-03-07","2031-09-04",56925.40,Pending
1344,45,Service Agreement,"2018-09-12","2031-09-05",16593.86,Active
1345,44,Consulting,"2020-06-27","2031-09-06",124458.90,Active
1346,30,Consulting,"2018-12-28","2031-09-07",97022.30,Active
1347,43,Consulting,"2021-01-20","2031-09-08",11559.97,Active
1348,43,Security Provision,"2019-09-14","2031-09-09",54001.11,Active
1349,9,Service Agreement,"2018-10-06","2031-09-10",137518.42,Active
1350,15,Service Agreement,"2021-08-03","2031-09-11",46399.79,Active
1351,34,Security Provision,"2019-07-05","2031-09-12",148363.13,Active
1352,12,Security Provision,"2019-04-25","2031-09-13",111740.96,Active
1353,22,Security Provision,"2023-07-15","2031-09-14",54955.86,Active
1354,29,Service Agreement,"2022-12-10","2031-09-15",133485.51,Active
1355,43,Security Provision,"2019-05-02","2031-09-16",23774.67,Active
1356,44,Consulting,"2019-01-13","2031-09-17",135349.35,Active
1357,23,Fixed-Term,"2021-06-09","2031-09-18",49735.60,Active
1358,12,Consulting,"2023-08-02","2031-09-19",113093.39,Active
1359,31,Service Agreement,"2023-06-17","2031-09-20",44500.54,Active
1360,3,Service Agreement,"2022-03-31","2031-09-21",74956.12,Terminated
1361,23,Service Agreement,"2019-04-06","2031-09-22",147944.93,Active
1362,13,Security Provision,"2020-07-11","2031-09-23",146098.62,Active
1363,17,Consulting,"2023-04-22","2031-09-24",119999.14,Active
1364,20,Service Agreement,"2022-12-02","2031-09-25",50124.48,Active
1365,24,Security Provision,"2021-03-06","2031-09-26",59160.81,Active
1366,31,Consulting,"2019-05-21","2031-09-27",15836.91,Active
1367,19,Service Agreement,"2018-10-23","2031-09-28",14153.49,Active
1368,22,Security Provision,"2021-05-26","2031-09-29",126309.10,Active
1369,21,Security Provision,"2019-12-01","2031-09-30",62083.39,Completed
1370,44,Service Agreement,"2021-06-07","2031-10-01",49546.27,Active
1371,17,Security Provision,"2020-10-13","2031-10-02",42780.06,Active
1372,39,Service Agreement,"2022-10-30","2031-10-03",67662.16,Pending
1373,44,Service Agreement,"2022-09-04","2031-10-04",86679.87,Active
1374,25,Fixed-Term,"2019-10-18","2031-10-05",83112.85,Pending
1375,35,Service Agreement,"2021-07-25","2031-10-06",38041.50,Terminated
1376,13,Service Agreement,"2020-03-31","2031-10-07",40646.22,Active
1377,34,Service Agreement,"2019-11-11","2031-10-08",103918.06,Pending
1378,11,Service Agreement,"2021-12-05","2031-10-09",146719.81,Pending
1379,40,Security Provision,"2018-12-17","2031-10-10",142358.25,Pending
1380,33,Consulting,"2022-03-06","2031-10-11",64256.71,Terminated
1381,3,Service Agreement,"2019-09-04","2031-10-12",105776.09,Active
1382,28,Security Provision,"2023-07-26","2031-10-13",80974.88,Active
1383,49,Service Agreement,"2022-12-19","2031-10-14",82885.09,Active
1384,25,Fixed-Term,"2021-08-17","2031-10-15",21969.25,Active
1385,21,Security Provision,"2022-06-11","2031-10-16",105585.35,Active
1386,4,Consulting,"2021-10-01","2031-10-17",87438.73,Pending
1387,14,Service Agreement,"2020-08-04","2031-10-18",100408.90,Pending
1388,30,Security Provision,"2022-02-11","2031-10-19",145321.21,Active
1389,48,Consulting,"2020-06-22","2031-10-20",65628.54,Active
1390,38,Security Provision,"2020-08-28","2031-10-21",98373.68,Completed
1391,39,Security Provision,"2019-05-06","2031-10-22",104605.23,Active
1392,1,Consulting,"2021-07-08","2031-10-23",10114.46,Active
1393,35,Security Provision,"2022-07-02","2031-10-24",78720.67,Active
1394,49,Fixed-Term,"2023-05-04","2031-10-25",124298.18,Pending
1395,3,Security Provision,"2022-12-19","2031-10-26",55796.25,Active
1396,2,Security Provision,"2022-03-26","2031-10-27",130578.96,Active
1397,43,Service Agreement,"2021-05-09","2031-10-28",18808.86,Active
1398,17,Fixed-Term,"2020-01-09","2031-10-29",90551.99,Active
1399,11,Consulting,"2021-05-16","2031-10-30",52665.37,Pending
1400,41,Service Agreement,"2021-01-31","2031-10-31",72273.11,Completed
1401,29,Service Agreement,"2021-09-19","2031-11-01",63762.51,Active
1402,21,Security Provision,"2020-03-01","2031-11-02",96346.57,Active
1403,17,Service Agreement,"2020-02-29","2031-11-03",30757.53,Active
1404,8,Service Agreement,"2018-12-08","2031-11-04",45094.38,Pending
1405,45,Security Provision,"2022-06-26","2031-11-05",78002.02,Pending
1406,18,Fixed-Term,"2019-11-03","2031-11-06",36318.01,Terminated
1407,26,Security Provision,"2023-01-01","2031-11-07",142389.08,Terminated
1408,13,Service Agreement,"2020-07-31","2031-11-08",148052.38,Active
1409,43,Fixed-Term,"2021-09-10","2031-11-09",65893.76,Active
1410,42,Service Agreement,"2019-06-19","2031-11-10",149714.74,Active
1411,21,Service Agreement,"2021-08-16","2031-11-11",28847.74,Active
1412,8,Consulting,"2019-07-08","2031-11-12",63537.46,Active
1413,35,Security Provision,"2021-08-17","2031-11-13",68718.01,Active
1414,46,Service Agreement,"2021-01-08","2031-11-14",120138.65,Active
1415,27,Consulting,"2018-08-14","2031-11-15",68351.83,Active
1416,39,Consulting,"2021-07-30","2031-11-16",17834.16,Active
1417,47,Service Agreement,"2023-04-08","2031-11-17",72007.39,Active
1418,36,Security Provision,"2019-09-11","2031-11-18",86469.36,Active
1419,14,Security Provision,"2020-03-05","2031-11-19",108616.24,Active
1420,2,Service Agreement,"2019-12-02","2031-11-20",87017.92,Active
1421,20,Service Agreement,"2022-12-03","2031-11-21",78836.60,Active
1422,22,Service Agreement,"2021-12-23","2031-11-22",120232.60,Pending
1423,45,Security Provision,"2022-01-28","2031-11-23",64137.29,Active
1424,34,Consulting,"2019-12-15","2031-11-24",84026.54,Active
1425,47,Consulting,"2021-11-11","2031-11-25",40490.35,Pending
1426,21,Fixed-Term,"2019-02-15","2031-11-26",104532.23,Active
1427,36,Security Provision,"2022-03-31","2031-11-27",22457.61,Completed
1428,38,Security Provision,"2020-10-25","2031-11-28",80268.56,Active
1429,17,Service Agreement,"2022-07-25","2031-11-29",50290.84,Terminated
1430,10,Service Agreement,"2021-08-02","2031-11-30",130293.76,Active
1431,28,Fixed-Term,"2021-11-13","2031-12-01",17974.90,Active
1432,37,Service Agreement,"2019-05-07","2031-12-02",14012.28,Active
1433,49,Fixed-Term,"2020-12-31","2031-12-03",84201.58,Terminated
1434,43,Consulting,"2019-12-10","2031-12-04",89034.27,Active
1435,39,Security Provision,"2020-06-11","2031-12-05",9647.03,Active
1436,42,Service Agreement,"2021-08-30","2031-12-06",86804.87,Active
1437,47,Service Agreement,"2019-11-04","2031-12-07",122186.56,Active
1438,48,Consulting,"2023-06-03","2031-12-08",149858.36,Active
1439,21,Security Provision,"2021-02-14","2031-12-09",111769.17,Active
1440,23,Security Provision,"2023-02-28","2031-12-10",74320.81,Active
1441,46,Security Provision,"2021-01-09","2031-12-11",143319.73,Active
1442,44,Service Agreement,"2022-03-22","2031-12-12",49538.64,Active
1443,29,Service Agreement,"2019-11-11","2031-12-13",29319.38,Completed
1444,32,Consulting,"2022-10-04","2031-12-14",7239.01,Active
1445,9,Consulting,"2021-08-23","2031-12-15",141444.17,Terminated
1446,29,Security Provision,"2022-12-05","2031-12-16",128782.98,Active
1447,48,Fixed-Term,"2019-07-20","2031-12-17",29973.32,Terminated
1448,22,Consulting,"2021-11-05","2031-12-18",99770.38,Active
1449,42,Security Provision,"2021-01-04","2031-12-19",126677.42,Completed
1450,10,Service Agreement,"2022-10-14","2031-12-20",136418.45,Active
1451,34,Security Provision,"2021-10-30","2031-12-21",11065.56,Active
1452,7,Security Provision,"2022-10-02","2031-12-22",36555.34,Pending
1453,38,Service Agreement,"2018-11-25","2031-12-23",65652.00,Active
1454,45,Consulting,"2021-07-09","2031-12-24",19275.90,Active
1455,5,Service Agreement,"2019-05-01","2031-12-25",117556.35,Active
1456,8,Service Agreement,"2021-11-09","2031-12-26",147931.37,Pending
1457,33,Service Agreement,"2018-08-27","2031-12-27",80340.86,Active
1458,16,Fixed-Term,"2019-03-16","2031-12-28",50999.60,Active
1459,20,Security Provision,"2022-01-07","2031-12-29",50974.32,Active
1460,35,Consulting,"2022-10-04","2031-12-30",146381.28,Active
1461,4,Consulting,"2022-03-23","2031-12-31",52399.79,Completed
1462,19,Consulting,"2020-05-05","2032-01-01",67858.96,Active
1463,16,Service Agreement,"2020-11-23","2032-01-02",69147.78,Active
1464,42,Service Agreement,"2022-03-28","2032-01-03",17802.78,Active
1465,30,Consulting,"2020-03-25","2032-01-04",127557.35,Completed
1466,24,Security Provision,"2018-08-07","2032-01-05",126479.21,Active
1467,16,Security Provision,"2020-02-11","2032-01-06",66861.78,Active
1468,36,Security Provision,"2023-01-01","2032-01-07",69895.89,Active
1469,47,Security Provision,"2022-12-07","2032-01-08",47833.63,Pending
1470,21,Security Provision,"2023-03-13","2032-01-09",15625.11,Active
1471,31,Consulting,"2021-11-14","2032-01-10",125251.93,Terminated
1472,22,Fixed-Term,"2019-06-05","2032-01-11",23471.08,Active
1473,27,Fixed-Term,"2020-12-12","2032-01-12",47371.62,Active
1474,1,Security Provision,"2020-04-06","2032-01-13",123003.12,Active
1475,1,Service Agreement,"2023-01-30","2032-01-14",58683.71,Active
1476,28,Security Provision,"2020-09-08","2032-01-15",128962.29,Active
1477,38,Security Provision,"2020-12-14","2032-01-16",50537.27,Active
1478,14,Service Agreement,"2022-11-07","2032-01-17",133367.22,Active
1479,5,Consulting,"2022-04-06","2032-01-18",142741.00,Completed
1480,49,Service Agreement,"2021-02-22","2032-01-19",75071.19,Active
1481,20,Service Agreement,"2022-05-16","2032-01-20",104456.90,Active
1482,30,Consulting,"2020-01-18","2032-01-21",115285.44,Active
1483,32,Consulting,"2021-10-21","2032-01-22",135612.02,Terminated
1484,32,Security Provision,"2019-01-05","2032-01-23",111457.18,Completed
1485,31,Service Agreement,"2021-01-24","2032-01-24",112931.80,Active
1486,15,Service Agreement,"2020-03-06","2032-01-25",38134.07,Active
1487,24,Service Agreement,"2022-11-19","2032-01-26",138646.41,Active
1488,40,Service Agreement,"2019-03-15","2032-01-27",34544.79,Active
1489,25,Fixed-Term,"2023-05-11","2032-01-28",41633.38,Terminated
1490,11,Service Agreement,"2022-02-05","2032-01-29",85355.47,Active
1491,42,Security Provision,"2019-05-29","2032-01-30",21431.26,Active
1492,32,Fixed-Term,"2023-01-09","2032-01-31",64937.96,Active
1493,3,Security Provision,"2022-05-01","2032-02-01",134570.18,Active
1494,4,Service Agreement,"2021-01-26","2032-02-02",29468.60,Active
1495,39,Security Provision,"2021-09-06","2032-02-03",139448.64,Active
1496,38,Security Provision,"2020-07-29","2032-02-04",30446.93,Pending
1497,18,Service Agreement,"2023-03-31","2032-02-05",100257.20,Active
1498,12,Security Provision,"2023-05-16","2032-02-06",146583.67,Active
1499,37,Service Agreement,"2023-04-29","2032-02-07",141349.82,Active
1500,19,Service Agreement,"2019-11-27","2032-02-08",97999.25,Active
1501,9,Security Provision,"2022-11-03","2032-02-09",60687.56,Active
1502,4,Fixed-Term,"2022-08-08","2032-02-10",59755.09,Pending
1503,9,Service Agreement,"2023-07-27","2032-02-11",29907.44,Completed
1504,32,Service Agreement,"2023-07-15","2032-02-12",63768.31,Completed
1505,24,Security Provision,"2022-11-09","2032-02-13",45464.17,Completed
1506,6,Service Agreement,"2019-12-24","2032-02-14",149069.06,Active
1507,24,Service Agreement,"2019-03-08","2032-02-15",11829.68,Active
1508,43,Security Provision,"2019-06-25","2032-02-16",120804.48,Pending
1509,31,Security Provision,"2019-01-03","2032-02-17",109247.58,Active
1510,9,Security Provision,"2023-02-02","2032-02-18",21574.67,Active
1511,3,Service Agreement,"2022-03-30","2032-02-19",22824.80,Active
1512,48,Security Provision,"2020-03-23","2032-02-20",26081.64,Active
1513,6,Consulting,"2019-06-06","2032-02-21",125418.13,Pending
1514,49,Consulting,"2023-05-28","2032-02-22",66449.21,Active
1515,15,Service Agreement,"2021-02-03","2032-02-23",118619.36,Completed
1516,42,Service Agreement,"2019-07-30","2032-02-24",24316.13,Active
1517,13,Security Provision,"2022-05-08","2032-02-25",119621.84,Active
1518,17,Service Agreement,"2020-05-12","2032-02-26",79982.61,Active
1519,19,Fixed-Term,"2019-03-28","2032-02-27",49576.67,Active
1520,17,Service Agreement,"2019-07-22","2032-02-28",112178.06,Active
1521,19,Security Provision,"2020-09-17","2032-02-29",86674.81,Active
1522,9,Service Agreement,"2022-07-02","2032-03-01",53133.01,Active
1523,19,Service Agreement,"2019-11-30","2032-03-02",67321.32,Active
1524,22,Consulting,"2023-07-21","2032-03-03",137344.41,Active
1525,27,Service Agreement,"2020-08-26","2032-03-04",61084.67,Completed
1526,37,Security Provision,"2020-05-16","2032-03-05",29606.80,Terminated
1527,38,Consulting,"2023-04-06","2032-03-06",29370.51,Active
1528,19,Consulting,"2019-02-18","2032-03-07",138862.29,Active
1529,17,Consulting,"2020-10-10","2032-03-08",50402.96,Active
1530,22,Security Provision,"2021-05-15","2032-03-09",49805.39,Active
1531,37,Service Agreement,"2019-05-13","2032-03-10",47978.81,Completed
1532,24,Fixed-Term,"2019-07-04","2032-03-11",26278.29,Active
1533,27,Fixed-Term,"2022-04-01","2032-03-12",23370.60,Completed
1534,38,Service Agreement,"2018-11-03","2032-03-13",145908.54,Active
1535,18,Security Provision,"2018-10-11","2032-03-14",125845.35,Active
1536,10,Service Agreement,"2023-06-25","2032-03-15",133834.23,Active
1537,42,Security Provision,"2020-09-14","2032-03-16",94274.18,Active
1538,22,Service Agreement,"2022-12-20","2032-03-17",148547.64,Active
1539,27,Consulting,"2022-02-23","2032-03-18",51902.71,Active
1540,27,Service Agreement,"2019-05-31","2032-03-19",122682.39,Completed
1541,49,Fixed-Term,"2019-01-29","2032-03-20",54325.44,Active
1542,35,Security Provision,"2019-09-01","2032-03-21",43613.47,Active
1543,47,Security Provision,"2021-01-17","2032-03-22",8959.02,Active
1544,23,Consulting,"2022-04-21","2032-03-23",97500.58,Active
1545,47,Service Agreement,"2018-09-15","2032-03-24",95996.78,Active
1546,32,Service Agreement,"2021-12-04","2032-03-25",55730.80,Active
1547,17,Consulting,"2019-11-14","2032-03-26",131770.71,Active
1548,19,Consulting,"2021-04-14","2032-03-27",65948.09,Active
1549,29,Security Provision,"2019-04-14","2032-03-28",68146.83,Active
1550,45,Fixed-Term,"2021-01-09","2032-03-29",28610.25,Pending
1551,37,Service Agreement,"2022-12-26","2032-03-30",149246.27,Active
1552,11,Security Provision,"2021-10-05","2032-03-31",13804.71,Active
1553,15,Security Provision,"2022-09-25","2032-04-01",108824.08,Active
1554,48,Consulting,"2021-11-10","2032-04-02",119500.72,Terminated
1555,17,Fixed-Term,"2021-04-08","2032-04-03",44122.59,Active
1556,20,Security Provision,"2018-11-14","2032-04-04",6244.97,Active
1557,48,Fixed-Term,"2020-03-14","2032-04-05",16155.40,Active
1558,36,Consulting,"2020-06-24","2032-04-06",5142.77,Active
1559,40,Service Agreement,"2023-03-19","2032-04-07",104666.10,Pending
1560,5,Consulting,"2022-08-15","2032-04-08",126526.10,Pending
1561,37,Consulting,"2018-11-09","2032-04-09",46918.24,Active
1562,21,Consulting,"2018-11-23","2032-04-10",136491.38,Completed
1563,45,Consulting,"2020-02-25","2032-04-11",70306.94,Active
1564,19,Service Agreement,"2020-05-16","2032-04-12",108680.78,Active
1565,8,Security Provision,"2019-06-18","2032-04-13",121264.61,Pending
1566,40,Service Agreement,"2019-05-20","2032-04-14",87268.39,Active
1567,12,Consulting,"2020-10-16","2032-04-15",84982.42,Active
1568,1,Security Provision,"2022-07-01","2032-04-16",56627.52,Completed
1569,36,Service Agreement,"2022-12-17","2032-04-17",54188.37,Active
1570,10,Consulting,"2021-10-24","2032-04-18",145928.88,Active
1571,40,Service Agreement,"2019-02-28","2032-04-19",22420.58,Pending
1572,37,Service Agreement,"2022-03-24","2032-04-20",37920.56,Active
1573,11,Service Agreement,"2021-10-17","2032-04-21",145817.52,Active
1574,6,Service Agreement,"2022-05-13","2032-04-22",19775.19,Active
1575,9,Consulting,"2019-10-09","2032-04-23",97341.77,Active
1576,5,Consulting,"2018-10-12","2032-04-24",68883.26,Active
1577,16,Security Provision,"2020-04-13","2032-04-25",34551.66,Completed
1578,8,Service Agreement,"2021-04-25","2032-04-26",77230.79,Active
1579,27,Service Agreement,"2018-12-21","2032-04-27",143708.57,Completed
1580,38,Fixed-Term,"2021-09-19","2032-04-28",27848.92,Pending
1581,22,Service Agreement,"2020-12-15","2032-04-29",44864.88,Active
1582,32,Service Agreement,"2019-07-15","2032-04-30",134998.30,Active
1583,9,Consulting,"2021-11-17","2032-05-01",18999.59,Active
1584,41,Service Agreement,"2023-02-04","2032-05-02",142559.25,Active
1585,26,Service Agreement,"2022-07-03","2032-05-03",62557.51,Completed
1586,42,Consulting,"2020-01-24","2032-05-04",64191.71,Completed
1587,25,Service Agreement,"2019-07-07","2032-05-05",122273.28,Active
1588,24,Service Agreement,"2022-03-13","2032-05-06",56071.81,Active
1589,2,Consulting,"2023-06-02","2032-05-07",116098.37,Completed
1590,40,Fixed-Term,"2021-04-08","2032-05-08",126116.34,Active
1591,11,Security Provision,"2019-12-02","2032-05-09",136452.40,Active
1592,17,Service Agreement,"2022-03-09","2032-05-10",49972.09,Active
1593,19,Security Provision,"2022-03-26","2032-05-11",139902.79,Active
1594,3,Service Agreement,"2021-05-08","2032-05-12",146423.92,Active
1595,40,Service Agreement,"2022-11-29","2032-05-13",58447.11,Active
1596,1,Security Provision,"2019-05-24","2032-05-14",64646.06,Pending
1597,40,Consulting,"2022-01-29","2032-05-15",16679.20,Active
1598,19,Consulting,"2021-07-06","2032-05-16",96572.37,Active
1599,49,Service Agreement,"2021-01-29","2032-05-17",78528.95,Completed
1600,16,Security Provision,"2023-05-13","2032-05-18",87505.75,Active
1601,34,Service Agreement,"2019-05-22","2032-05-19",54107.45,Active
1602,21,Security Provision,"2021-09-30","2032-05-20",120886.85,Active
1603,16,Security Provision,"2019-09-09","2032-05-21",111369.57,Active
1604,37,Consulting,"2019-04-26","2032-05-22",134099.19,Active
1605,38,Security Provision,"2022-02-19","2032-05-23",80710.56,Pending
1606,29,Fixed-Term,"2022-04-16","2032-05-24",75286.18,Active
1607,45,Consulting,"2022-05-12","2032-05-25",7253.06,Pending
1608,25,Service Agreement,"2021-08-26","2032-05-26",36829.50,Active
1609,30,Security Provision,"2020-06-06","2032-05-27",46443.76,Terminated
1610,17,Security Provision,"2022-06-26","2032-05-28",120788.86,Completed
1611,15,Service Agreement,"2021-01-09","2032-05-29",27159.26,Pending
1612,21,Service Agreement,"2018-09-02","2032-05-30",36434.56,Active
1613,18,Service Agreement,"2022-04-22","2032-05-31",36054.91,Active
1614,5,Security Provision,"2021-12-05","2032-06-01",23123.94,Active
1615,8,Fixed-Term,"2022-09-13","2032-06-02",107688.77,Pending
1616,7,Security Provision,"2019-11-24","2032-06-03",70019.72,Active
1617,31,Security Provision,"2020-03-19","2032-06-04",56857.61,Active
1618,34,Service Agreement,"2022-09-14","2032-06-05",131299.72,Pending
1619,33,Security Provision,"2021-09-21","2032-06-06",106104.52,Active
1620,49,Service Agreement,"2020-05-22","2032-06-07",15857.43,Active
1621,39,Fixed-Term,"2022-12-13","2032-06-08",24119.02,Completed
1622,40,Service Agreement,"2022-02-07","2032-06-09",86082.48,Active
1623,42,Security Provision,"2020-10-06","2032-06-10",65260.09,Active
1624,28,Security Provision,"2022-01-11","2032-06-11",116349.93,Active
1625,47,Service Agreement,"2022-02-26","2032-06-12",87853.73,Active
1626,22,Security Provision,"2020-06-10","2032-06-13",91051.04,Active
1627,6,Security Provision,"2021-09-27","2032-06-14",68710.73,Active
1628,37,Service Agreement,"2018-10-25","2032-06-15",39995.87,Active
1629,9,Security Provision,"2020-11-25","2032-06-16",70614.18,Active
1630,10,Security Provision,"2020-04-17","2032-06-17",7215.82,Active
1631,11,Service Agreement,"2021-04-15","2032-06-18",25380.67,Pending
1632,36,Service Agreement,"2022-04-17","2032-06-19",17347.39,Active
1633,29,Service Agreement,"2023-07-29","2032-06-20",93220.22,Active
1634,27,Security Provision,"2023-01-26","2032-06-21",147152.06,Active
1635,16,Service Agreement,"2018-12-12","2032-06-22",36753.26,Active
1636,31,Service Agreement,"2018-10-25","2032-06-23",92571.03,Active
1637,2,Consulting,"2021-05-20","2032-06-24",6752.52,Active
1638,9,Service Agreement,"2020-08-28","2032-06-25",139907.71,Terminated
1639,23,Service Agreement,"2020-05-10","2032-06-26",73024.22,Active
1640,44,Consulting,"2023-08-04","2032-06-27",27673.62,Pending
1641,47,Security Provision,"2022-04-22","2032-06-28",72030.37,Active
1642,16,Service Agreement,"2021-06-05","2032-06-29",101357.77,Active
1643,42,Service Agreement,"2022-06-29","2032-06-30",69684.36,Active
1644,11,Service Agreement,"2022-07-02","2032-07-01",149778.57,Completed
1645,30,Service Agreement,"2023-01-04","2032-07-02",44297.82,Active
1646,46,Consulting,"2023-07-08","2032-07-03",31504.76,Active
1647,20,Security Provision,"2023-03-03","2032-07-04",65675.14,Pending
1648,2,Security Provision,"2019-08-19","2032-07-05",60061.99,Active
1649,7,Service Agreement,"2018-10-30","2032-07-06",87111.56,Terminated
1650,49,Service Agreement,"2021-12-07","2032-07-07",66583.48,Active
1651,32,Consulting,"2020-11-18","2032-07-08",69758.06,Active
1652,23,Service Agreement,"2018-09-26","2032-07-09",43274.43,Active
1653,24,Service Agreement,"2022-06-19","2032-07-10",106983.11,Active
1654,13,Fixed-Term,"2022-09-15","2032-07-11",46207.22,Active
1655,23,Security Provision,"2020-05-09","2032-07-12",70822.24,Active
1656,10,Fixed-Term,"2021-02-17","2032-07-13",8923.95,Terminated
1657,33,Consulting,"2020-04-12","2032-07-14",26463.42,Active
1658,25,Security Provision,"2021-03-30","2032-07-15",83253.82,Active
1659,33,Fixed-Term,"2019-05-05","2032-07-16",44978.09,Pending
1660,42,Security Provision,"2021-05-31","2032-07-17",77347.84,Active
1661,48,Security Provision,"2019-11-21","2032-07-18",13529.04,Active
1662,44,Service Agreement,"2019-07-19","2032-07-19",146353.54,Active
1663,5,Security Provision,"2018-12-29","2032-07-20",133077.11,Active
1664,9,Fixed-Term,"2023-01-12","2032-07-21",53021.76,Active
1665,44,Service Agreement,"2022-11-25","2032-07-22",55128.41,Completed
1666,46,Security Provision,"2019-11-13","2032-07-23",120255.77,Active
1667,20,Fixed-Term,"2020-09-08","2032-07-24",13925.78,Completed
1668,30,Security Provision,"2019-06-16","2032-07-25",115381.83,Active
1669,29,Security Provision,"2023-07-14","2032-07-26",79323.30,Active
1670,31,Fixed-Term,"2023-07-18","2032-07-27",84822.27,Pending
1671,43,Fixed-Term,"2018-12-06","2032-07-28",80189.96,Active
1672,10,Fixed-Term,"2020-07-15","2032-07-29",59272.35,Active
1673,1,Fixed-Term,"2018-10-30","2032-07-30",16626.05,Active
1674,48,Security Provision,"2022-09-13","2032-07-31",47937.17,Active
1675,28,Consulting,"2022-12-28","2032-08-01",108297.46,Active
1676,9,Consulting,"2023-03-24","2032-08-02",49509.60,Active
1677,9,Service Agreement,"2020-10-02","2032-08-03",14364.90,Active
1678,30,Consulting,"2020-09-14","2032-08-04",79758.04,Active
1679,23,Service Agreement,"2020-01-19","2032-08-05",142278.25,Active
1680,12,Security Provision,"2019-04-14","2032-08-06",107727.62,Active
1681,19,Consulting,"2023-06-02","2032-08-07",58680.50,Active
1682,42,Security Provision,"2022-05-09","2032-08-08",78428.30,Active
1683,13,Service Agreement,"2021-02-23","2032-08-09",19397.23,Active
1684,2,Service Agreement,"2021-06-04","2032-08-10",132782.33,Active
1685,20,Service Agreement,"2022-03-29","2032-08-11",112887.80,Active
1686,48,Fixed-Term,"2019-07-30","2032-08-12",11634.99,Active
1687,23,Security Provision,"2020-07-09","2032-08-13",145302.88,Active
1688,22,Consulting,"2019-08-24","2032-08-14",81340.53,Active
1689,21,Consulting,"2019-04-15","2032-08-15",87325.85,Active
1690,35,Service Agreement,"2021-08-21","2032-08-16",15597.47,Active
1691,33,Consulting,"2020-06-22","2032-08-17",144135.85,Pending
1692,48,Security Provision,"2020-01-28","2032-08-18",44436.93,Active
1693,5,Security Provision,"2019-03-29","2032-08-19",96334.41,Active
1694,5,Fixed-Term,"2018-10-05","2032-08-20",99739.65,Active
1695,25,Service Agreement,"2020-08-20","2032-08-21",12517.79,Active
1696,13,Fixed-Term,"2021-06-11","2032-08-22",50852.44,Pending
1697,2,Fixed-Term,"2021-09-10","2032-08-23",86109.25,Pending
1698,30,Fixed-Term,"2023-02-21","2032-08-24",56938.07,Active
1699,43,Service Agreement,"2019-08-09","2032-08-25",32972.63,Active
1700,28,Consulting,"2021-03-08","2032-08-26",13727.97,Active
1701,10,Security Provision,"2019-07-20","2032-08-27",142378.62,Active
1702,37,Fixed-Term,"2023-03-27","2032-08-28",76439.65,Active
1703,11,Security Provision,"2019-10-07","2032-08-29",71400.15,Active
1704,16,Security Provision,"2022-12-13","2032-08-30",111883.52,Completed
1705,45,Security Provision,"2020-06-06","2032-08-31",69717.29,Active
1706,29,Service Agreement,"2022-04-25","2032-09-01",91553.67,Pending
1707,35,Security Provision,"2020-07-28","2032-09-02",117931.42,Active
1708,49,Service Agreement,"2022-02-28","2032-09-03",30975.96,Completed
1709,47,Service Agreement,"2021-10-25","2032-09-04",53224.95,Active
1710,46,Security Provision,"2018-09-12","2032-09-05",14223.16,Pending
1711,31,Security Provision,"2022-12-31","2032-09-06",37126.62,Active
1712,1,Security Provision,"2021-11-04","2032-09-07",68624.35,Active
1713,29,Fixed-Term,"2020-05-05","2032-09-08",9252.98,Active
1714,7,Security Provision,"2020-12-08","2032-09-09",80201.50,Pending
1715,7,Security Provision,"2018-09-29","2032-09-10",47766.97,Active
1716,31,Consulting,"2020-01-09","2032-09-11",109776.76,Terminated
1717,46,Consulting,"2020-07-01","2032-09-12",136282.34,Active
1718,6,Service Agreement,"2022-08-25","2032-09-13",53066.14,Completed
1719,26,Consulting,"2019-02-27","2032-09-14",39232.79,Active
1720,38,Service Agreement,"2019-12-25","2032-09-15",39970.65,Active
1721,20,Security Provision,"2020-08-14","2032-09-16",46931.05,Completed
1722,43,Fixed-Term,"2021-07-30","2032-09-17",130123.89,Active
1723,11,Security Provision,"2021-05-02","2032-09-18",140763.66,Active
1724,46,Fixed-Term,"2023-01-21","2032-09-19",115090.17,Pending
1725,48,Fixed-Term,"2021-01-20","2032-09-20",107336.96,Active
1726,33,Consulting,"2020-10-07","2032-09-21",118113.80,Active
1727,7,Consulting,"2019-06-15","2032-09-22",82091.60,Pending
1728,37,Security Provision,"2022-04-28","2032-09-23",129039.61,Pending
1729,49,Security Provision,"2019-06-29","2032-09-24",40383.74,Pending
1730,44,Security Provision,"2018-09-11","2032-09-25",57885.32,Active
1731,39,Consulting,"2020-05-15","2032-09-26",126283.58,Completed
1732,19,Security Provision,"2023-02-23","2032-09-27",103419.04,Active
1733,32,Service Agreement,"2021-03-23","2032-09-28",112750.76,Active
1734,41,Fixed-Term,"2022-11-07","2032-09-29",66633.81,Active
1735,2,Security Provision,"2021-05-19","2032-09-30",119616.04,Active
1736,27,Security Provision,"2021-01-02","2032-10-01",23563.42,Active
1737,41,Service Agreement,"2019-03-26","2032-10-02",125079.50,Active
1738,26,Security Provision,"2020-09-28","2032-10-03",49748.48,Active
1739,37,Fixed-Term,"2019-03-16","2032-10-04",55507.70,Terminated
1740,47,Consulting,"2019-03-20","2032-10-05",38970.14,Active
1741,30,Service Agreement,"2018-12-30","2032-10-06",27471.88,Active
1742,9,Security Provision,"2018-08-08","2032-10-07",38686.35,Active
1743,35,Fixed-Term,"2020-07-04","2032-10-08",97080.47,Active
1744,32,Consulting,"2023-01-29","2032-10-09",137638.85,Completed
1745,6,Service Agreement,"2021-08-09","2032-10-10",108072.02,Pending
1746,44,Consulting,"2021-05-16","2032-10-11",104841.56,Active
1747,10,Security Provision,"2021-08-14","2032-10-12",34524.83,Active
1748,22,Service Agreement,"2022-02-08","2032-10-13",103352.22,Active
1749,31,Service Agreement,"2019-12-16","2032-10-14",108724.90,Active
1750,38,Security Provision,"2021-10-07","2032-10-15",73253.32,Active
1751,40,Fixed-Term,"2020-12-23","2032-10-16",37993.97,Active
1752,32,Service Agreement,"2022-11-01","2032-10-17",117053.24,Active
1753,24,Service Agreement,"2022-10-28","2032-10-18",52334.33,Active
1754,27,Service Agreement,"2018-11-03","2032-10-19",70736.46,Active
1755,36,Service Agreement,"2019-03-05","2032-10-20",34706.58,Active
1756,6,Fixed-Term,"2021-03-14","2032-10-21",58996.60,Active
1757,40,Service Agreement,"2018-12-13","2032-10-22",59041.83,Active
1758,31,Service Agreement,"2021-09-05","2032-10-23",140667.42,Active
1759,1,Service Agreement,"2020-05-17","2032-10-24",77602.18,Active
1760,36,Service Agreement,"2023-03-03","2032-10-25",47460.97,Active
1761,12,Consulting,"2020-02-28","2032-10-26",95822.18,Pending
1762,19,Consulting,"2021-02-11","2032-10-27",23750.56,Active
1763,9,Service Agreement,"2019-01-25","2032-10-28",85826.98,Active
1764,34,Security Provision,"2023-04-25","2032-10-29",67746.40,Pending
1765,5,Security Provision,"2021-02-14","2032-10-30",59351.33,Active
1766,22,Service Agreement,"2020-10-07","2032-10-31",134423.42,Completed
1767,23,Service Agreement,"2019-02-28","2032-11-01",5084.92,Active
1768,23,Consulting,"2019-07-27","2032-11-02",92090.19,Active
1769,26,Consulting,"2023-06-02","2032-11-03",63052.68,Active
1770,3,Service Agreement,"2022-11-14","2032-11-04",12132.56,Active
1771,16,Security Provision,"2018-08-22","2032-11-05",69647.10,Active
1772,21,Consulting,"2022-12-15","2032-11-06",58823.15,Active
1773,25,Service Agreement,"2020-05-31","2032-11-07",113515.45,Active
1774,19,Service Agreement,"2022-07-19","2032-11-08",22217.80,Active
1775,6,Security Provision,"2020-07-01","2032-11-09",13230.60,Active
1776,39,Consulting,"2020-11-18","2032-11-10",48669.16,Active
1777,27,Security Provision,"2020-02-29","2032-11-11",36781.84,Active
1778,15,Security Provision,"2021-09-24","2032-11-12",31536.21,Active
1779,7,Security Provision,"2022-04-13","2032-11-13",27145.75,Active
1780,39,Service Agreement,"2022-10-25","2032-11-14",69618.22,Active
1781,19,Service Agreement,"2021-01-27","2032-11-15",23483.38,Active
1782,8,Service Agreement,"2018-09-21","2032-11-16",119383.49,Active
1783,31,Consulting,"2020-04-14","2032-11-17",116390.77,Active
1784,22,Service Agreement,"2021-05-31","2032-11-18",131617.97,Active
1785,32,Fixed-Term,"2020-04-10","2032-11-19",5054.51,Completed
1786,31,Security Provision,"2022-07-03","2032-11-20",35015.95,Active
1787,14,Security Provision,"2023-03-15","2032-11-21",112555.82,Completed
1788,1,Service Agreement,"2021-07-29","2032-11-22",59112.02,Pending
1789,15,Consulting,"2022-02-05","2032-11-23",95732.50,Active
1790,43,Service Agreement,"2022-11-09","2032-11-24",87278.87,Active
1791,27,Service Agreement,"2020-11-23","2032-11-25",140044.96,Pending
1792,1,Service Agreement,"2019-02-21","2032-11-26",99181.79,Completed
1793,42,Security Provision,"2022-09-25","2032-11-27",109088.54,Active
1794,32,Fixed-Term,"2022-09-17","2032-11-28",73361.03,Active
1795,20,Service Agreement,"2019-05-31","2032-11-29",80028.91,Completed
1796,38,Security Provision,"2020-07-21","2032-11-30",145643.02,Active
1797,43,Service Agreement,"2020-07-04","2032-12-01",38049.80,Active
1798,30,Service Agreement,"2020-10-13","2032-12-02",90234.77,Active
1799,8,Consulting,"2023-05-01","2032-12-03",41855.47,Pending
1800,40,Security Provision,"2019-03-22","2032-12-04",137510.53,Completed
1801,25,Security Provision,"2021-12-27","2032-12-05",12574.29,Active
1802,20,Service Agreement,"2018-08-12","2032-12-06",60882.89,Terminated
1803,19,Service Agreement,"2022-12-28","2032-12-07",63516.72,Active
1804,47,Service Agreement,"2018-11-25","2032-12-08",133595.56,Active
1805,17,Consulting,"2020-12-26","2032-12-09",8140.84,Active
1806,1,Consulting,"2022-12-16","2032-12-10",24189.93,Active
1807,13,Consulting,"2019-09-27","2032-12-11",50458.57,Pending
1808,17,Security Provision,"2021-02-20","2032-12-12",87531.49,Active
1809,40,Security Provision,"2022-02-26","2032-12-13",50254.15,Active
1810,35,Security Provision,"2018-12-23","2032-12-14",61829.37,Active
1811,20,Service Agreement,"2022-01-10","2032-12-15",92510.77,Active
1812,3,Consulting,"2021-03-04","2032-12-16",21626.20,Active
1813,48,Fixed-Term,"2023-03-10","2032-12-17",129674.61,Active
1814,44,Fixed-Term,"2018-12-05","2032-12-18",70513.27,Active
1815,40,Consulting,"2021-06-24","2032-12-19",25697.43,Active
1816,30,Security Provision,"2022-05-10","2032-12-20",106101.98,Active
1817,17,Service Agreement,"2023-04-13","2032-12-21",37886.28,Terminated
1818,21,Service Agreement,"2022-08-04","2032-12-22",94872.49,Active
1819,10,Service Agreement,"2021-02-28","2032-12-23",135396.48,Terminated
1820,23,Consulting,"2020-10-14","2032-12-24",24749.48,Active
1821,16,Security Provision,"2018-09-10","2032-12-25",91582.27,Active
1822,49,Service Agreement,"2022-12-16","2032-12-26",33146.66,Active
1823,5,Service Agreement,"2018-09-28","2032-12-27",51552.91,Active
1824,4,Service Agreement,"2022-03-08","2032-12-28",22017.50,Active
1825,12,Security Provision,"2022-01-12","2032-12-29",131861.32,Active
1826,21,Fixed-Term,"2020-12-08","2032-12-30",6778.57,Terminated
1827,4,Security Provision,"2020-11-17","2032-12-31",45385.42,Completed
1828,12,Security Provision,"2021-01-18","2033-01-01",55174.18,Active
1829,15,Service Agreement,"2020-09-15","2033-01-02",70125.06,Active
1830,28,Consulting,"2019-12-11","2033-01-03",145153.11,Active
1831,26,Security Provision,"2021-04-29","2033-01-04",61727.01,Active
1832,6,Service Agreement,"2021-04-03","2033-01-05",21861.11,Pending
1833,24,Service Agreement,"2022-02-01","2033-01-06",111177.06,Active
1834,16,Security Provision,"2020-01-17","2033-01-07",50865.16,Active
1835,1,Service Agreement,"2022-06-01","2033-01-08",73040.08,Active
1836,40,Consulting,"2019-03-17","2033-01-09",144957.84,Active
1837,12,Service Agreement,"2020-01-07","2033-01-10",29278.84,Active
1838,34,Service Agreement,"2021-02-24","2033-01-11",30334.64,Active
1839,39,Fixed-Term,"2019-12-30","2033-01-12",139667.35,Active
1840,2,Consulting,"2020-05-12","2033-01-13",108865.26,Active
1841,47,Security Provision,"2023-04-04","2033-01-14",93826.57,Pending
1842,38,Service Agreement,"2021-01-04","2033-01-15",46415.60,Completed
1843,5,Fixed-Term,"2020-04-28","2033-01-16",81394.06,Active
1844,49,Consulting,"2019-04-16","2033-01-17",119267.63,Pending
1845,37,Fixed-Term,"2022-07-09","2033-01-18",133805.25,Active
1846,31,Service Agreement,"2022-08-29","2033-01-19",5831.72,Pending
1847,19,Consulting,"2020-01-26","2033-01-20",75023.56,Active
1848,39,Service Agreement,"2020-02-18","2033-01-21",51296.97,Active
1849,34,Security Provision,"2022-01-25","2033-01-22",67615.53,Active
1850,44,Security Provision,"2023-07-10","2033-01-23",25140.53,Active
1851,36,Consulting,"2022-04-14","2033-01-24",24435.87,Active
1852,29,Security Provision,"2022-07-10","2033-01-25",39994.91,Active
1853,41,Service Agreement,"2022-06-27","2033-01-26",79420.80,Completed
1854,9,Consulting,"2018-12-04","2033-01-27",67299.91,Completed
1855,44,Service Agreement,"2019-09-10","2033-01-28",79235.53,Active
1856,40,Consulting,"2019-04-25","2033-01-29",89803.67,Active
1857,24,Consulting,"2018-10-03","2033-01-30",65822.59,Active
1858,5,Security Provision,"2022-06-14","2033-01-31",42329.49,Completed
1859,33,Service Agreement,"2022-02-15","2033-02-01",87524.23,Active
1860,5,Service Agreement,"2018-09-24","2033-02-02",90494.50,Active
1861,25,Service Agreement,"2022-03-09","2033-02-03",130956.00,Active
1862,27,Service Agreement,"2018-11-07","2033-02-04",147397.46,Active
1863,44,Service Agreement,"2019-08-31","2033-02-05",11935.09,Active
1864,19,Service Agreement,"2020-11-27","2033-02-06",74386.73,Active
1865,10,Service Agreement,"2020-07-07","2033-02-07",39956.87,Pending
1866,33,Security Provision,"2020-01-11","2033-02-08",136702.59,Active
1867,46,Consulting,"2020-06-15","2033-02-09",120681.52,Active
1868,20,Consulting,"2020-10-10","2033-02-10",30054.77,Active
1869,19,Service Agreement,"2022-05-19","2033-02-11",101883.60,Active
1870,29,Service Agreement,"2021-08-25","2033-02-12",79942.98,Completed
1871,5,Consulting,"2018-12-18","2033-02-13",48816.90,Completed
1872,16,Consulting,"2023-08-05","2033-02-14",133040.10,Active
1873,35,Consulting,"2022-04-13","2033-02-15",27187.67,Active
1874,7,Security Provision,"2020-09-26","2033-02-16",69401.69,Active
1875,47,Security Provision,"2021-02-12","2033-02-17",60986.61,Active
1876,30,Consulting,"2019-01-02","2033-02-18",38145.86,Active
1877,22,Security Provision,"2019-10-26","2033-02-19",22304.30,Active
1878,35,Security Provision,"2021-04-11","2033-02-20",17674.05,Active
1879,10,Service Agreement,"2019-12-11","2033-02-21",95033.48,Completed
1880,18,Service Agreement,"2020-10-21","2033-02-22",51329.17,Active
1881,42,Consulting,"2020-05-08","2033-02-23",71593.76,Active
1882,49,Fixed-Term,"2022-05-24","2033-02-24",137819.33,Active
1883,20,Service Agreement,"2019-06-05","2033-02-25",88326.59,Active
1884,7,Security Provision,"2022-04-21","2033-02-26",30519.60,Active
1885,26,Security Provision,"2019-12-10","2033-02-27",70247.36,Active
1886,44,Service Agreement,"2019-11-26","2033-02-28",58102.54,Active
1887,30,Security Provision,"2021-09-13","2033-03-01",16658.68,Active
1888,30,Service Agreement,"2019-08-19","2033-03-02",8338.61,Active
1889,47,Service Agreement,"2022-06-12","2033-03-03",90344.35,Completed
1890,3,Service Agreement,"2021-07-21","2033-03-04",145177.32,Active
1891,47,Security Provision,"2020-11-13","2033-03-05",148429.41,Pending
1892,41,Service Agreement,"2022-02-20","2033-03-06",21841.41,Active
1893,43,Consulting,"2019-03-28","2033-03-07",102953.71,Active
1894,20,Consulting,"2022-10-26","2033-03-08",121241.32,Active
1895,30,Security Provision,"2023-05-10","2033-03-09",15780.31,Active
1896,16,Service Agreement,"2022-09-01","2033-03-10",86489.30,Pending
1897,31,Security Provision,"2021-04-21","2033-03-11",19453.91,Active
1898,30,Security Provision,"2021-07-23","2033-03-12",148192.19,Completed
1899,46,Service Agreement,"2020-12-29","2033-03-13",95731.64,Active
1900,45,Fixed-Term,"2022-08-08","2033-03-14",121766.95,Active
1901,14,Security Provision,"2020-07-30","2033-03-15",60801.48,Active
1902,21,Consulting,"2019-03-18","2033-03-16",99791.78,Active
1903,3,Service Agreement,"2019-07-25","2033-03-17",70735.79,Active
1904,6,Consulting,"2021-10-16","2033-03-18",58697.04,Active
1905,18,Consulting,"2019-12-06","2033-03-19",57288.16,Active
1906,39,Security Provision,"2019-06-29","2033-03-20",25521.50,Active
1907,40,Service Agreement,"2019-04-03","2033-03-21",142047.64,Active
1908,30,Service Agreement,"2021-07-21","2033-03-22",133880.95,Active
1909,2,Security Provision,"2022-07-27","2033-03-23",30999.80,Pending
1910,7,Service Agreement,"2019-10-06","2033-03-24",27719.06,Active
1911,21,Fixed-Term,"2021-04-16","2033-03-25",28089.66,Active
1912,43,Service Agreement,"2018-10-10","2033-03-26",132406.17,Active
1913,26,Consulting,"2022-07-25","2033-03-27",18690.49,Completed
1914,40,Fixed-Term,"2021-03-17","2033-03-28",43982.25,Active
1915,15,Fixed-Term,"2018-10-13","2033-03-29",7176.58,Pending
1916,5,Consulting,"2020-01-09","2033-03-30",28331.00,Active
1917,36,Consulting,"2019-09-18","2033-03-31",122880.91,Active
1918,29,Service Agreement,"2019-10-26","2033-04-01",56888.22,Completed
1919,31,Security Provision,"2020-09-14","2033-04-02",28343.07,Terminated
1920,3,Security Provision,"2023-04-09","2033-04-03",70623.36,Active
1921,2,Service Agreement,"2019-10-25","2033-04-04",64586.49,Pending
1922,35,Service Agreement,"2022-06-25","2033-04-05",56429.53,Active
1923,25,Consulting,"2023-01-26","2033-04-06",21964.81,Active
1924,34,Security Provision,"2020-02-19","2033-04-07",86354.69,Active
1925,47,Fixed-Term,"2019-12-24","2033-04-08",45180.55,Active
1926,20,Fixed-Term,"2020-10-16","2033-04-09",77590.43,Terminated
1927,1,Security Provision,"2018-09-07","2033-04-10",134633.38,Active
1928,4,Service Agreement,"2022-01-07","2033-04-11",11731.51,Terminated
1929,32,Security Provision,"2019-03-25","2033-04-12",48267.35,Active
1930,40,Service Agreement,"2021-11-18","2033-04-13",106516.14,Active
1931,12,Security Provision,"2022-12-31","2033-04-14",146845.40,Active
1932,36,Consulting,"2020-05-14","2033-04-15",66900.10,Completed
1933,12,Security Provision,"2020-12-13","2033-04-16",147070.51,Active
1934,8,Consulting,"2021-11-16","2033-04-17",47267.27,Active
1935,9,Consulting,"2022-12-01","2033-04-18",52237.53,Active
1936,41,Consulting,"2020-10-30","2033-04-19",111885.49,Active
1937,10,Consulting,"2021-02-08","2033-04-20",125777.42,Pending
1938,28,Security Provision,"2019-08-05","2033-04-21",77077.26,Active
1939,2,Security Provision,"2018-11-29","2033-04-22",96787.49,Active
1940,27,Consulting,"2018-11-16","2033-04-23",149131.84,Active
1941,5,Service Agreement,"2020-08-23","2033-04-24",41735.46,Completed
1942,7,Security Provision,"2020-08-22","2033-04-25",134378.18,Pending
1943,42,Service Agreement,"2021-10-19","2033-04-26",16590.11,Pending
1944,11,Service Agreement,"2020-02-21","2033-04-27",37581.83,Completed
1945,9,Security Provision,"2022-11-21","2033-04-28",99948.44,Active
1946,18,Security Provision,"2019-08-05","2033-04-29",52854.78,Pending
1947,13,Security Provision,"2020-11-05","2033-04-30",56614.39,Active
1948,14,Consulting,"2021-06-12","2033-05-01",134998.70,Active
1949,20,Consulting,"2018-09-13","2033-05-02",130373.44,Active
1950,19,Service Agreement,"2023-04-09","2033-05-03",25697.69,Active
1951,38,Service Agreement,"2021-01-09","2033-05-04",106443.55,Active
1952,30,Service Agreement,"2020-03-23","2033-05-05",115357.89,Completed
1953,39,Security Provision,"2019-10-19","2033-05-06",92923.82,Active
1954,5,Security Provision,"2023-07-02","2033-05-07",73991.69,Active
1955,36,Security Provision,"2019-08-29","2033-05-08",146804.20,Active
1956,28,Service Agreement,"2023-07-17","2033-05-09",138816.52,Active
1957,27,Consulting,"2020-02-02","2033-05-10",146919.40,Active
1958,15,Consulting,"2021-10-14","2033-05-11",135066.80,Active
1959,31,Consulting,"2020-04-10","2033-05-12",146198.38,Active
1960,5,Security Provision,"2018-12-14","2033-05-13",146304.67,Completed
1961,47,Consulting,"2022-06-27","2033-05-14",62339.24,Active
1962,13,Security Provision,"2020-09-07","2033-05-15",51891.98,Active
1963,16,Service Agreement,"2019-11-03","2033-05-16",148640.51,Active
1964,14,Consulting,"2020-05-15","2033-05-17",23383.39,Completed
1965,41,Service Agreement,"2023-04-28","2033-05-18",24819.92,Active
1966,37,Service Agreement,"2019-08-05","2033-05-19",70901.64,Active
1967,40,Fixed-Term,"2018-12-05","2033-05-20",144928.78,Terminated
1968,14,Security Provision,"2022-04-25","2033-05-21",97120.30,Active
1969,15,Security Provision,"2019-12-10","2033-05-22",40921.80,Active
1970,21,Consulting,"2022-06-30","2033-05-23",131390.83,Active
1971,17,Service Agreement,"2018-09-19","2033-05-24",50643.75,Pending
1972,12,Consulting,"2019-07-08","2033-05-25",92222.37,Active
1973,34,Consulting,"2023-05-25","2033-05-26",141435.46,Active
1974,15,Consulting,"2018-11-03","2033-05-27",117904.06,Active
1975,24,Consulting,"2022-11-09","2033-05-28",143853.67,Active
1976,3,Service Agreement,"2022-04-14","2033-05-29",110273.45,Active
1977,5,Service Agreement,"2020-08-06","2033-05-30",146385.55,Completed
1978,20,Fixed-Term,"2019-06-26","2033-05-31",26626.19,Active
1979,21,Service Agreement,"2020-09-13","2033-06-01",92551.75,Active
1980,34,Security Provision,"2018-11-13","2033-06-02",39005.00,Active
1981,25,Service Agreement,"2019-10-06","2033-06-03",13602.00,Active
1982,49,Consulting,"2021-09-15","2033-06-04",126531.50,Active
1983,45,Service Agreement,"2020-02-06","2033-06-05",21583.92,Active
1984,48,Security Provision,"2022-10-21","2033-06-06",44108.91,Pending
1985,6,Service Agreement,"2022-10-11","2033-06-07",31024.11,Active
1986,48,Fixed-Term,"2022-01-30","2033-06-08",39336.19,Active
1987,18,Security Provision,"2022-07-27","2033-06-09",5729.87,Active
1988,24,Consulting,"2022-05-26","2033-06-10",40565.00,Active
1989,43,Service Agreement,"2021-02-08","2033-06-11",37499.26,Active
1990,27,Service Agreement,"2022-06-06","2033-06-12",71496.67,Active
1991,1,Service Agreement,"2021-02-27","2033-06-13",26290.51,Active
1992,26,Security Provision,"2022-01-26","2033-06-14",82464.18,Pending
1993,20,Service Agreement,"2020-04-01","2033-06-15",109218.02,Pending
1994,26,Service Agreement,"2020-06-03","2033-06-16",29140.97,Active
1995,38,Security Provision,"2021-11-20","2033-06-17",130730.85,Active
1996,17,Service Agreement,"2021-12-21","2033-06-18",106069.84,Active
1997,43,Service Agreement,"2018-10-10","2033-06-19",107625.18,Pending
1998,36,Consulting,"2019-02-26","2033-06-20",94086.58,Active
1999,29,Security Provision,"2022-06-19","2033-06-21",35678.93,Active
2000,27,Consulting,"2020-07-20","2033-06-22",50245.66,Active
2001,14,Security Provision,"2020-01-17","2033-06-23",121862.48,Active
2002,30,Service Agreement,"2021-06-04","2033-06-24",122578.36,Active
2003,13,Security Provision,"2019-04-19","2033-06-25",5269.51,Active
2004,18,Service Agreement,"2018-11-17","2033-06-26",70904.15,Active
2005,37,Service Agreement,"2022-08-18","2033-06-27",11422.07,Active
2006,34,Service Agreement,"2023-02-10","2033-06-28",114497.97,Active
2007,46,Consulting,"2020-04-22","2033-06-29",31012.82,Active
2008,14,Service Agreement,"2023-01-14","2033-06-30",27822.94,Terminated
2009,4,Consulting,"2023-03-13","2033-07-01",92131.29,Active
2010,5,Security Provision,"2022-12-30","2033-07-02",84525.55,Active
2011,38,Security Provision,"2020-06-04","2033-07-03",55756.26,Active
2012,8,Fixed-Term,"2022-03-13","2033-07-04",11063.41,Active
2013,14,Security Provision,"2021-08-21","2033-07-05",80912.96,Active
2014,47,Consulting,"2021-05-15","2033-07-06",18456.79,Active
2015,11,Fixed-Term,"2021-07-14","2033-07-07",96453.55,Active
2016,46,Consulting,"2023-01-31","2033-07-08",18696.68,Completed
2017,22,Security Provision,"2020-07-27","2033-07-09",26671.43,Active
2018,14,Service Agreement,"2023-04-16","2033-07-10",118931.10,Active
2019,27,Security Provision,"2019-12-30","2033-07-11",139008.35,Active
2020,40,Fixed-Term,"2021-12-06","2033-07-12",137813.23,Completed
2021,35,Security Provision,"2020-02-02","2033-07-13",18862.14,Pending
2022,10,Consulting,"2020-10-23","2033-07-14",100736.38,Active
2023,5,Service Agreement,"2020-04-29","2033-07-15",93342.67,Active
2024,9,Security Provision,"2022-08-18","2033-07-16",145292.80,Active
2025,32,Service Agreement,"2020-09-08","2033-07-17",132541.62,Active
2026,19,Security Provision,"2022-10-14","2033-07-18",141580.04,Terminated
2027,27,Service Agreement,"2023-05-13","2033-07-19",104660.35,Active
2028,38,Security Provision,"2021-02-28","2033-07-20",132121.34,Pending
2029,17,Service Agreement,"2020-03-03","2033-07-21",135875.52,Active
2030,33,Service Agreement,"2021-11-29","2033-07-22",141546.76,Active
2031,28,Consulting,"2018-08-24","2033-07-23",147689.20,Active
2032,49,Fixed-Term,"2020-10-21","2033-07-24",6527.23,Active
2033,38,Consulting,"2020-12-15","2033-07-25",103489.92,Active
2034,21,Security Provision,"2018-09-05","2033-07-26",11319.30,Active
2035,48,Security Provision,"2021-09-27","2033-07-27",118345.39,Active
2036,47,Security Provision,"2020-01-09","2033-07-28",44370.35,Active
2037,44,Security Provision,"2018-12-06","2033-07-29",108348.47,Active
2038,32,Security Provision,"2022-08-11","2033-07-30",20543.76,Active
2039,6,Security Provision,"2020-04-13","2033-07-31",136157.47,Active
2040,47,Security Provision,"2021-11-14","2033-08-01",34233.14,Active
2041,27,Service Agreement,"2022-03-17","2033-08-02",31809.90,Active
2042,10,Service Agreement,"2019-05-06","2033-08-03",48639.42,Active
2043,28,Security Provision,"2021-11-27","2033-08-04",43074.41,Active
2044,34,Consulting,"2021-02-09","2033-08-05",110525.41,Pending
2045,22,Service Agreement,"2022-01-06","2033-08-06",14391.60,Active
2046,18,Security Provision,"2023-07-28","2033-08-07",99685.05,Active
2047,46,Service Agreement,"2021-03-27","2033-08-08",22079.67,Active
2048,18,Consulting,"2023-03-12","2033-08-09",62388.67,Active
2049,48,Consulting,"2022-10-05","2033-08-10",17055.35,Pending
2050,43,Fixed-Term,"2021-10-01","2033-08-11",9611.92,Terminated
2051,48,Service Agreement,"2022-01-31","2033-08-12",139822.57,Active
2052,8,Service Agreement,"2020-06-01","2033-08-13",112680.80,Active
2053,45,Consulting,"2023-04-18","2033-08-14",28413.70,Active
2054,10,Service Agreement,"2020-07-25","2033-08-15",115602.24,Terminated
2055,19,Consulting,"2018-12-12","2033-08-16",70581.65,Active
2056,45,Security Provision,"2018-09-01","2033-08-17",90073.58,Active
2057,41,Consulting,"2019-11-24","2033-08-18",30374.29,Active
2058,6,Service Agreement,"2021-12-26","2033-08-19",106691.82,Active
2059,5,Security Provision,"2020-03-04","2033-08-20",27940.53,Active
2060,17,Service Agreement,"2020-05-03","2033-08-21",115696.14,Active
2061,46,Consulting,"2019-07-20","2033-08-22",134993.67,Terminated
2062,36,Service Agreement,"2022-05-26","2033-08-23",117233.52,Active
2063,47,Service Agreement,"2021-07-24","2033-08-24",31450.03,Pending
2064,8,Security Provision,"2021-09-27","2033-08-25",85590.86,Pending
2065,30,Service Agreement,"2019-04-07","2033-08-26",124740.67,Active
2066,40,Security Provision,"2019-07-20","2033-08-27",19212.52,Completed
2067,49,Security Provision,"2022-12-03","2033-08-28",74858.56,Active
2068,24,Service Agreement,"2020-04-04","2033-08-29",109224.70,Active
2069,40,Service Agreement,"2020-03-08","2033-08-30",117809.47,Active
2070,10,Security Provision,"2020-09-28","2033-08-31",22997.08,Pending
2071,33,Fixed-Term,"2021-07-14","2033-09-01",106290.77,Active
2072,35,Security Provision,"2019-10-17","2033-09-02",55045.61,Active
2073,47,Service Agreement,"2023-04-08","2033-09-03",86181.72,Active
2074,39,Fixed-Term,"2019-07-25","2033-09-04",77849.61,Active
2075,47,Security Provision,"2022-12-25","2033-09-05",76492.08,Active
2076,2,Service Agreement,"2019-01-27","2033-09-06",109489.80,Active
2077,47,Service Agreement,"2021-12-26","2033-09-07",8831.35,Active
2078,21,Consulting,"2023-01-12","2033-09-08",85316.99,Terminated
2079,31,Security Provision,"2019-07-02","2033-09-09",131628.87,Active
2080,13,Security Provision,"2022-06-30","2033-09-10",66778.10,Active
2081,40,Security Provision,"2023-01-05","2033-09-11",106957.63,Active
2082,4,Service Agreement,"2018-11-18","2033-09-12",30514.85,Active
2083,45,Service Agreement,"2020-09-21","2033-09-13",49728.40,Pending
2084,2,Security Provision,"2019-11-25","2033-09-14",59987.68,Active
2085,23,Consulting,"2021-02-05","2033-09-15",90446.52,Active
2086,32,Security Provision,"2023-04-16","2033-09-16",74924.88,Active
2087,40,Security Provision,"2021-08-19","2033-09-17",41373.22,Active
2088,1,Consulting,"2022-01-14","2033-09-18",127997.12,Active
2089,47,Service Agreement,"2018-09-11","2033-09-19",112193.89,Active
2090,42,Security Provision,"2022-02-18","2033-09-20",92588.04,Active
2091,27,Security Provision,"2019-12-01","2033-09-21",139994.10,Active
2092,27,Consulting,"2021-02-28","2033-09-22",68289.14,Active
2093,1,Security Provision,"2021-11-13","2033-09-23",136260.59,Active
2094,17,Consulting,"2020-09-27","2033-09-24",45005.43,Active
2095,20,Security Provision,"2022-09-03","2033-09-25",7533.47,Active
2096,41,Security Provision,"2020-10-09","2033-09-26",130841.92,Active
2097,23,Service Agreement,"2021-11-06","2033-09-27",139971.59,Active
2098,8,Security Provision,"2023-06-24","2033-09-28",143298.49,Active
2099,36,Consulting,"2021-09-15","2033-09-29",113835.08,Active
2100,13,Service Agreement,"2022-10-14","2033-09-30",101679.43,Active
2101,28,Fixed-Term,"2019-07-22","2033-10-01",79346.77,Terminated
2102,36,Consulting,"2023-03-20","2033-10-02",115614.15,Completed
2103,18,Service Agreement,"2022-05-02","2033-10-03",13323.23,Active
2104,14,Security Provision,"2022-10-20","2033-10-04",138237.87,Pending
2105,30,Consulting,"2023-07-24","2033-10-05",14041.85,Active
2106,46,Security Provision,"2020-07-18","2033-10-06",125632.85,Active
2107,28,Security Provision,"2021-05-05","2033-10-07",40282.46,Active
2108,33,Service Agreement,"2019-04-15","2033-10-08",16337.19,Active
2109,38,Consulting,"2020-08-24","2033-10-09",14013.27,Active
2110,42,Consulting,"2022-12-31","2033-10-10",95797.05,Active
2111,15,Consulting,"2022-09-18","2033-10-11",138934.20,Active
2112,31,Service Agreement,"2019-09-14","2033-10-12",117979.52,Active
2113,44,Consulting,"2019-03-19","2033-10-13",104291.18,Active
2114,47,Service Agreement,"2022-10-18","2033-10-14",23804.74,Active
2115,23,Service Agreement,"2022-07-31","2033-10-15",59043.07,Active
2116,14,Security Provision,"2023-03-06","2033-10-16",95444.32,Completed
2117,14,Security Provision,"2019-01-30","2033-10-17",33547.98,Active
2118,7,Service Agreement,"2023-05-22","2033-10-18",77840.65,Active
2119,6,Security Provision,"2018-12-22","2033-10-19",33220.33,Active
2120,4,Service Agreement,"2022-11-08","2033-10-20",88314.14,Active
2121,49,Consulting,"2021-07-03","2033-10-21",100736.92,Pending
2122,1,Service Agreement,"2018-11-14","2033-10-22",42284.73,Active
2123,25,Security Provision,"2021-09-18","2033-10-23",97320.07,Terminated
2124,44,Fixed-Term,"2020-11-19","2033-10-24",24712.16,Active
2125,6,Security Provision,"2023-05-04","2033-10-25",39589.41,Active
2126,29,Service Agreement,"2023-01-21","2033-10-26",74945.84,Active
2127,10,Consulting,"2022-08-19","2033-10-27",69790.35,Active
2128,12,Security Provision,"2022-07-18","2033-10-28",29559.13,Active
2129,27,Service Agreement,"2019-08-14","2033-10-29",56963.29,Active
2130,44,Security Provision,"2020-12-10","2033-10-30",70356.24,Completed
2131,19,Consulting,"2019-09-20","2033-10-31",120070.06,Active
2132,42,Service Agreement,"2021-11-19","2033-11-01",75754.35,Active
2133,47,Security Provision,"2022-04-29","2033-11-02",33218.31,Active
2134,39,Fixed-Term,"2021-06-30","2033-11-03",119862.85,Active
2135,8,Security Provision,"2021-07-15","2033-11-04",6263.02,Pending
2136,49,Security Provision,"2021-04-12","2033-11-05",102360.32,Active
2137,44,Security Provision,"2020-12-08","2033-11-06",86148.96,Active
2138,22,Security Provision,"2019-10-31","2033-11-07",109142.23,Active
2139,44,Service Agreement,"2020-01-22","2033-11-08",92843.54,Active
2140,19,Fixed-Term,"2022-09-20","2033-11-09",65761.49,Active
2141,9,Security Provision,"2022-12-22","2033-11-10",133258.01,Terminated
2142,32,Consulting,"2019-03-12","2033-11-11",70398.91,Active
2143,20,Fixed-Term,"2021-10-07","2033-11-12",87617.19,Pending
2144,11,Security Provision,"2019-06-16","2033-11-13",139746.70,Completed
2145,26,Security Provision,"2021-03-17","2033-11-14",89906.91,Active
2146,38,Security Provision,"2022-08-07","2033-11-15",134830.79,Active
2147,38,Consulting,"2020-01-17","2033-11-16",110194.05,Active
2148,14,Consulting,"2022-06-11","2033-11-17",7165.14,Active
2149,13,Fixed-Term,"2021-03-03","2033-11-18",37841.76,Active
2150,32,Consulting,"2020-04-16","2033-11-19",31421.12,Active
2151,11,Consulting,"2022-09-22","2033-11-20",51602.28,Completed
2152,13,Security Provision,"2023-05-30","2033-11-21",140823.45,Active
2153,2,Security Provision,"2021-01-14","2033-11-22",148778.60,Active
2154,2,Service Agreement,"2020-04-29","2033-11-23",25293.96,Active
2155,30,Consulting,"2021-07-07","2033-11-24",47021.92,Active
2156,7,Security Provision,"2020-07-28","2033-11-25",119471.11,Pending
2157,28,Service Agreement,"2020-09-16","2033-11-26",57724.76,Active
2158,25,Consulting,"2023-04-23","2033-11-27",125550.72,Active
2159,14,Service Agreement,"2021-06-04","2033-11-28",83083.04,Active
2160,12,Service Agreement,"2020-04-15","2033-11-29",65816.23,Active
2161,48,Fixed-Term,"2019-09-04","2033-11-30",24682.30,Active
2162,11,Consulting,"2020-08-18","2033-12-01",5951.70,Active
2163,28,Fixed-Term,"2020-12-05","2033-12-02",23021.51,Active
2164,37,Service Agreement,"2023-01-13","2033-12-03",149666.37,Active
2165,49,Security Provision,"2019-09-17","2033-12-04",101391.48,Active
2166,7,Consulting,"2020-10-15","2033-12-05",70372.05,Terminated
2167,16,Service Agreement,"2018-12-01","2033-12-06",58612.95,Active
2168,47,Service Agreement,"2023-07-24","2033-12-07",126147.38,Active
2169,35,Consulting,"2019-10-08","2033-12-08",84506.80,Active
2170,48,Security Provision,"2021-10-16","2033-12-09",131200.66,Active
2171,16,Service Agreement,"2020-04-03","2033-12-10",117102.74,Active
2172,37,Service Agreement,"2020-01-08","2033-12-11",98234.47,Active
2173,18,Service Agreement,"2022-03-27","2033-12-12",73384.40,Active
2174,32,Service Agreement,"2018-09-18","2033-12-13",55266.59,Pending
2175,27,Service Agreement,"2019-11-29","2033-12-14",19289.89,Active
2176,3,Consulting,"2019-04-16","2033-12-15",20600.00,Active
2177,24,Security Provision,"2019-03-05","2033-12-16",142174.26,Completed
2178,33,Security Provision,"2018-12-20","2033-12-17",10883.34,Active
2179,37,Consulting,"2021-03-08","2033-12-18",96739.69,Active
2180,31,Security Provision,"2020-10-23","2033-12-19",116467.08,Active
2181,45,Fixed-Term,"2019-03-29","2033-12-20",33105.12,Active
2182,34,Consulting,"2020-10-25","2033-12-21",83548.68,Terminated
2183,10,Service Agreement,"2019-12-06","2033-12-22",28012.45,Active
2184,23,Security Provision,"2022-09-23","2033-12-23",30940.03,Active
2185,31,Service Agreement,"2019-12-26","2033-12-24",91467.90,Completed
2186,15,Security Provision,"2018-08-27","2033-12-25",77487.94,Pending
2187,48,Security Provision,"2022-12-12","2033-12-26",89148.31,Completed
2188,22,Fixed-Term,"2021-05-13","2033-12-27",58407.61,Terminated
2189,34,Consulting,"2021-03-31","2033-12-28",80712.07,Active
2190,19,Service Agreement,"2019-08-14","2033-12-29",66876.20,Active
2191,16,Security Provision,"2020-08-02","2033-12-30",32517.87,Active
2192,16,Service Agreement,"2019-06-04","2033-12-31",39144.56,Active
2193,40,Service Agreement,"2020-06-17","2034-01-01",74660.31,Pending
2194,46,Security Provision,"2021-03-04","2034-01-02",89192.81,Active
2195,31,Consulting,"2018-09-14","2034-01-03",34293.78,Pending
2196,34,Consulting,"2020-07-20","2034-01-04",22961.54,Pending
2197,15,Consulting,"2020-05-21","2034-01-05",133560.40,Active
2198,35,Service Agreement,"2023-06-11","2034-01-06",116965.08,Active
2199,9,Security Provision,"2022-11-27","2034-01-07",52129.52,Active
2200,14,Service Agreement,"2020-03-02","2034-01-08",11398.30,Active
2201,29,Consulting,"2023-01-29","2034-01-09",133877.41,Completed
2202,33,Security Provision,"2021-12-07","2034-01-10",124272.37,Active
2203,36,Consulting,"2023-03-19","2034-01-11",119498.12,Active
2204,2,Service Agreement,"2022-06-10","2034-01-12",126091.46,Active
2205,37,Service Agreement,"2021-03-03","2034-01-13",78416.43,Completed
2206,46,Security Provision,"2022-03-06","2034-01-14",140134.34,Active
2207,45,Service Agreement,"2022-08-08","2034-01-15",13405.31,Active
2208,1,Service Agreement,"2023-03-12","2034-01-16",142425.86,Active
2209,28,Service Agreement,"2019-05-01","2034-01-17",35750.92,Active
2210,17,Service Agreement,"2018-09-13","2034-01-18",13099.80,Active
2211,41,Security Provision,"2022-11-16","2034-01-19",119524.91,Active
2212,21,Service Agreement,"2021-11-20","2034-01-20",88565.63,Active
2213,38,Security Provision,"2020-09-29","2034-01-21",57376.67,Completed
2214,29,Consulting,"2021-08-28","2034-01-22",35847.24,Active
2215,30,Consulting,"2021-04-28","2034-01-23",101596.05,Active
2216,46,Service Agreement,"2022-06-15","2034-01-24",145275.07,Completed
2217,17,Service Agreement,"2022-04-15","2034-01-25",140307.89,Active
2218,12,Service Agreement,"2020-07-19","2034-01-26",27352.14,Active
2219,41,Security Provision,"2020-07-02","2034-01-27",138580.04,Active
2220,40,Fixed-Term,"2019-08-04","2034-01-28",82040.85,Active
2221,12,Security Provision,"2019-01-09","2034-01-29",125548.63,Pending
2222,41,Service Agreement,"2022-10-01","2034-01-30",122822.23,Active
2223,28,Service Agreement,"2020-09-28","2034-01-31",121760.69,Completed
2224,18,Service Agreement,"2018-11-15","2034-02-01",140918.64,Active
2225,22,Consulting,"2020-11-24","2034-02-02",28239.02,Terminated
2226,10,Service Agreement,"2023-07-09","2034-02-03",131098.93,Active
2227,39,Service Agreement,"2023-04-20","2034-02-04",113761.90,Active
2228,8,Service Agreement,"2019-08-22","2034-02-05",70441.47,Active
2229,33,Consulting,"2022-08-02","2034-02-06",145967.55,Active
2230,35,Security Provision,"2018-10-31","2034-02-07",10740.60,Active
2231,8,Security Provision,"2021-11-23","2034-02-08",28843.48,Active
2232,43,Security Provision,"2023-07-01","2034-02-09",38625.10,Completed
2233,5,Service Agreement,"2022-07-18","2034-02-10",65330.56,Active
2234,34,Fixed-Term,"2019-08-09","2034-02-11",105497.64,Active
2235,25,Consulting,"2021-07-06","2034-02-12",25421.56,Pending
2236,39,Consulting,"2021-02-02","2034-02-13",29791.28,Active
2237,29,Consulting,"2023-01-06","2034-02-14",71597.03,Active
2238,45,Security Provision,"2021-11-13","2034-02-15",142989.31,Active
2239,43,Consulting,"2020-03-15","2034-02-16",135536.23,Active
2240,3,Consulting,"2018-11-07","2034-02-17",147774.82,Active
2241,16,Service Agreement,"2019-10-03","2034-02-18",104516.86,Active
2242,26,Security Provision,"2022-08-12","2034-02-19",37062.88,Active
2243,3,Service Agreement,"2018-12-22","2034-02-20",125754.03,Active
2244,43,Consulting,"2021-03-27","2034-02-21",23662.63,Active
2245,33,Service Agreement,"2022-07-18","2034-02-22",14341.33,Active
2246,29,Service Agreement,"2020-04-09","2034-02-23",134966.23,Active
2247,10,Fixed-Term,"2022-01-07","2034-02-24",145872.52,Active
2248,1,Service Agreement,"2022-07-15","2034-02-25",50332.23,Active
2249,7,Service Agreement,"2020-11-29","2034-02-26",146252.19,Active
2250,45,Security Provision,"2019-03-20","2034-02-27",17793.08,Active
2251,1,Service Agreement,"2019-03-16","2034-02-28",21544.32,Active
2252,29,Service Agreement,"2021-05-30","2034-03-01",85455.46,Pending
2253,2,Fixed-Term,"2022-11-17","2034-03-02",11931.39,Active
2254,19,Consulting,"2020-12-25","2034-03-03",92401.04,Active
2255,8,Consulting,"2020-06-16","2034-03-04",147572.78,Terminated
2256,6,Consulting,"2020-07-28","2034-03-05",127362.80,Active
2257,45,Service Agreement,"2021-12-31","2034-03-06",43021.70,Active
2258,21,Consulting,"2022-02-07","2034-03-07",118684.83,Active
2259,31,Service Agreement,"2021-11-23","2034-03-08",97314.89,Active
2260,29,Security Provision,"2021-08-15","2034-03-09",59248.91,Active
2261,18,Security Provision,"2021-06-21","2034-03-10",81781.17,Terminated
2262,39,Service Agreement,"2021-02-13","2034-03-11",50567.70,Active
2263,44,Service Agreement,"2020-12-28","2034-03-12",116720.44,Active
2264,45,Security Provision,"2022-04-12","2034-03-13",63075.91,Pending
2265,3,Service Agreement,"2019-01-02","2034-03-14",96309.09,Pending
2266,31,Service Agreement,"2020-08-01","2034-03-15",101812.80,Active
2267,47,Service Agreement,"2020-10-14","2034-03-16",65293.30,Pending
2268,38,Consulting,"2023-05-26","2034-03-17",51252.20,Active
2269,33,Service Agreement,"2021-08-26","2034-03-18",95852.33,Active
2270,16,Security Provision,"2022-11-20","2034-03-19",34454.51,Terminated
2271,14,Service Agreement,"2020-02-22","2034-03-20",10717.28,Active
2272,40,Consulting,"2021-04-04","2034-03-21",114739.05,Active
2273,10,Service Agreement,"2023-08-05","2034-03-22",102527.71,Active
2274,35,Service Agreement,"2023-01-10","2034-03-23",71918.76,Pending
2275,11,Service Agreement,"2019-04-19","2034-03-24",64848.20,Active
2276,21,Service Agreement,"2019-10-02","2034-03-25",90711.89,Terminated
2277,38,Consulting,"2018-11-14","2034-03-26",63477.66,Active
2278,43,Fixed-Term,"2020-01-27","2034-03-27",100348.58,Completed
2279,11,Service Agreement,"2018-11-04","2034-03-28",127946.01,Active
2280,23,Service Agreement,"2018-12-13","2034-03-29",119023.68,Active
2281,31,Service Agreement,"2022-11-28","2034-03-30",54776.73,Pending
2282,31,Security Provision,"2022-06-08","2034-03-31",83727.84,Active
2283,17,Security Provision,"2022-04-03","2034-04-01",145670.48,Active
2284,16,Consulting,"2022-02-28","2034-04-02",130553.40,Terminated
2285,33,Fixed-Term,"2021-08-19","2034-04-03",70630.59,Pending
2286,6,Service Agreement,"2018-08-19","2034-04-04",80150.26,Completed
2287,31,Security Provision,"2019-10-15","2034-04-05",12999.01,Active
2288,37,Service Agreement,"2023-02-23","2034-04-06",7437.27,Active
2289,30,Consulting,"2023-02-01","2034-04-07",115176.82,Active
2290,37,Security Provision,"2023-05-07","2034-04-08",30902.88,Pending
2291,49,Service Agreement,"2020-05-26","2034-04-09",31072.99,Active
2292,37,Consulting,"2022-02-09","2034-04-10",123250.42,Active
2293,1,Service Agreement,"2022-06-20","2034-04-11",100486.73,Active
2294,26,Service Agreement,"2022-01-08","2034-04-12",25349.70,Active
2295,13,Service Agreement,"2020-03-01","2034-04-13",62836.96,Active
2296,3,Security Provision,"2020-10-05","2034-04-14",43106.43,Completed
2297,23,Fixed-Term,"2021-05-12","2034-04-15",24883.85,Active
2298,37,Security Provision,"2023-01-01","2034-04-16",101495.10,Active
2299,46,Consulting,"2019-11-18","2034-04-17",30385.34,Active
2300,11,Consulting,"2021-05-12","2034-04-18",97628.16,Active
2301,22,Consulting,"2020-02-14","2034-04-19",135392.28,Active
2302,24,Security Provision,"2020-05-08","2034-04-20",63052.30,Active
2303,29,Consulting,"2018-12-10","2034-04-21",129556.42,Active
2304,32,Security Provision,"2021-12-08","2034-04-22",92718.32,Active
2305,33,Security Provision,"2019-01-31","2034-04-23",117542.20,Active
2306,34,Service Agreement,"2022-08-31","2034-04-24",51176.38,Terminated
2307,5,Security Provision,"2022-02-01","2034-04-25",64636.67,Active
2308,40,Service Agreement,"2020-12-02","2034-04-26",53057.51,Active
2309,7,Consulting,"2020-10-16","2034-04-27",18977.91,Active
2310,37,Fixed-Term,"2020-05-27","2034-04-28",42848.21,Active
2311,38,Security Provision,"2021-08-20","2034-04-29",29088.39,Active
2312,44,Consulting,"2019-02-07","2034-04-30",136767.37,Active
2313,47,Service Agreement,"2021-02-18","2034-05-01",63948.11,Active
2314,45,Security Provision,"2022-12-02","2034-05-02",77346.45,Active
2315,8,Service Agreement,"2021-07-29","2034-05-03",6401.99,Active
2316,26,Consulting,"2022-04-23","2034-05-04",83079.99,Active
2317,46,Service Agreement,"2021-07-31","2034-05-05",133013.57,Active
2318,2,Security Provision,"2020-06-12","2034-05-06",86586.68,Active
2319,30,Fixed-Term,"2019-01-25","2034-05-07",81546.93,Active
2320,47,Consulting,"2020-10-24","2034-05-08",92965.96,Active
2321,19,Security Provision,"2018-08-18","2034-05-09",108876.63,Active
2322,32,Service Agreement,"2022-07-11","2034-05-10",134245.40,Completed
2323,38,Security Provision,"2018-11-15","2034-05-11",76543.69,Active
2324,28,Service Agreement,"2022-06-04","2034-05-12",141531.34,Active
2325,10,Security Provision,"2018-10-27","2034-05-13",98661.51,Active
2326,17,Consulting,"2022-10-21","2034-05-14",78057.35,Active
2327,24,Service Agreement,"2023-01-13","2034-05-15",28674.64,Active
2328,26,Fixed-Term,"2020-04-05","2034-05-16",40431.93,Active
2329,44,Consulting,"2022-05-26","2034-05-17",110749.59,Active
2330,49,Consulting,"2021-05-05","2034-05-18",70720.57,Active
2331,43,Fixed-Term,"2023-07-01","2034-05-19",62174.67,Active
2332,43,Consulting,"2018-12-20","2034-05-20",123885.03,Active
2333,37,Fixed-Term,"2018-08-26","2034-05-21",115416.23,Active
2334,35,Service Agreement,"2020-12-06","2034-05-22",122844.73,Active
2335,19,Service Agreement,"2021-12-13","2034-05-23",115516.05,Pending
2336,3,Security Provision,"2021-06-27","2034-05-24",17104.65,Active
2337,49,Security Provision,"2019-10-19","2034-05-25",80291.11,Active
2338,8,Security Provision,"2022-11-26","2034-05-26",22122.59,Active
2339,41,Consulting,"2019-08-19","2034-05-27",118460.91,Active
2340,28,Service Agreement,"2018-08-22","2034-05-28",143706.86,Active
2341,30,Service Agreement,"2022-05-04","2034-05-29",94791.35,Active
2342,5,Fixed-Term,"2022-06-12","2034-05-30",61507.63,Active
2343,49,Security Provision,"2018-11-08","2034-05-31",115466.23,Pending
2344,27,Fixed-Term,"2021-07-05","2034-06-01",102958.81,Terminated
2345,45,Security Provision,"2020-07-08","2034-06-02",134464.34,Active
2346,1,Security Provision,"2020-03-13","2034-06-03",102185.51,Active
2347,45,Security Provision,"2022-12-28","2034-06-04",106451.55,Active
2348,44,Fixed-Term,"2020-03-17","2034-06-05",68059.72,Active
2349,49,Consulting,"2023-01-07","2034-06-06",71318.64,Active
2350,32,Security Provision,"2021-12-22","2034-06-07",35560.66,Active
2351,7,Consulting,"2020-04-29","2034-06-08",138812.27,Pending
2352,5,Consulting,"2020-12-02","2034-06-09",47579.44,Active
2353,12,Consulting,"2021-12-08","2034-06-10",125537.24,Pending
2354,42,Service Agreement,"2022-04-13","2034-06-11",94487.74,Active
2355,16,Service Agreement,"2020-12-23","2034-06-12",143526.40,Completed
2356,32,Service Agreement,"2019-03-31","2034-06-13",27158.36,Active
2357,37,Service Agreement,"2023-06-11","2034-06-14",43914.67,Terminated
2358,49,Security Provision,"2021-05-20","2034-06-15",99790.38,Active
2359,11,Security Provision,"2020-11-14","2034-06-16",109924.50,Completed
2360,30,Fixed-Term,"2018-12-29","2034-06-17",13285.47,Active
2361,33,Consulting,"2021-04-22","2034-06-18",117057.90,Active
2362,21,Security Provision,"2023-06-03","2034-06-19",65543.71,Active
2363,37,Security Provision,"2021-04-26","2034-06-20",35023.13,Active
2364,49,Service Agreement,"2019-04-30","2034-06-21",125385.43,Active
2365,29,Service Agreement,"2021-07-04","2034-06-22",128741.26,Pending
2366,29,Service Agreement,"2023-02-24","2034-06-23",62749.89,Active
2367,11,Service Agreement,"2021-03-02","2034-06-24",76290.99,Active
2368,30,Service Agreement,"2021-12-27","2034-06-25",17901.24,Active
2369,34,Service Agreement,"2022-07-10","2034-06-26",129180.23,Active
2370,18,Consulting,"2022-09-19","2034-06-27",87933.13,Active
2371,39,Security Provision,"2021-05-30","2034-06-28",56442.18,Active
2372,30,Security Provision,"2020-04-07","2034-06-29",15964.19,Active
2373,45,Consulting,"2021-04-20","2034-06-30",93472.83,Active
2374,27,Security Provision,"2019-08-02","2034-07-01",77995.29,Active
2375,7,Security Provision,"2022-01-11","2034-07-02",43938.08,Active
2376,32,Security Provision,"2020-11-15","2034-07-03",6927.51,Active
2377,8,Fixed-Term,"2020-05-08","2034-07-04",107386.68,Pending
2378,41,Fixed-Term,"2019-03-10","2034-07-05",144878.47,Active
2379,32,Service Agreement,"2022-04-19","2034-07-06",50806.33,Active
2380,32,Consulting,"2019-11-30","2034-07-07",79921.91,Active
2381,25,Security Provision,"2021-07-06","2034-07-08",139303.16,Active
2382,44,Service Agreement,"2018-11-27","2034-07-09",21773.49,Completed
2383,41,Consulting,"2023-01-30","2034-07-10",70297.02,Completed
2384,28,Service Agreement,"2022-11-17","2034-07-11",41057.98,Active
2385,5,Service Agreement,"2018-08-13","2034-07-12",102041.67,Active
2386,7,Consulting,"2021-07-02","2034-07-13",17324.74,Pending
2387,26,Service Agreement,"2022-06-28","2034-07-14",93310.21,Active
2388,36,Security Provision,"2019-01-25","2034-07-15",77225.88,Active
2389,8,Security Provision,"2023-07-23","2034-07-16",126467.40,Terminated
2390,40,Security Provision,"2022-07-25","2034-07-17",19139.60,Active
2391,13,Service Agreement,"2023-01-11","2034-07-18",14458.71,Active
2392,27,Security Provision,"2023-07-28","2034-07-19",115537.29,Pending
2393,38,Service Agreement,"2023-05-06","2034-07-20",104531.79,Active
2394,15,Security Provision,"2022-09-18","2034-07-21",60396.58,Pending
2395,48,Consulting,"2019-09-08","2034-07-22",85558.37,Active
2396,2,Service Agreement,"2019-08-30","2034-07-23",145241.13,Active
2397,11,Service Agreement,"2023-05-22","2034-07-24",9096.38,Active
2398,8,Consulting,"2021-03-02","2034-07-25",112097.88,Active
2399,7,Security Provision,"2023-02-13","2034-07-26",42877.95,Active
2400,4,Security Provision,"2022-08-11","2034-07-27",89094.44,Active
2401,7,Service Agreement,"2020-02-19","2034-07-28",54599.56,Active
2402,32,Fixed-Term,"2021-10-15","2034-07-29",89747.68,Active
2403,41,Security Provision,"2022-11-16","2034-07-30",126002.62,Terminated
2404,10,Service Agreement,"2022-06-30","2034-07-31",24954.56,Active
2405,44,Security Provision,"2021-07-28","2034-08-01",129704.27,Active
2406,2,Security Provision,"2021-11-21","2034-08-02",67048.17,Active
2407,37,Service Agreement,"2020-10-12","2034-08-03",31264.48,Active
2408,20,Security Provision,"2018-10-02","2034-08-04",49417.13,Active
2409,4,Service Agreement,"2021-07-17","2034-08-05",43395.39,Active
2410,24,Security Provision,"2022-04-13","2034-08-06",131283.15,Pending
2411,23,Security Provision,"2021-03-20","2034-08-07",103862.80,Pending
2412,6,Security Provision,"2021-09-09","2034-08-08",69293.20,Active
2413,44,Security Provision,"2019-12-06","2034-08-09",83009.44,Active
2414,13,Service Agreement,"2023-04-26","2034-08-10",128371.48,Active
2415,43,Consulting,"2019-04-06","2034-08-11",135084.94,Active
2416,15,Service Agreement,"2020-10-19","2034-08-12",66888.72,Active
2417,30,Service Agreement,"2021-11-22","2034-08-13",124650.51,Active
2418,47,Security Provision,"2020-12-30","2034-08-14",13153.04,Terminated
2419,16,Service Agreement,"2020-09-03","2034-08-15",75144.30,Pending
2420,25,Service Agreement,"2019-10-14","2034-08-16",127044.00,Terminated
2421,13,Consulting,"2021-02-19","2034-08-17",92146.32,Completed
2422,49,Service Agreement,"2022-03-13","2034-08-18",14693.88,Active
2423,7,Consulting,"2018-10-02","2034-08-19",82181.12,Active
2424,31,Security Provision,"2022-10-06","2034-08-20",80675.55,Active
2425,29,Service Agreement,"2020-09-21","2034-08-21",15597.96,Active
2426,7,Service Agreement,"2021-12-06","2034-08-22",18099.36,Active
2427,39,Consulting,"2022-11-16","2034-08-23",5288.54,Active
2428,32,Security Provision,"2022-08-02","2034-08-24",81892.89,Active
2429,42,Consulting,"2022-01-19","2034-08-25",100555.72,Active
2430,2,Consulting,"2022-04-09","2034-08-26",76722.49,Terminated
2431,4,Service Agreement,"2019-07-19","2034-08-27",96438.88,Active
2432,9,Service Agreement,"2021-09-02","2034-08-28",84530.45,Active
2433,22,Consulting,"2019-02-01","2034-08-29",8009.18,Active
2434,45,Security Provision,"2023-04-13","2034-08-30",20926.29,Active
2435,11,Service Agreement,"2018-10-06","2034-08-31",118614.36,Pending
2436,9,Service Agreement,"2020-03-24","2034-09-01",22888.89,Active
2437,1,Consulting,"2021-10-08","2034-09-02",98844.33,Active
2438,6,Security Provision,"2022-05-16","2034-09-03",135118.42,Active
2439,16,Service Agreement,"2022-05-10","2034-09-04",66130.18,Active
2440,43,Service Agreement,"2021-11-16","2034-09-05",114654.44,Active
2441,16,Consulting,"2019-02-25","2034-09-06",99997.19,Completed
2442,39,Security Provision,"2022-07-01","2034-09-07",93754.85,Active
2443,5,Consulting,"2022-12-17","2034-09-08",84233.71,Terminated
2444,39,Consulting,"2023-07-26","2034-09-09",17246.85,Completed
2445,37,Security Provision,"2022-03-11","2034-09-10",37622.92,Active
2446,27,Consulting,"2020-06-29","2034-09-11",139933.60,Active
2447,7,Service Agreement,"2022-03-28","2034-09-12",116134.19,Pending
2448,40,Consulting,"2022-02-14","2034-09-13",77219.85,Active
2449,34,Security Provision,"2020-12-25","2034-09-14",98397.95,Terminated
2450,26,Service Agreement,"2023-04-27","2034-09-15",127351.68,Active
2451,48,Security Provision,"2022-11-11","2034-09-16",43091.05,Active
2452,28,Service Agreement,"2021-05-04","2034-09-17",133529.73,Active
2453,29,Consulting,"2018-12-20","2034-09-18",41888.52,Active
2454,31,Consulting,"2021-06-11","2034-09-19",146352.54,Active
2455,15,Service Agreement,"2023-06-07","2034-09-20",143651.62,Terminated
2456,36,Service Agreement,"2019-05-21","2034-09-21",126148.28,Active
2457,37,Service Agreement,"2019-03-01","2034-09-22",70196.79,Active
2458,33,Service Agreement,"2022-02-26","2034-09-23",43444.53,Active
2459,2,Consulting,"2022-04-14","2034-09-24",101577.00,Completed
2460,29,Fixed-Term,"2020-08-06","2034-09-25",50025.72,Completed
2461,5,Consulting,"2020-01-28","2034-09-26",26012.26,Completed
2462,17,Security Provision,"2021-04-17","2034-09-27",13663.40,Active
2463,29,Service Agreement,"2019-09-29","2034-09-28",101765.56,Completed
2464,38,Service Agreement,"2022-10-07","2034-09-29",89519.52,Active
2465,15,Service Agreement,"2021-08-11","2034-09-30",71801.64,Active
2466,36,Security Provision,"2021-04-10","2034-10-01",54996.82,Active
2467,29,Service Agreement,"2022-02-24","2034-10-02",111664.06,Active
2468,2,Service Agreement,"2022-07-01","2034-10-03",55003.89,Active
2469,40,Consulting,"2023-04-04","2034-10-04",62848.99,Active
2470,9,Service Agreement,"2021-10-25","2034-10-05",127291.40,Active
2471,35,Security Provision,"2022-03-04","2034-10-06",14387.79,Completed
2472,46,Consulting,"2019-12-20","2034-10-07",58006.02,Active
2473,5,Security Provision,"2020-09-11","2034-10-08",101783.06,Active
2474,25,Service Agreement,"2021-10-31","2034-10-09",141414.22,Terminated
2475,20,Security Provision,"2018-10-21","2034-10-10",102591.05,Active
2476,43,Consulting,"2021-01-07","2034-10-11",58473.38,Active
2477,5,Fixed-Term,"2023-02-09","2034-10-12",78707.65,Active
2478,1,Consulting,"2020-02-15","2034-10-13",62846.50,Pending
2479,17,Consulting,"2022-10-14","2034-10-14",132205.40,Active
2480,34,Service Agreement,"2018-10-02","2034-10-15",65395.88,Active
2481,23,Consulting,"2020-06-22","2034-10-16",11107.15,Active
2482,9,Security Provision,"2021-03-19","2034-10-17",103340.29,Active
2483,29,Security Provision,"2019-03-28","2034-10-18",91952.97,Pending
2484,24,Security Provision,"2022-05-01","2034-10-19",117507.52,Active
2485,6,Service Agreement,"2018-08-07","2034-10-20",125834.46,Pending
2486,6,Security Provision,"2022-05-01","2034-10-21",38449.37,Active
2487,33,Service Agreement,"2019-12-03","2034-10-22",140923.38,Active
2488,7,Security Provision,"2020-01-02","2034-10-23",102717.52,Active
2489,30,Security Provision,"2022-04-30","2034-10-24",27785.67,Active
2490,38,Service Agreement,"2020-07-04","2034-10-25",147480.39,Active
2491,20,Fixed-Term,"2020-02-05","2034-10-26",80819.95,Active
2492,27,Consulting,"2018-12-22","2034-10-27",8778.20,Active
2493,20,Security Provision,"2019-04-21","2034-10-28",117642.87,Active
2494,1,Service Agreement,"2020-04-03","2034-10-29",34391.68,Pending
2495,19,Fixed-Term,"2018-09-22","2034-10-30",51142.34,Terminated
2496,22,Security Provision,"2022-10-14","2034-10-31",26913.66,Active
2497,13,Fixed-Term,"2022-02-12","2034-11-01",11405.05,Pending
2498,39,Service Agreement,"2021-03-23","2034-11-02",136696.54,Pending
2499,3,Consulting,"2018-08-30","2034-11-03",73171.18,Active
2500,49,Service Agreement,"2022-12-10","2034-11-04",100800.13,Active
2501,49,Fixed-Term,"2023-02-04","2034-11-05",93283.81,Active
2502,6,Service Agreement,"2021-01-10","2034-11-06",125682.00,Active
2503,1,Fixed-Term,"2020-08-19","2034-11-07",82689.74,Active
2504,29,Service Agreement,"2023-04-21","2034-11-08",23215.15,Active
2505,15,Fixed-Term,"2020-01-29","2034-11-09",72316.43,Active
2506,16,Service Agreement,"2021-08-19","2034-11-10",119886.29,Active
2507,43,Security Provision,"2021-03-18","2034-11-11",35450.80,Pending
2508,10,Fixed-Term,"2021-10-24","2034-11-12",107921.26,Active
2509,20,Security Provision,"2020-10-03","2034-11-13",24330.90,Active
2510,19,Service Agreement,"2023-02-21","2034-11-14",17060.15,Pending
2511,37,Fixed-Term,"2020-08-01","2034-11-15",122318.80,Active
2512,46,Fixed-Term,"2023-01-08","2034-11-16",44204.20,Active
2513,18,Consulting,"2022-07-26","2034-11-17",64331.50,Active
2514,28,Fixed-Term,"2020-08-31","2034-11-18",125269.88,Active
2515,21,Service Agreement,"2022-11-05","2034-11-19",29707.57,Active
2516,46,Security Provision,"2019-05-30","2034-11-20",20024.31,Completed
2517,44,Fixed-Term,"2019-12-09","2034-11-21",120045.59,Active
2518,41,Fixed-Term,"2019-05-10","2034-11-22",66174.67,Active
2519,37,Security Provision,"2019-09-03","2034-11-23",67010.77,Active
2520,3,Fixed-Term,"2018-09-13","2034-11-24",143584.07,Active
2521,24,Service Agreement,"2021-06-10","2034-11-25",83545.89,Active
2522,6,Security Provision,"2019-10-08","2034-11-26",128472.41,Active
2523,22,Service Agreement,"2021-06-03","2034-11-27",5591.97,Active
2524,45,Fixed-Term,"2018-09-14","2034-11-28",117664.45,Active
2525,17,Service Agreement,"2019-05-26","2034-11-29",44912.71,Active
2526,42,Service Agreement,"2019-07-05","2034-11-30",82538.44,Active
2527,8,Security Provision,"2019-11-05","2034-12-01",149329.92,Active
2528,49,Security Provision,"2019-07-22","2034-12-02",37530.50,Active
2529,29,Consulting,"2020-09-21","2034-12-03",29210.05,Active
2530,40,Security Provision,"2019-11-11","2034-12-04",38695.11,Completed
2531,29,Consulting,"2021-02-08","2034-12-05",115441.91,Completed
2532,6,Consulting,"2020-06-01","2034-12-06",35171.81,Active
2533,42,Service Agreement,"2022-10-26","2034-12-07",144463.36,Active
2534,2,Security Provision,"2019-02-12","2034-12-08",142720.77,Active
2535,15,Security Provision,"2022-10-19","2034-12-09",129659.90,Active
2536,48,Security Provision,"2019-12-12","2034-12-10",19734.50,Active
2537,20,Security Provision,"2021-11-29","2034-12-11",131935.97,Active
2538,18,Security Provision,"2021-05-15","2034-12-12",145475.01,Completed
2539,16,Fixed-Term,"2023-01-27","2034-12-13",121386.21,Active
2540,26,Security Provision,"2020-07-03","2034-12-14",43617.43,Pending
2541,33,Consulting,"2022-12-26","2034-12-15",95594.01,Active
2542,19,Service Agreement,"2018-12-23","2034-12-16",104914.37,Active
2543,23,Security Provision,"2020-09-28","2034-12-17",149796.99,Pending
2544,31,Service Agreement,"2020-09-16","2034-12-18",28943.27,Active
2545,24,Service Agreement,"2020-02-09","2034-12-19",139928.25,Active
2546,45,Security Provision,"2023-02-13","2034-12-20",130874.94,Active
2547,32,Fixed-Term,"2019-12-01","2034-12-21",40705.20,Pending
2548,8,Service Agreement,"2022-11-04","2034-12-22",93969.59,Active
2549,15,Security Provision,"2021-04-14","2034-12-23",81831.94,Active
2550,17,Security Provision,"2021-08-13","2034-12-24",18775.16,Active
2551,10,Security Provision,"2020-08-28","2034-12-25",57672.51,Active
2552,21,Consulting,"2022-08-16","2034-12-26",67179.98,Active
2553,33,Fixed-Term,"2022-02-26","2034-12-27",128023.52,Active
2554,37,Fixed-Term,"2019-12-30","2034-12-28",53162.45,Active
2555,14,Service Agreement,"2022-07-23","2034-12-29",103679.47,Completed
2556,16,Consulting,"2018-10-14","2034-12-30",137057.40,Active
2557,17,Service Agreement,"2021-02-20","2034-12-31",52045.61,Completed
2558,24,Security Provision,"2020-03-28","2035-01-01",106851.94,Active
2559,11,Service Agreement,"2019-02-05","2035-01-02",105105.89,Pending
2560,18,Service Agreement,"2023-04-19","2035-01-03",135543.97,Active
2561,42,Service Agreement,"2020-09-24","2035-01-04",40338.01,Active
2562,24,Service Agreement,"2020-11-14","2035-01-05",109401.20,Active
2563,20,Consulting,"2021-09-16","2035-01-06",120443.24,Active
2564,12,Security Provision,"2019-04-21","2035-01-07",145413.10,Active
2565,14,Security Provision,"2020-03-13","2035-01-08",91678.11,Active
2566,28,Service Agreement,"2022-04-16","2035-01-09",112048.53,Active
2567,44,Security Provision,"2019-03-18","2035-01-10",34564.50,Active
2568,28,Consulting,"2022-02-18","2035-01-11",26533.51,Pending
2569,48,Service Agreement,"2018-09-03","2035-01-12",106341.03,Active
2570,14,Consulting,"2022-06-15","2035-01-13",64311.81,Pending
2571,49,Consulting,"2022-02-14","2035-01-14",96031.67,Active
2572,21,Security Provision,"2023-07-09","2035-01-15",84371.20,Active
2573,43,Consulting,"2018-10-28","2035-01-16",45277.30,Active
2574,34,Service Agreement,"2022-07-09","2035-01-17",111330.02,Terminated
2575,24,Fixed-Term,"2018-09-27","2035-01-18",49080.49,Active
2576,42,Security Provision,"2020-10-27","2035-01-19",49770.87,Active
2577,47,Service Agreement,"2021-10-01","2035-01-20",99765.72,Pending
2578,36,Security Provision,"2019-08-29","2035-01-21",146532.64,Active
2579,9,Consulting,"2020-12-29","2035-01-22",65885.68,Completed
2580,5,Service Agreement,"2022-10-04","2035-01-23",116077.42,Active
2581,34,Security Provision,"2019-03-21","2035-01-24",146252.12,Active
2582,13,Security Provision,"2020-04-03","2035-01-25",120321.06,Active
2583,32,Consulting,"2019-06-02","2035-01-26",94198.42,Active
2584,13,Security Provision,"2019-05-31","2035-01-27",53363.34,Active
2585,37,Security Provision,"2020-01-06","2035-01-28",14685.87,Active
2586,16,Security Provision,"2018-08-19","2035-01-29",87338.80,Active
2587,26,Service Agreement,"2019-05-18","2035-01-30",134585.41,Active
2588,39,Service Agreement,"2022-11-23","2035-01-31",12469.93,Pending
2589,3,Service Agreement,"2020-12-02","2035-02-01",56531.88,Active
2590,37,Service Agreement,"2022-01-05","2035-02-02",101737.04,Completed
2591,18,Service Agreement,"2023-04-16","2035-02-03",145435.05,Active
2592,21,Service Agreement,"2020-10-10","2035-02-04",38645.29,Active
2593,45,Consulting,"2022-04-15","2035-02-05",20965.22,Terminated
2594,25,Consulting,"2023-07-25","2035-02-06",94833.16,Active
2595,34,Consulting,"2020-08-31","2035-02-07",115172.95,Active
2596,18,Security Provision,"2018-10-10","2035-02-08",56839.95,Completed
2597,3,Consulting,"2019-01-15","2035-02-09",108169.59,Active
2598,20,Service Agreement,"2021-12-26","2035-02-10",130623.35,Completed
2599,13,Service Agreement,"2022-05-23","2035-02-11",45908.24,Active
2600,15,Consulting,"2022-08-23","2035-02-12",99514.10,Completed
2601,39,Service Agreement,"2023-05-27","2035-02-13",131079.65,Active
2602,16,Consulting,"2018-08-10","2035-02-14",28934.11,Active
2603,6,Service Agreement,"2021-10-24","2035-02-15",8599.69,Active
2604,24,Security Provision,"2022-07-05","2035-02-16",134646.41,Active
2605,49,Consulting,"2022-01-22","2035-02-17",73679.47,Active
2606,20,Security Provision,"2023-03-27","2035-02-18",66911.26,Active
2607,46,Consulting,"2019-08-26","2035-02-19",128688.33,Terminated
2608,10,Consulting,"2021-10-16","2035-02-20",82386.59,Active
2609,28,Security Provision,"2019-06-14","2035-02-21",24865.47,Active
2610,13,Service Agreement,"2020-07-05","2035-02-22",24066.60,Terminated
2611,20,Fixed-Term,"2020-03-02","2035-02-23",101497.08,Active
2612,23,Consulting,"2020-11-11","2035-02-24",64265.59,Active
2613,5,Service Agreement,"2019-12-22","2035-02-25",107292.10,Active
2614,22,Consulting,"2020-12-14","2035-02-26",26530.78,Active
2615,37,Security Provision,"2020-06-20","2035-02-27",31851.48,Active
2616,24,Service Agreement,"2023-06-09","2035-02-28",140972.56,Active
2617,21,Security Provision,"2022-09-25","2035-03-01",84181.89,Active
2618,4,Fixed-Term,"2020-08-26","2035-03-02",115930.71,Active
2619,44,Fixed-Term,"2019-08-28","2035-03-03",12166.08,Terminated
2620,5,Security Provision,"2023-06-02","2035-03-04",25711.01,Active
2621,40,Service Agreement,"2018-09-12","2035-03-05",113461.18,Active
2622,1,Security Provision,"2023-07-15","2035-03-06",133266.57,Active
2623,14,Security Provision,"2023-07-02","2035-03-07",71451.12,Active
2624,25,Consulting,"2020-02-10","2035-03-08",33728.08,Pending
2625,14,Consulting,"2021-08-27","2035-03-09",76495.95,Active
2626,16,Security Provision,"2020-01-25","2035-03-10",62053.07,Active
2627,36,Security Provision,"2020-03-26","2035-03-11",129172.95,Pending
2628,20,Service Agreement,"2020-10-23","2035-03-12",15402.86,Completed
2629,9,Consulting,"2020-12-27","2035-03-13",90074.48,Active
2630,5,Service Agreement,"2022-06-21","2035-03-14",84939.68,Active
2631,14,Security Provision,"2022-11-09","2035-03-15",145212.36,Active
2632,3,Security Provision,"2019-02-11","2035-03-16",37864.61,Active
2633,21,Service Agreement,"2021-03-28","2035-03-17",73061.38,Active
2634,27,Security Provision,"2020-08-29","2035-03-18",100994.54,Active
2635,44,Consulting,"2023-01-03","2035-03-19",52903.96,Active
2636,8,Service Agreement,"2022-11-28","2035-03-20",47248.97,Active
2637,24,Service Agreement,"2021-12-22","2035-03-21",27190.79,Active
2638,47,Consulting,"2023-07-08","2035-03-22",65224.71,Active
2639,41,Security Provision,"2021-04-21","2035-03-23",59219.95,Active
2640,38,Security Provision,"2022-07-28","2035-03-24",72984.82,Active
2641,27,Consulting,"2019-11-05","2035-03-25",120814.48,Active
2642,41,Security Provision,"2022-05-22","2035-03-26",133114.72,Active
2643,7,Security Provision,"2019-10-19","2035-03-27",26596.09,Completed
2644,38,Service Agreement,"2019-12-25","2035-03-28",143123.77,Terminated
2645,18,Fixed-Term,"2022-11-04","2035-03-29",67861.98,Active
2646,24,Security Provision,"2023-04-26","2035-03-30",9672.43,Completed
2647,4,Consulting,"2022-10-26","2035-03-31",23845.07,Active
2648,41,Service Agreement,"2020-07-14","2035-04-01",45807.33,Active
2649,45,Service Agreement,"2023-03-12","2035-04-02",56513.27,Active
2650,1,Consulting,"2023-04-26","2035-04-03",37896.67,Active
2651,35,Consulting,"2022-09-17","2035-04-04",40045.68,Terminated
2652,41,Service Agreement,"2021-01-08","2035-04-05",33675.79,Active
2653,4,Security Provision,"2020-12-18","2035-04-06",23543.75,Completed
2654,6,Service Agreement,"2020-09-12","2035-04-07",53132.95,Active
2655,22,Consulting,"2020-10-20","2035-04-08",27234.80,Active
2656,6,Service Agreement,"2022-11-18","2035-04-09",62128.12,Terminated
2657,30,Fixed-Term,"2023-01-14","2035-04-10",135328.65,Completed
2658,32,Service Agreement,"2020-10-27","2035-04-11",101754.77,Active
2659,10,Consulting,"2020-08-29","2035-04-12",72384.57,Active
2660,47,Fixed-Term,"2019-12-23","2035-04-13",84282.08,Active
2661,44,Service Agreement,"2023-07-03","2035-04-14",73866.85,Active
2662,21,Service Agreement,"2022-09-26","2035-04-15",19046.94,Pending
2663,41,Security Provision,"2020-05-09","2035-04-16",11393.43,Pending
2664,44,Security Provision,"2023-03-08","2035-04-17",100726.75,Active
2665,19,Service Agreement,"2019-02-27","2035-04-18",139170.33,Pending
2666,8,Security Provision,"2020-01-12","2035-04-19",52790.01,Terminated
2667,30,Security Provision,"2019-06-29","2035-04-20",83657.86,Active
2668,45,Fixed-Term,"2021-07-15","2035-04-21",8521.88,Active
2669,4,Security Provision,"2022-08-19","2035-04-22",33242.59,Active
2670,20,Service Agreement,"2019-09-23","2035-04-23",27626.84,Active
2671,25,Security Provision,"2020-10-11","2035-04-24",86206.51,Active
2672,4,Service Agreement,"2021-08-18","2035-04-25",15702.58,Active
2673,34,Service Agreement,"2022-12-17","2035-04-26",88146.76,Active
2674,1,Service Agreement,"2020-10-25","2035-04-27",54523.42,Terminated
2675,29,Service Agreement,"2023-01-23","2035-04-28",71909.16,Completed
2676,44,Security Provision,"2019-03-15","2035-04-29",138189.04,Active
2677,35,Security Provision,"2023-07-06","2035-04-30",80247.11,Active
2678,35,Service Agreement,"2022-05-29","2035-05-01",128714.95,Active
2679,26,Consulting,"2020-06-07","2035-05-02",25470.80,Active
2680,27,Security Provision,"2020-03-21","2035-05-03",101006.77,Active
2681,16,Service Agreement,"2021-06-21","2035-05-04",22098.80,Active
2682,27,Service Agreement,"2021-10-22","2035-05-05",93881.87,Terminated
2683,2,Service Agreement,"2018-10-20","2035-05-06",53641.24,Active
2684,30,Fixed-Term,"2022-03-16","2035-05-07",16967.79,Completed
2685,29,Consulting,"2018-12-13","2035-05-08",39424.94,Pending
2686,30,Service Agreement,"2021-10-08","2035-05-09",122451.42,Active
2687,13,Security Provision,"2019-02-03","2035-05-10",124954.07,Terminated
2688,27,Service Agreement,"2018-09-30","2035-05-11",19376.25,Active
2689,8,Service Agreement,"2021-07-12","2035-05-12",143468.14,Completed
2690,24,Security Provision,"2021-03-04","2035-05-13",125754.84,Active
2691,20,Security Provision,"2019-10-27","2035-05-14",30192.88,Active
2692,22,Security Provision,"2019-01-28","2035-05-15",57546.21,Active
2693,41,Consulting,"2021-01-10","2035-05-16",141071.57,Pending
2694,31,Service Agreement,"2021-08-05","2035-05-17",135184.49,Active
2695,31,Service Agreement,"2022-11-07","2035-05-18",54127.42,Active
2696,18,Service Agreement,"2022-01-23","2035-05-19",27454.40,Completed
2697,16,Service Agreement,"2021-07-12","2035-05-20",55681.17,Completed
2698,21,Security Provision,"2019-01-05","2035-05-21",107738.50,Active
2699,44,Fixed-Term,"2020-04-07","2035-05-22",94453.69,Active
2700,34,Consulting,"2022-04-27","2035-05-23",145736.37,Pending
2701,27,Security Provision,"2022-06-14","2035-05-24",108912.69,Active
2702,43,Service Agreement,"2019-01-13","2035-05-25",19033.47,Terminated
2703,24,Service Agreement,"2019-06-21","2035-05-26",100904.49,Completed
2704,49,Service Agreement,"2020-08-10","2035-05-27",111911.07,Active
2705,30,Service Agreement,"2021-04-13","2035-05-28",79103.89,Active
2706,36,Consulting,"2020-04-27","2035-05-29",132216.38,Completed
2707,19,Security Provision,"2022-02-25","2035-05-30",92701.22,Active
2708,36,Security Provision,"2018-12-06","2035-05-31",67111.20,Active
2709,38,Service Agreement,"2020-03-12","2035-06-01",28377.82,Active
2710,28,Fixed-Term,"2022-11-16","2035-06-02",49991.39,Active
2711,13,Service Agreement,"2018-12-09","2035-06-03",13828.95,Active
2712,3,Security Provision,"2022-12-25","2035-06-04",7352.11,Terminated
2713,5,Consulting,"2021-11-19","2035-06-05",140247.42,Active
2714,14,Security Provision,"2022-03-01","2035-06-06",118989.69,Completed
2715,19,Fixed-Term,"2021-03-17","2035-06-07",14510.68,Active
2716,8,Service Agreement,"2021-02-10","2035-06-08",27896.70,Terminated
2717,1,Security Provision,"2018-09-28","2035-06-09",74111.03,Active
2718,4,Fixed-Term,"2021-02-09","2035-06-10",143262.50,Active
2719,19,Service Agreement,"2020-09-27","2035-06-11",99121.44,Active
2720,15,Fixed-Term,"2018-12-16","2035-06-12",37468.90,Active
2721,47,Service Agreement,"2023-07-17","2035-06-13",19959.92,Completed
2722,6,Service Agreement,"2020-05-28","2035-06-14",115145.37,Pending
2723,42,Consulting,"2021-03-01","2035-06-15",28967.91,Active
2724,41,Security Provision,"2022-02-12","2035-06-16",48638.23,Active
2725,13,Security Provision,"2022-02-26","2035-06-17",29217.47,Active
2726,21,Security Provision,"2022-07-05","2035-06-18",121241.37,Active
2727,35,Service Agreement,"2019-11-29","2035-06-19",55871.14,Active
2728,20,Security Provision,"2019-02-22","2035-06-20",122509.92,Active
2729,3,Security Provision,"2020-07-16","2035-06-21",142764.75,Active
2730,1,Security Provision,"2019-07-18","2035-06-22",54566.33,Pending
2731,10,Consulting,"2019-03-10","2035-06-23",111837.53,Terminated
2732,34,Service Agreement,"2023-05-30","2035-06-24",133923.14,Active
2733,33,Service Agreement,"2018-08-23","2035-06-25",28370.65,Completed
2734,22,Service Agreement,"2019-03-06","2035-06-26",135548.29,Pending
2735,35,Consulting,"2023-08-01","2035-06-27",146194.83,Active
2736,36,Service Agreement,"2020-02-24","2035-06-28",140110.64,Active
2737,38,Fixed-Term,"2019-09-26","2035-06-29",66041.41,Active
2738,15,Security Provision,"2022-12-07","2035-06-30",127923.92,Active
2739,19,Consulting,"2019-03-08","2035-07-01",109746.44,Active
2740,17,Fixed-Term,"2019-08-06","2035-07-02",138653.41,Active
2741,18,Service Agreement,"2019-06-19","2035-07-03",62692.45,Active
2742,2,Service Agreement,"2022-02-08","2035-07-04",67955.80,Active
2743,49,Fixed-Term,"2019-06-08","2035-07-05",136177.53,Active
2744,42,Security Provision,"2022-01-28","2035-07-06",76957.93,Active
2745,8,Consulting,"2020-08-26","2035-07-07",148376.27,Pending
2746,37,Service Agreement,"2019-04-22","2035-07-08",15680.89,Active
2747,20,Security Provision,"2022-12-21","2035-07-09",31844.56,Active
2748,9,Consulting,"2022-10-12","2035-07-10",85549.36,Pending
2749,23,Security Provision,"2023-07-23","2035-07-11",30917.17,Completed
2750,22,Service Agreement,"2018-12-13","2035-07-12",119353.20,Pending
2751,14,Security Provision,"2019-09-30","2035-07-13",128364.15,Active
2752,8,Service Agreement,"2020-01-24","2035-07-14",123943.38,Active
2753,24,Service Agreement,"2020-12-23","2035-07-15",66773.86,Active
2754,8,Consulting,"2019-06-07","2035-07-16",40936.44,Active
2755,38,Service Agreement,"2019-12-25","2035-07-17",44397.78,Completed
2756,18,Service Agreement,"2023-01-26","2035-07-18",65685.97,Completed
2757,5,Security Provision,"2022-11-03","2035-07-19",8898.22,Completed
2758,20,Consulting,"2022-05-13","2035-07-20",84539.27,Active
2759,23,Consulting,"2020-09-23","2035-07-21",23329.67,Active
2760,29,Consulting,"2021-08-29","2035-07-22",45355.84,Active
2761,49,Consulting,"2022-12-13","2035-07-23",105246.49,Active
2762,26,Consulting,"2022-11-06","2035-07-24",65724.01,Active
2763,44,Service Agreement,"2023-08-04","2035-07-25",65735.76,Active
2764,4,Service Agreement,"2020-11-15","2035-07-26",36652.81,Active
2765,24,Security Provision,"2022-07-06","2035-07-27",8129.84,Active
2766,2,Service Agreement,"2019-04-21","2035-07-28",29355.17,Active
2767,37,Security Provision,"2021-08-28","2035-07-29",86452.54,Active
2768,31,Service Agreement,"2021-03-25","2035-07-30",126733.10,Active
2769,13,Security Provision,"2020-07-16","2035-07-31",142339.06,Active
2770,30,Security Provision,"2018-11-28","2035-08-01",81213.75,Active
2771,48,Security Provision,"2019-06-27","2035-08-02",141195.20,Active
2772,46,Fixed-Term,"2023-01-04","2035-08-03",15618.12,Active
2773,1,Consulting,"2018-11-22","2035-08-04",145239.24,Active
2774,2,Service Agreement,"2021-01-08","2035-08-05",63902.75,Active
2775,46,Service Agreement,"2022-11-18","2035-08-06",92815.68,Active
2776,15,Security Provision,"2020-06-21","2035-08-07",97292.22,Active
2777,5,Security Provision,"2021-01-19","2035-08-08",124208.65,Active
2778,1,Fixed-Term,"2023-06-04","2035-08-09",105854.63,Active
2779,6,Consulting,"2020-08-13","2035-08-10",36329.41,Pending
2780,35,Service Agreement,"2019-09-06","2035-08-11",119899.99,Pending
2781,5,Service Agreement,"2022-03-27","2035-08-12",71569.72,Active
2782,28,Fixed-Term,"2020-12-25","2035-08-13",77357.86,Active
2783,34,Consulting,"2021-04-24","2035-08-14",71005.67,Active
2784,10,Fixed-Term,"2020-05-12","2035-08-15",54926.70,Active
2785,24,Consulting,"2023-05-23","2035-08-16",143745.29,Pending
2786,31,Security Provision,"2020-12-27","2035-08-17",49911.46,Completed
2787,20,Service Agreement,"2018-11-17","2035-08-18",87637.24,Active
2788,18,Service Agreement,"2019-07-16","2035-08-19",26030.68,Active
2789,20,Service Agreement,"2020-01-25","2035-08-20",143058.69,Active
2790,9,Consulting,"2021-08-16","2035-08-21",54424.77,Pending
2791,40,Service Agreement,"2019-01-20","2035-08-22",130495.16,Active
2792,25,Consulting,"2018-09-04","2035-08-23",114313.39,Active
2793,24,Service Agreement,"2019-09-20","2035-08-24",131883.05,Completed
2794,18,Service Agreement,"2023-07-24","2035-08-25",101236.41,Active
2795,2,Consulting,"2023-07-05","2035-08-26",95833.32,Active
2796,35,Consulting,"2021-01-11","2035-08-27",135130.60,Active
2797,18,Security Provision,"2022-11-06","2035-08-28",21139.36,Active
2798,28,Service Agreement,"2023-04-03","2035-08-29",78886.09,Active
2799,22,Service Agreement,"2021-06-07","2035-08-30",29792.55,Active
2800,36,Consulting,"2019-01-20","2035-08-31",144210.27,Active
2801,46,Consulting,"2021-11-20","2035-09-01",84780.70,Active
2802,5,Consulting,"2019-05-27","2035-09-02",63810.23,Active
2803,32,Service Agreement,"2022-12-18","2035-09-03",107084.97,Active
2804,43,Security Provision,"2021-05-13","2035-09-04",97024.14,Active
2805,31,Security Provision,"2021-05-24","2035-09-05",15178.32,Active
2806,34,Service Agreement,"2021-10-06","2035-09-06",81314.29,Active
2807,18,Service Agreement,"2020-08-22","2035-09-07",102692.74,Active
2808,29,Security Provision,"2021-08-23","2035-09-08",25237.33,Active
2809,13,Consulting,"2021-12-23","2035-09-09",87312.65,Active
2810,47,Consulting,"2022-01-24","2035-09-10",39896.45,Completed
2811,8,Service Agreement,"2022-11-21","2035-09-11",58650.01,Active
2812,48,Consulting,"2018-12-04","2035-09-12",23081.46,Active
2813,37,Fixed-Term,"2019-06-02","2035-09-13",42034.08,Active
2814,12,Service Agreement,"2018-08-12","2035-09-14",37370.21,Pending
2815,49,Security Provision,"2022-05-15","2035-09-15",57628.01,Completed
2816,9,Service Agreement,"2021-11-23","2035-09-16",70544.52,Active
2817,36,Security Provision,"2020-12-13","2035-09-17",131758.50,Active
2818,23,Fixed-Term,"2021-07-28","2035-09-18",45578.25,Pending
2819,1,Service Agreement,"2019-06-07","2035-09-19",121262.72,Active
2820,43,Security Provision,"2019-06-12","2035-09-20",108823.27,Active
2821,15,Service Agreement,"2023-04-20","2035-09-21",37401.06,Active
2822,3,Security Provision,"2018-08-07","2035-09-22",8262.04,Active
2823,9,Security Provision,"2018-12-06","2035-09-23",113119.17,Active
2824,28,Fixed-Term,"2021-03-25","2035-09-24",20722.09,Active
2825,28,Service Agreement,"2019-02-15","2035-09-25",92939.48,Active
2826,3,Service Agreement,"2023-03-14","2035-09-26",26911.36,Active
2827,46,Service Agreement,"2019-09-01","2035-09-27",106167.55,Active
2828,5,Service Agreement,"2021-02-23","2035-09-28",26823.61,Active
2829,15,Fixed-Term,"2023-03-22","2035-09-29",148555.28,Active
2830,21,Security Provision,"2019-01-24","2035-09-30",135812.63,Active
2831,32,Fixed-Term,"2020-11-19","2035-10-01",69558.19,Pending
2832,26,Security Provision,"2023-02-15","2035-10-02",111388.62,Active
2833,19,Service Agreement,"2022-05-09","2035-10-03",7110.33,Active
2834,30,Security Provision,"2021-10-06","2035-10-04",38410.26,Terminated
2835,16,Service Agreement,"2021-01-17","2035-10-05",28082.54,Active
2836,15,Security Provision,"2022-03-22","2035-10-06",143392.74,Completed
2837,35,Security Provision,"2022-04-20","2035-10-07",90082.37,Terminated
2838,5,Security Provision,"2021-12-31","2035-10-08",102582.07,Active
2839,42,Security Provision,"2018-10-31","2035-10-09",133673.90,Active
2840,23,Service Agreement,"2020-07-24","2035-10-10",6371.34,Active
2841,3,Consulting,"2019-12-12","2035-10-11",115441.53,Active
2842,6,Consulting,"2023-06-22","2035-10-12",44822.48,Active
2843,18,Security Provision,"2021-06-20","2035-10-13",38455.49,Active
2844,39,Security Provision,"2019-10-31","2035-10-14",27558.41,Active
2845,1,Security Provision,"2019-07-02","2035-10-15",29930.51,Active
2846,46,Fixed-Term,"2023-02-10","2035-10-16",52492.69,Active
2847,19,Consulting,"2022-09-16","2035-10-17",42900.71,Active
2848,44,Security Provision,"2020-01-21","2035-10-18",148316.80,Active
2849,11,Fixed-Term,"2022-11-16","2035-10-19",141611.05,Active
2850,10,Service Agreement,"2021-01-25","2035-10-20",100389.56,Pending
2851,37,Service Agreement,"2023-06-16","2035-10-21",139728.95,Active
2852,23,Service Agreement,"2020-09-08","2035-10-22",118934.70,Active
2853,41,Consulting,"2019-01-23","2035-10-23",76659.39,Active
2854,34,Fixed-Term,"2023-05-29","2035-10-24",65131.89,Pending
2855,34,Fixed-Term,"2019-08-16","2035-10-25",15077.83,Active
2856,19,Service Agreement,"2020-06-04","2035-10-26",71367.11,Active
2857,30,Security Provision,"2020-07-21","2035-10-27",110278.09,Active
2858,49,Security Provision,"2022-08-21","2035-10-28",17310.04,Active
2859,26,Consulting,"2021-07-16","2035-10-29",109166.11,Active
2860,16,Consulting,"2019-11-06","2035-10-30",149430.58,Active
2861,41,Service Agreement,"2021-01-01","2035-10-31",120154.11,Active
2862,38,Service Agreement,"2019-09-24","2035-11-01",69008.32,Active
2863,6,Service Agreement,"2020-05-17","2035-11-02",33856.90,Pending
2864,7,Service Agreement,"2018-08-07","2035-11-03",144241.35,Active
2865,39,Security Provision,"2023-08-01","2035-11-04",21998.94,Active
2866,47,Security Provision,"2019-01-12","2035-11-05",95528.48,Active
2867,22,Security Provision,"2021-04-09","2035-11-06",145670.19,Pending
2868,40,Security Provision,"2022-06-04","2035-11-07",24260.72,Completed
2869,45,Consulting,"2019-05-31","2035-11-08",59824.53,Active
2870,8,Service Agreement,"2019-01-07","2035-11-09",31012.26,Active
2871,49,Service Agreement,"2020-07-18","2035-11-10",93814.69,Active
2872,21,Service Agreement,"2020-11-19","2035-11-11",115141.32,Active
2873,11,Security Provision,"2022-11-10","2035-11-12",146098.16,Completed
2874,49,Security Provision,"2021-03-25","2035-11-13",11785.91,Active
2875,16,Consulting,"2019-05-13","2035-11-14",61494.01,Active
2876,1,Consulting,"2019-06-07","2035-11-15",21636.48,Active
2877,4,Fixed-Term,"2023-02-18","2035-11-16",13755.03,Active
2878,33,Consulting,"2019-04-02","2035-11-17",80257.71,Active
2879,43,Fixed-Term,"2020-11-30","2035-11-18",144145.55,Pending
2880,19,Fixed-Term,"2022-09-24","2035-11-19",8250.18,Active
2881,17,Security Provision,"2019-06-21","2035-11-20",9986.68,Active
2882,46,Service Agreement,"2022-06-10","2035-11-21",77771.66,Completed
2883,35,Service Agreement,"2020-10-18","2035-11-22",108971.47,Active
2884,1,Security Provision,"2022-02-02","2035-11-23",89442.82,Active
2885,29,Service Agreement,"2021-06-17","2035-11-24",67411.54,Active
2886,7,Consulting,"2018-12-01","2035-11-25",77450.41,Active
2887,32,Consulting,"2021-05-09","2035-11-26",77037.29,Terminated
2888,3,Security Provision,"2019-01-01","2035-11-27",44759.55,Active
2889,9,Security Provision,"2018-10-13","2035-11-28",135443.35,Completed
2890,2,Security Provision,"2020-04-25","2035-11-29",115609.97,Active
2891,44,Service Agreement,"2022-03-17","2035-11-30",127656.75,Active
2892,29,Security Provision,"2019-11-18","2035-12-01",24130.30,Active
2893,31,Security Provision,"2019-10-09","2035-12-02",57004.20,Active
2894,42,Security Provision,"2020-05-18","2035-12-03",142726.75,Active
2895,15,Security Provision,"2019-02-17","2035-12-04",102010.85,Pending
2896,22,Security Provision,"2020-07-31","2035-12-05",148358.01,Active
2897,39,Security Provision,"2023-06-17","2035-12-06",65295.11,Active
2898,6,Consulting,"2019-06-30","2035-12-07",30721.93,Active
2899,16,Security Provision,"2021-07-13","2035-12-08",87917.40,Active
2900,6,Service Agreement,"2022-01-14","2035-12-09",133785.10,Active
2901,25,Service Agreement,"2020-01-01","2035-12-10",54552.40,Active
2902,23,Consulting,"2020-10-24","2035-12-11",16548.44,Completed
2903,5,Security Provision,"2020-10-24","2035-12-12",144311.43,Active
2904,48,Service Agreement,"2020-08-09","2035-12-13",143676.98,Active
2905,37,Security Provision,"2019-03-24","2035-12-14",20175.04,Active
2906,46,Service Agreement,"2022-10-29","2035-12-15",111222.89,Active
2907,21,Service Agreement,"2023-05-16","2035-12-16",124693.79,Active
2908,5,Security Provision,"2023-05-30","2035-12-17",10203.81,Active
2909,21,Fixed-Term,"2019-06-28","2035-12-18",53900.63,Active
2910,43,Service Agreement,"2023-03-25","2035-12-19",114965.25,Active
2911,2,Consulting,"2022-08-26","2035-12-20",133580.40,Pending
2912,22,Security Provision,"2019-11-15","2035-12-21",24040.91,Active
2913,11,Fixed-Term,"2021-08-22","2035-12-22",54273.83,Active
2914,49,Consulting,"2022-11-29","2035-12-23",110375.16,Active
2915,25,Security Provision,"2022-10-15","2035-12-24",66174.88,Active
2916,9,Security Provision,"2021-07-31","2035-12-25",25565.34,Active
2917,38,Service Agreement,"2022-02-21","2035-12-26",106560.31,Pending
2918,16,Fixed-Term,"2021-08-29","2035-12-27",25386.93,Active
2919,5,Security Provision,"2021-12-13","2035-12-28",56771.41,Active
2920,5,Consulting,"2021-03-30","2035-12-29",132826.23,Active
2921,2,Consulting,"2021-02-02","2035-12-30",75929.65,Active
2922,4,Security Provision,"2019-10-31","2035-12-31",14277.45,Active
2923,39,Consulting,"2022-11-07","2036-01-01",105168.00,Active
2924,11,Security Provision,"2022-11-20","2036-01-02",128363.60,Active
2925,42,Service Agreement,"2021-12-15","2036-01-03",86912.00,Active
2926,25,Service Agreement,"2023-02-22","2036-01-04",139469.51,Active
2927,7,Consulting,"2020-03-29","2036-01-05",145744.60,Pending
2928,4,Consulting,"2021-08-09","2036-01-06",39152.49,Completed
2929,21,Consulting,"2023-01-02","2036-01-07",134564.90,Active
2930,37,Service Agreement,"2018-11-10","2036-01-08",6906.26,Active
2931,39,Security Provision,"2022-08-30","2036-01-09",49179.85,Completed
2932,21,Service Agreement,"2021-07-30","2036-01-10",137616.08,Active
2933,11,Security Provision,"2020-11-29","2036-01-11",63311.02,Active
2934,26,Service Agreement,"2021-03-24","2036-01-12",26571.51,Active
2935,41,Service Agreement,"2020-12-29","2036-01-13",41959.27,Active
2936,29,Consulting,"2021-08-02","2036-01-14",96829.51,Active
2937,20,Consulting,"2022-03-30","2036-01-15",149715.23,Active
2938,37,Service Agreement,"2021-03-05","2036-01-16",138013.48,Pending
2939,10,Service Agreement,"2020-12-02","2036-01-17",93416.85,Completed
2940,26,Security Provision,"2019-01-20","2036-01-18",68651.22,Active
2941,15,Security Provision,"2020-05-30","2036-01-19",7669.83,Terminated
2942,26,Security Provision,"2019-11-14","2036-01-20",49451.55,Active
2943,1,Service Agreement,"2022-07-27","2036-01-21",72042.20,Active
2944,45,Service Agreement,"2022-06-20","2036-01-22",108513.40,Completed
2945,13,Consulting,"2022-12-20","2036-01-23",108948.97,Active
2946,8,Consulting,"2023-01-14","2036-01-24",148022.44,Active
2947,38,Consulting,"2018-09-22","2036-01-25",54202.82,Active
2948,43,Service Agreement,"2022-09-24","2036-01-26",96574.99,Pending
2949,23,Security Provision,"2020-06-08","2036-01-27",27685.52,Active
2950,40,Service Agreement,"2023-07-06","2036-01-28",105881.08,Active
2951,19,Service Agreement,"2020-02-24","2036-01-29",41537.30,Terminated
2952,4,Service Agreement,"2021-05-26","2036-01-30",92548.27,Active
2953,28,Service Agreement,"2023-04-09","2036-01-31",19458.75,Completed
2954,17,Service Agreement,"2023-06-27","2036-02-01",119709.93,Pending
2955,6,Consulting,"2022-12-20","2036-02-02",19294.85,Active
2956,2,Security Provision,"2018-11-10","2036-02-03",133480.43,Completed
2957,11,Service Agreement,"2020-08-13","2036-02-04",129246.72,Active
2958,5,Consulting,"2019-03-07","2036-02-05",53743.02,Active
2959,5,Security Provision,"2022-03-13","2036-02-06",46013.29,Completed
2960,17,Service Agreement,"2019-11-25","2036-02-07",21097.28,Terminated
2961,14,Service Agreement,"2019-03-06","2036-02-08",144042.89,Active
2962,42,Security Provision,"2019-04-19","2036-02-09",65828.41,Active
2963,4,Service Agreement,"2020-08-12","2036-02-10",73025.79,Active
2964,3,Consulting,"2022-10-21","2036-02-11",109062.04,Active
2965,48,Consulting,"2020-01-13","2036-02-12",26033.64,Pending
2966,24,Security Provision,"2019-11-18","2036-02-13",123304.75,Pending
2967,7,Service Agreement,"2018-08-25","2036-02-14",134837.17,Active
2968,33,Security Provision,"2021-05-24","2036-02-15",140412.58,Active
2969,41,Security Provision,"2021-06-09","2036-02-16",63213.81,Active
2970,4,Fixed-Term,"2021-04-05","2036-02-17",102346.67,Active
2971,48,Service Agreement,"2022-11-05","2036-02-18",12688.77,Active
2972,9,Consulting,"2019-11-09","2036-02-19",122503.54,Active
2973,22,Service Agreement,"2022-06-05","2036-02-20",86411.80,Pending
2974,18,Consulting,"2021-09-21","2036-02-21",101965.41,Active
2975,9,Service Agreement,"2021-11-10","2036-02-22",105201.73,Active
2976,18,Security Provision,"2021-03-03","2036-02-23",44714.77,Terminated
2977,12,Consulting,"2021-02-19","2036-02-24",8391.20,Completed
2978,40,Security Provision,"2019-04-25","2036-02-25",144086.79,Active
2979,43,Security Provision,"2020-01-13","2036-02-26",15767.10,Active
2980,24,Security Provision,"2020-03-25","2036-02-27",94388.65,Active
2981,32,Consulting,"2021-04-15","2036-02-28",129053.73,Active
2982,9,Service Agreement,"2022-12-15","2036-02-29",86892.64,Pending
2983,46,Service Agreement,"2022-10-08","2036-03-01",19943.95,Pending
2984,49,Service Agreement,"2018-12-18","2036-03-02",57166.89,Active
2985,40,Security Provision,"2022-10-06","2036-03-03",91776.92,Active
2986,6,Service Agreement,"2019-12-28","2036-03-04",132612.00,Active
2987,1,Service Agreement,"2019-11-25","2036-03-05",118250.67,Terminated
2988,18,Security Provision,"2022-06-03","2036-03-06",112778.83,Active
2989,37,Service Agreement,"2022-09-09","2036-03-07",61966.08,Active
2990,25,Service Agreement,"2020-10-02","2036-03-08",126183.01,Active
2991,31,Security Provision,"2022-02-07","2036-03-09",129803.01,Active
2992,38,Fixed-Term,"2022-10-14","2036-03-10",134519.92,Active
2993,14,Service Agreement,"2019-10-14","2036-03-11",35535.62,Active
2994,19,Service Agreement,"2020-10-10","2036-03-12",97717.77,Active
2995,49,Consulting,"2022-05-09","2036-03-13",33822.74,Active
2996,6,Service Agreement,"2022-06-22","2036-03-14",52547.42,Active
2997,43,Service Agreement,"2020-12-28","2036-03-15",37694.06,Active
2998,39,Security Provision,"2020-12-09","2036-03-16",120342.92,Completed
2999,6,Service Agreement,"2019-05-28","2036-03-17",142281.44,Active
3000,33,Service Agreement,"2022-04-27","2036-03-18",109681.55,Active
