"assignment_id","site_id","employee_id","shift_type","assignment_date"
1,85,3427,Rotating,"2026-01-01"
2,10,3428,Night,"2026-01-01"
3,51,3429,Night,"2026-01-01"
4,54,3430,Morning,"2026-01-01"
5,65,3431,Rotating,"2026-01-01"
6,3,3432,Morning,"2026-01-01"
7,35,3433,Evening,"2026-01-01"
8,15,3434,Evening,"2026-01-01"
9,71,3435,Morning,"2026-01-01"
10,37,3436,Morning,"2026-01-01"
11,82,3437,Evening,"2026-01-01"
12,10,3438,Night,"2026-01-01"
13,64,3439,Evening,"2026-01-01"
14,24,3440,Morning,"2026-01-01"
15,72,3441,Night,"2026-01-01"
16,71,3442,Morning,"2026-01-01"
17,93,3443,Morning,"2026-01-01"
18,13,3444,Morning,"2026-01-01"
19,42,3445,Evening,"2026-01-01"
20,53,3446,Morning,"2026-01-01"
21,15,3447,Evening,"2026-01-01"
22,38,3448,Night,"2026-01-01"
23,81,3449,Evening,"2026-01-01"
24,42,3450,Morning,"2026-01-01"
25,67,3451,Morning,"2026-01-02"
26,95,3452,Rotating,"2026-01-02"
27,30,3453,Morning,"2026-01-02"
28,7,3454,Evening,"2026-01-02"
29,60,3455,Morning,"2026-01-02"
30,93,3456,Night,"2026-01-02"
31,37,3457,Morning,"2026-01-02"
32,40,3458,Evening,"2026-01-02"
33,34,3459,Morning,"2026-01-02"
34,48,3460,Evening,"2026-01-02"
35,55,3461,Rotating,"2026-01-02"
36,87,3462,Morning,"2026-01-02"
37,38,3463,Night,"2026-01-02"
38,82,3464,Morning,"2026-01-02"
39,96,3465,Morning,"2026-01-02"
40,49,3466,Morning,"2026-01-02"
41,9,3467,Night,"2026-01-02"
42,3,3468,Morning,"2026-01-02"
43,8,3469,Night,"2026-01-02"
44,59,3470,Morning,"2026-01-02"
45,7,3471,Rotating,"2026-01-02"
46,7,3472,Morning,"2026-01-02"
47,48,3473,Night,"2026-01-02"
48,1,3474,Evening,"2026-01-02"
49,43,3475,Morning,"2026-01-03"
50,18,3476,Morning,"2026-01-03"
51,75,3477,Evening,"2026-01-03"
52,82,3478,Morning,"2026-01-03"
53,11,3479,Morning,"2026-01-03"
54,1,3480,Morning,"2026-01-03"
55,21,3481,Night,"2026-01-03"
56,33,3482,Morning,"2026-01-03"
57,66,3483,Night,"2026-01-03"
58,52,3484,Night,"2026-01-03"
59,68,3485,Evening,"2026-01-03"
60,29,3486,Morning,"2026-01-03"
61,52,3487,Evening,"2026-01-03"
62,59,3488,Morning,"2026-01-03"
63,35,3489,Evening,"2026-01-03"
64,51,3490,Night,"2026-01-03"
65,12,3491,Morning,"2026-01-03"
66,94,3492,Rotating,"2026-01-03"
67,93,3493,Evening,"2026-01-03"
68,18,3494,Evening,"2026-01-03"
69,66,3495,Morning,"2026-01-03"
70,47,3496,Evening,"2026-01-03"
71,11,3497,Morning,"2026-01-03"
72,25,3498,Evening,"2026-01-03"
73,55,3499,Rotating,"2026-01-04"
74,55,3500,Morning,"2026-01-04"
75,4,3501,Morning,"2026-01-04"
76,20,3502,Evening,"2026-01-04"
77,23,3503,Evening,"2026-01-04"
78,16,3504,Evening,"2026-01-04"
79,5,3505,Morning,"2026-01-04"
80,100,3506,Evening,"2026-01-04"
81,68,3507,Morning,"2026-01-04"
82,88,3508,Morning,"2026-01-04"
83,16,3509,Morning,"2026-01-04"
84,2,3510,Evening,"2026-01-04"
85,29,3511,Night,"2026-01-04"
86,8,3512,Night,"2026-01-04"
87,6,3513,Evening,"2026-01-04"
88,16,3514,Morning,"2026-01-04"
89,73,3515,Night,"2026-01-04"
90,78,3516,Morning,"2026-01-04"
91,80,3517,Evening,"2026-01-04"
92,30,3518,Night,"2026-01-04"
93,5,3519,Morning,"2026-01-04"
94,30,3520,Night,"2026-01-04"
95,5,3521,Morning,"2026-01-04"
96,17,3522,Evening,"2026-01-04"
97,30,3523,Morning,"2026-01-05"
98,93,3524,Morning,"2026-01-05"
99,25,3525,Night,"2026-01-05"
100,74,3526,Morning,"2026-01-05"
101,86,3527,Morning,"2026-01-05"
102,70,3528,Night,"2026-01-05"
103,62,3529,Morning,"2026-01-05"
104,35,3530,Morning,"2026-01-05"
105,41,3531,Night,"2026-01-05"
106,47,3532,Rotating,"2026-01-05"
107,85,3533,Evening,"2026-01-05"
108,86,3534,Morning,"2026-01-05"
109,15,3535,Rotating,"2026-01-05"
110,60,3536,Morning,"2026-01-05"
111,4,3537,Morning,"2026-01-05"
112,33,3538,Night,"2026-01-05"
113,29,3539,Night,"2026-01-05"
114,29,3540,Morning,"2026-01-05"
115,90,3541,Evening,"2026-01-05"
116,57,3542,Evening,"2026-01-05"
117,3,3543,Morning,"2026-01-05"
118,54,3544,Morning,"2026-01-05"
119,9,3545,Evening,"2026-01-05"
120,60,3546,Morning,"2026-01-05"
121,62,3547,Rotating,"2026-01-06"
122,16,3548,Rotating,"2026-01-06"
123,78,3549,Morning,"2026-01-06"
124,61,3550,Night,"2026-01-06"
125,89,3551,Morning,"2026-01-06"
126,48,3552,Morning,"2026-01-06"
127,90,3553,Morning,"2026-01-06"
128,72,3554,Morning,"2026-01-06"
129,53,3555,Evening,"2026-01-06"
130,88,3556,Morning,"2026-01-06"
131,86,3557,Morning,"2026-01-06"
132,20,3558,Morning,"2026-01-06"
133,76,3559,Rotating,"2026-01-06"
134,3,3560,Morning,"2026-01-06"
135,84,3561,Morning,"2026-01-06"
136,21,3562,Evening,"2026-01-06"
137,13,3563,Evening,"2026-01-06"
138,13,3564,Night,"2026-01-06"
139,100,3565,Evening,"2026-01-06"
140,100,3566,Morning,"2026-01-06"
141,83,3567,Night,"2026-01-06"
142,89,3568,Night,"2026-01-06"
143,36,3569,Evening,"2026-01-06"
144,71,3570,Evening,"2026-01-06"
145,18,3571,Morning,"2026-01-07"
146,24,3572,Morning,"2026-01-07"
147,92,3573,Evening,"2026-01-07"
148,19,3574,Morning,"2026-01-07"
149,3,3575,Night,"2026-01-07"
150,6,3576,Evening,"2026-01-07"
151,19,3577,Morning,"2026-01-07"
152,28,3578,Morning,"2026-01-07"
153,7,3579,Morning,"2026-01-07"
154,22,3580,Rotating,"2026-01-07"
155,28,3581,Evening,"2026-01-07"
156,83,3582,Evening,"2026-01-07"
157,61,3583,Evening,"2026-01-07"
158,26,3584,Morning,"2026-01-07"
159,72,3585,Night,"2026-01-07"
160,65,3586,Evening,"2026-01-07"
161,83,3587,Evening,"2026-01-07"
162,8,3588,Evening,"2026-01-07"
163,88,3589,Evening,"2026-01-07"
164,79,3590,Night,"2026-01-07"
165,15,3591,Morning,"2026-01-07"
166,57,3592,Morning,"2026-01-07"
167,88,3593,Morning,"2026-01-07"
168,29,3594,Evening,"2026-01-07"
169,48,3595,Morning,"2026-01-08"
170,15,3596,Morning,"2026-01-08"
171,84,3597,Morning,"2026-01-08"
172,60,3598,Evening,"2026-01-08"
173,10,3599,Evening,"2026-01-08"
174,15,3600,Evening,"2026-01-08"
175,60,3601,Evening,"2026-01-08"
176,70,3602,Night,"2026-01-08"
177,47,3603,Night,"2026-01-08"
178,53,3604,Evening,"2026-01-08"
179,70,3605,Night,"2026-01-08"
180,32,3606,Rotating,"2026-01-08"
181,90,3607,Morning,"2026-01-08"
182,85,3608,Evening,"2026-01-08"
183,70,3609,Evening,"2026-01-08"
184,7,3610,Morning,"2026-01-08"
185,18,3611,Morning,"2026-01-08"
186,100,3612,Night,"2026-01-08"
187,30,3613,Morning,"2026-01-08"
188,52,3614,Rotating,"2026-01-08"
189,54,3615,Rotating,"2026-01-08"
190,11,3616,Morning,"2026-01-08"
191,83,3617,Evening,"2026-01-08"
192,85,3618,Night,"2026-01-08"
193,96,3619,Evening,"2026-01-09"
194,100,3620,Night,"2026-01-09"
195,53,3621,Evening,"2026-01-09"
196,24,3622,Night,"2026-01-09"
197,18,3623,Morning,"2026-01-09"
198,80,3624,Morning,"2026-01-09"
199,99,3625,Night,"2026-01-09"
200,39,3626,Evening,"2026-01-09"
201,31,3627,Evening,"2026-01-09"
202,67,3628,Morning,"2026-01-09"
203,70,3629,Evening,"2026-01-09"
204,11,3630,Morning,"2026-01-09"
205,59,3631,Morning,"2026-01-09"
206,25,3632,Rotating,"2026-01-09"
207,20,3633,Morning,"2026-01-09"
208,33,3634,Rotating,"2026-01-09"
209,44,3635,Night,"2026-01-09"
210,19,3636,Evening,"2026-01-09"
211,83,3637,Night,"2026-01-09"
212,98,3638,Evening,"2026-01-09"
213,44,3639,Morning,"2026-01-09"
214,51,3640,Morning,"2026-01-09"
215,39,3641,Evening,"2026-01-09"
216,17,3642,Morning,"2026-01-09"
217,94,3643,Night,"2026-01-10"
218,62,3644,Night,"2026-01-10"
219,96,3645,Night,"2026-01-10"
220,31,3646,Evening,"2026-01-10"
221,36,3647,Morning,"2026-01-10"
222,10,3648,Evening,"2026-01-10"
223,85,3649,Morning,"2026-01-10"
224,49,3650,Morning,"2026-01-10"
225,51,3651,Night,"2026-01-10"
226,66,3652,Night,"2026-01-10"
227,25,3653,Night,"2026-01-10"
228,35,3654,Evening,"2026-01-10"
229,62,3655,Evening,"2026-01-10"
230,14,3656,Night,"2026-01-10"
231,86,3657,Night,"2026-01-10"
232,16,3658,Morning,"2026-01-10"
233,100,3659,Morning,"2026-01-10"
234,13,3660,Night,"2026-01-10"
235,44,3661,Morning,"2026-01-10"
236,18,3662,Night,"2026-01-10"
237,21,3663,Night,"2026-01-10"
238,48,3664,Morning,"2026-01-10"
239,24,3665,Evening,"2026-01-10"
240,39,3666,Morning,"2026-01-10"
241,33,3667,Night,"2026-01-11"
242,41,3668,Morning,"2026-01-11"
243,31,3669,Rotating,"2026-01-11"
244,89,3670,Rotating,"2026-01-11"
245,84,3671,Morning,"2026-01-11"
246,72,3672,Night,"2026-01-11"
247,85,3673,Morning,"2026-01-11"
248,38,3674,Morning,"2026-01-11"
249,86,3675,Morning,"2026-01-11"
250,100,3676,Night,"2026-01-11"
251,30,3677,Morning,"2026-01-11"
252,85,3678,Night,"2026-01-11"
253,6,3679,Morning,"2026-01-11"
254,15,3680,Morning,"2026-01-11"
255,28,3681,Evening,"2026-01-11"
256,21,3682,Night,"2026-01-11"
257,9,3683,Morning,"2026-01-11"
258,15,3684,Evening,"2026-01-11"
259,93,3685,Morning,"2026-01-11"
260,50,3686,Evening,"2026-01-11"
261,6,3687,Morning,"2026-01-11"
262,5,3688,Night,"2026-01-11"
263,16,3689,Evening,"2026-01-11"
264,24,3690,Morning,"2026-01-11"
265,30,3691,Evening,"2026-01-12"
266,86,3692,Morning,"2026-01-12"
267,100,3693,Morning,"2026-01-12"
268,76,3694,Night,"2026-01-12"
269,84,3695,Rotating,"2026-01-12"
270,23,3696,Morning,"2026-01-12"
271,5,3697,Night,"2026-01-12"
272,14,3698,Morning,"2026-01-12"
273,91,3699,Rotating,"2026-01-12"
274,51,3700,Evening,"2026-01-12"
275,1,3701,Night,"2026-01-12"
276,36,3702,Morning,"2026-01-12"
277,18,3703,Evening,"2026-01-12"
278,75,3704,Evening,"2026-01-12"
279,100,3705,Morning,"2026-01-12"
280,10,3706,Evening,"2026-01-12"
281,78,3707,Morning,"2026-01-12"
282,83,3708,Evening,"2026-01-12"
283,9,3709,Morning,"2026-01-12"
284,38,3710,Morning,"2026-01-12"
285,84,3711,Morning,"2026-01-12"
286,90,3712,Morning,"2026-01-12"
287,94,3713,Evening,"2026-01-12"
288,41,3714,Night,"2026-01-12"
289,25,3715,Evening,"2026-01-13"
290,23,3716,Night,"2026-01-13"
291,90,3717,Night,"2026-01-13"
292,27,3718,Morning,"2026-01-13"
293,73,3719,Morning,"2026-01-13"
294,10,3720,Evening,"2026-01-13"
295,16,3721,Evening,"2026-01-13"
296,28,3722,Morning,"2026-01-13"
297,72,3723,Morning,"2026-01-13"
298,43,3724,Morning,"2026-01-13"
299,21,3725,Evening,"2026-01-13"
300,79,3726,Evening,"2026-01-13"
301,95,3727,Rotating,"2026-01-13"
302,75,3728,Night,"2026-01-13"
303,36,3729,Night,"2026-01-13"
304,67,3730,Morning,"2026-01-13"
305,67,3731,Rotating,"2026-01-13"
306,24,3732,Night,"2026-01-13"
307,98,3733,Evening,"2026-01-13"
308,54,3734,Evening,"2026-01-13"
309,92,3735,Evening,"2026-01-13"
310,61,3736,Night,"2026-01-13"
311,17,3737,Morning,"2026-01-13"
312,39,3738,Morning,"2026-01-13"
313,37,3739,Night,"2026-01-14"
314,16,3740,Night,"2026-01-14"
315,65,3741,Night,"2026-01-14"
316,6,3742,Morning,"2026-01-14"
317,30,3743,Morning,"2026-01-14"
318,11,3744,Night,"2026-01-14"
319,14,3745,Morning,"2026-01-14"
320,23,3746,Rotating,"2026-01-14"
321,68,3747,Night,"2026-01-14"
322,97,3748,Morning,"2026-01-14"
323,56,3749,Evening,"2026-01-14"
324,63,3750,Night,"2026-01-14"
325,62,3751,Evening,"2026-01-14"
326,2,3752,Rotating,"2026-01-14"
327,90,3753,Evening,"2026-01-14"
328,23,3754,Evening,"2026-01-14"
329,99,3755,Night,"2026-01-14"
330,14,3756,Night,"2026-01-14"
331,78,3757,Evening,"2026-01-14"
332,36,3758,Evening,"2026-01-14"
333,11,3759,Evening,"2026-01-14"
334,23,3760,Evening,"2026-01-14"
335,4,3761,Evening,"2026-01-14"
336,6,3762,Morning,"2026-01-14"
337,99,3763,Evening,"2026-01-15"
338,18,3764,Morning,"2026-01-15"
339,28,3765,Morning,"2026-01-15"
340,49,3766,Evening,"2026-01-15"
341,70,3767,Morning,"2026-01-15"
342,28,3768,Morning,"2026-01-15"
343,16,3769,Rotating,"2026-01-15"
344,75,3770,Morning,"2026-01-15"
345,84,3771,Evening,"2026-01-15"
346,66,3772,Night,"2026-01-15"
347,10,3773,Evening,"2026-01-15"
348,60,3774,Evening,"2026-01-15"
349,86,3775,Rotating,"2026-01-15"
350,75,3776,Night,"2026-01-15"
351,84,3777,Morning,"2026-01-15"
352,74,3778,Rotating,"2026-01-15"
353,26,3779,Morning,"2026-01-15"
354,1,3780,Morning,"2026-01-15"
355,90,3781,Rotating,"2026-01-15"
356,15,3782,Night,"2026-01-15"
357,16,3783,Evening,"2026-01-15"
358,22,3784,Night,"2026-01-15"
359,95,3785,Evening,"2026-01-15"
360,8,3786,Morning,"2026-01-15"
361,78,3787,Night,"2026-01-16"
362,22,3788,Evening,"2026-01-16"
363,57,3789,Rotating,"2026-01-16"
364,31,3790,Evening,"2026-01-16"
365,79,3791,Morning,"2026-01-16"
366,23,3792,Night,"2026-01-16"
367,2,3793,Morning,"2026-01-16"
368,58,3794,Evening,"2026-01-16"
369,21,3795,Evening,"2026-01-16"
370,61,3796,Evening,"2026-01-16"
371,34,3797,Morning,"2026-01-16"
372,30,3798,Night,"2026-01-16"
373,24,3799,Morning,"2026-01-16"
374,51,3800,Evening,"2026-01-16"
375,13,3801,Morning,"2026-01-16"
376,84,3802,Evening,"2026-01-16"
377,36,3803,Morning,"2026-01-16"
378,87,3804,Evening,"2026-01-16"
379,45,3805,Morning,"2026-01-16"
380,37,3806,Evening,"2026-01-16"
381,22,3807,Night,"2026-01-16"
382,82,3808,Rotating,"2026-01-16"
383,60,3809,Morning,"2026-01-16"
384,52,3810,Night,"2026-01-16"
385,85,3811,Night,"2026-01-17"
386,48,3812,Evening,"2026-01-17"
387,89,3813,Evening,"2026-01-17"
388,31,3814,Evening,"2026-01-17"
389,14,3815,Night,"2026-01-17"
390,63,3816,Morning,"2026-01-17"
391,25,3817,Morning,"2026-01-17"
392,98,3818,Evening,"2026-01-17"
393,61,3819,Morning,"2026-01-17"
394,39,3820,Morning,"2026-01-17"
395,11,3821,Night,"2026-01-17"
396,56,3822,Morning,"2026-01-17"
397,89,3823,Night,"2026-01-17"
398,22,3824,Rotating,"2026-01-17"
399,87,3825,Evening,"2026-01-17"
400,43,3826,Rotating,"2026-01-17"
401,35,3827,Night,"2026-01-17"
402,86,3828,Morning,"2026-01-17"
403,2,3829,Evening,"2026-01-17"
404,93,3830,Morning,"2026-01-17"
405,85,3831,Morning,"2026-01-17"
406,8,3832,Night,"2026-01-17"
407,82,3833,Evening,"2026-01-17"
408,89,3834,Morning,"2026-01-17"
409,60,3835,Evening,"2026-01-18"
410,16,3836,Night,"2026-01-18"
411,70,3837,Evening,"2026-01-18"
412,88,3838,Morning,"2026-01-18"
413,60,3839,Morning,"2026-01-18"
414,55,3840,Night,"2026-01-18"
415,27,3841,Morning,"2026-01-18"
416,30,3842,Evening,"2026-01-18"
417,16,3843,Rotating,"2026-01-18"
418,94,3844,Evening,"2026-01-18"
419,48,3845,Morning,"2026-01-18"
420,4,3846,Evening,"2026-01-18"
421,100,3847,Morning,"2026-01-18"
422,25,3848,Morning,"2026-01-18"
423,76,3849,Rotating,"2026-01-18"
424,61,3850,Night,"2026-01-18"
425,41,3851,Rotating,"2026-01-18"
426,26,3852,Morning,"2026-01-18"
427,66,3853,Morning,"2026-01-18"
428,37,3854,Rotating,"2026-01-18"
429,92,3855,Morning,"2026-01-18"
430,59,3856,Night,"2026-01-18"
431,51,3857,Rotating,"2026-01-18"
432,82,3858,Morning,"2026-01-18"
433,43,3859,Night,"2026-01-19"
434,9,3860,Morning,"2026-01-19"
435,3,3861,Morning,"2026-01-19"
436,61,3862,Evening,"2026-01-19"
437,62,3863,Morning,"2026-01-19"
438,33,3864,Evening,"2026-01-19"
439,7,3865,Morning,"2026-01-19"
440,88,3866,Evening,"2026-01-19"
441,93,3867,Morning,"2026-01-19"
442,43,3868,Morning,"2026-01-19"
443,39,3869,Morning,"2026-01-19"
444,45,3870,Night,"2026-01-19"
445,92,3871,Morning,"2026-01-19"
446,77,3872,Evening,"2026-01-19"
447,84,3873,Morning,"2026-01-19"
448,26,3874,Morning,"2026-01-19"
449,21,3875,Rotating,"2026-01-19"
450,16,3876,Night,"2026-01-19"
451,6,3877,Evening,"2026-01-19"
452,58,3878,Morning,"2026-01-19"
453,3,3879,Night,"2026-01-19"
454,82,3880,Morning,"2026-01-19"
455,18,3881,Morning,"2026-01-19"
456,89,3882,Rotating,"2026-01-19"
457,71,3883,Evening,"2026-01-20"
458,81,3884,Rotating,"2026-01-20"
459,86,3885,Evening,"2026-01-20"
460,20,3886,Morning,"2026-01-20"
461,87,3887,Morning,"2026-01-20"
462,41,3888,Evening,"2026-01-20"
463,96,3889,Evening,"2026-01-20"
464,31,3890,Morning,"2026-01-20"
465,44,3891,Morning,"2026-01-20"
466,68,3892,Morning,"2026-01-20"
467,54,3893,Morning,"2026-01-20"
468,68,3894,Morning,"2026-01-20"
469,54,3895,Evening,"2026-01-20"
470,30,3896,Morning,"2026-01-20"
471,96,3897,Morning,"2026-01-20"
472,78,3898,Night,"2026-01-20"
473,16,3899,Rotating,"2026-01-20"
474,48,3900,Evening,"2026-01-20"
475,35,3901,Night,"2026-01-20"
476,17,3902,Evening,"2026-01-20"
477,12,3903,Morning,"2026-01-20"
478,14,3904,Morning,"2026-01-20"
479,23,3905,Night,"2026-01-20"
480,29,3906,Morning,"2026-01-20"
481,76,3907,Morning,"2026-01-21"
482,26,3908,Evening,"2026-01-21"
483,28,3909,Morning,"2026-01-21"
484,34,3910,Rotating,"2026-01-21"
485,36,3911,Evening,"2026-01-21"
486,68,3912,Evening,"2026-01-21"
487,41,3913,Night,"2026-01-21"
488,30,3914,Night,"2026-01-21"
489,71,3915,Evening,"2026-01-21"
490,9,3916,Evening,"2026-01-21"
491,15,3917,Morning,"2026-01-21"
492,53,3918,Morning,"2026-01-21"
493,76,3919,Morning,"2026-01-21"
494,96,3920,Evening,"2026-01-21"
495,1,3921,Night,"2026-01-21"
496,30,3922,Night,"2026-01-21"
497,5,3923,Night,"2026-01-21"
498,95,3924,Morning,"2026-01-21"
499,86,3925,Morning,"2026-01-21"
500,1,3926,Evening,"2026-01-21"
501,34,3927,Evening,"2026-01-21"
502,90,3928,Night,"2026-01-21"
503,67,3929,Night,"2026-01-21"
504,10,3930,Rotating,"2026-01-21"
505,77,3931,Morning,"2026-01-22"
506,97,3932,Morning,"2026-01-22"
507,64,3933,Night,"2026-01-22"
508,88,3934,Morning,"2026-01-22"
509,97,3935,Evening,"2026-01-22"
510,51,3936,Evening,"2026-01-22"
511,43,3937,Night,"2026-01-22"
512,95,3938,Evening,"2026-01-22"
513,68,3939,Morning,"2026-01-22"
514,29,3940,Morning,"2026-01-22"
515,10,3941,Night,"2026-01-22"
516,51,3942,Evening,"2026-01-22"
517,70,3943,Morning,"2026-01-22"
518,61,3944,Night,"2026-01-22"
519,65,3945,Morning,"2026-01-22"
520,46,3946,Night,"2026-01-22"
521,68,3947,Evening,"2026-01-22"
522,75,3948,Night,"2026-01-22"
523,25,3949,Morning,"2026-01-22"
524,8,3950,Morning,"2026-01-22"
525,23,3951,Morning,"2026-01-22"
526,88,3952,Evening,"2026-01-22"
527,35,3953,Morning,"2026-01-22"
528,10,3954,Morning,"2026-01-22"
529,76,3955,Morning,"2026-01-23"
530,45,3956,Night,"2026-01-23"
531,62,3957,Morning,"2026-01-23"
532,5,3958,Morning,"2026-01-23"
533,50,3959,Rotating,"2026-01-23"
534,71,3960,Morning,"2026-01-23"
535,54,3961,Night,"2026-01-23"
536,2,3962,Evening,"2026-01-23"
537,99,3963,Morning,"2026-01-23"
538,77,3964,Evening,"2026-01-23"
539,65,3965,Morning,"2026-01-23"
540,33,3966,Night,"2026-01-23"
541,50,3967,Evening,"2026-01-23"
542,30,3968,Rotating,"2026-01-23"
543,59,3969,Morning,"2026-01-23"
544,77,3970,Night,"2026-01-23"
545,64,3971,Rotating,"2026-01-23"
546,12,3972,Night,"2026-01-23"
547,50,3973,Evening,"2026-01-23"
548,99,3974,Rotating,"2026-01-23"
549,79,3975,Evening,"2026-01-23"
550,62,3976,Night,"2026-01-23"
551,97,3977,Evening,"2026-01-23"
552,88,3978,Evening,"2026-01-23"
553,11,3979,Morning,"2026-01-24"
554,99,3980,Morning,"2026-01-24"
555,84,3981,Evening,"2026-01-24"
556,38,3982,Evening,"2026-01-24"
557,73,3983,Morning,"2026-01-24"
558,8,3984,Morning,"2026-01-24"
559,92,3985,Night,"2026-01-24"
560,2,3986,Morning,"2026-01-24"
561,73,3987,Night,"2026-01-24"
562,80,3988,Evening,"2026-01-24"
563,62,3989,Evening,"2026-01-24"
564,8,3990,Evening,"2026-01-24"
565,64,3991,Evening,"2026-01-24"
566,86,3992,Evening,"2026-01-24"
567,51,3993,Evening,"2026-01-24"
568,62,3994,Morning,"2026-01-24"
569,27,3995,Morning,"2026-01-24"
570,47,3996,Night,"2026-01-24"
571,74,3997,Rotating,"2026-01-24"
572,47,3998,Morning,"2026-01-24"
573,83,3999,Evening,"2026-01-24"
574,31,4000,Morning,"2026-01-24"
575,61,1001,Morning,"2026-01-24"
576,12,1002,Evening,"2026-01-24"
577,59,1003,Night,"2026-01-25"
578,93,1004,Rotating,"2026-01-25"
579,39,1005,Evening,"2026-01-25"
580,61,1006,Night,"2026-01-25"
581,16,1007,Night,"2026-01-25"
582,72,1008,Night,"2026-01-25"
583,46,1009,Night,"2026-01-25"
584,25,1010,Night,"2026-01-25"
585,6,1011,Evening,"2026-01-25"
586,2,1012,Rotating,"2026-01-25"
587,4,1013,Night,"2026-01-25"
588,60,1014,Evening,"2026-01-25"
589,93,1015,Rotating,"2026-01-25"
590,1,1016,Evening,"2026-01-25"
591,50,1017,Night,"2026-01-25"
592,43,1018,Morning,"2026-01-25"
593,83,1019,Morning,"2026-01-25"
594,63,1020,Morning,"2026-01-25"
595,38,1021,Morning,"2026-01-25"
596,68,1022,Morning,"2026-01-25"
597,63,1023,Rotating,"2026-01-25"
598,19,1024,Morning,"2026-01-25"
599,35,1025,Evening,"2026-01-25"
600,74,1026,Morning,"2026-01-25"
601,29,1027,Night,"2026-01-26"
602,68,1028,Evening,"2026-01-26"
603,20,1029,Rotating,"2026-01-26"
604,48,1030,Morning,"2026-01-26"
605,55,1031,Rotating,"2026-01-26"
606,41,1032,Evening,"2026-01-26"
607,27,1033,Morning,"2026-01-26"
608,35,1034,Rotating,"2026-01-26"
609,79,1035,Evening,"2026-01-26"
610,66,1036,Evening,"2026-01-26"
611,32,1037,Evening,"2026-01-26"
612,78,1038,Morning,"2026-01-26"
613,53,1039,Morning,"2026-01-26"
614,8,1040,Evening,"2026-01-26"
615,73,1041,Rotating,"2026-01-26"
616,97,1042,Evening,"2026-01-26"
617,51,1043,Night,"2026-01-26"
618,13,1044,Evening,"2026-01-26"
619,49,1045,Evening,"2026-01-26"
620,71,1046,Rotating,"2026-01-26"
621,63,1047,Evening,"2026-01-26"
622,37,1048,Night,"2026-01-26"
623,54,1049,Night,"2026-01-26"
624,99,1050,Evening,"2026-01-26"
625,78,1051,Evening,"2026-01-27"
626,84,1052,Night,"2026-01-27"
627,28,1053,Evening,"2026-01-27"
628,92,1054,Morning,"2026-01-27"
629,83,1055,Night,"2026-01-27"
630,15,1056,Rotating,"2026-01-27"
631,27,1057,Evening,"2026-01-27"
632,19,1058,Morning,"2026-01-27"
633,8,1059,Morning,"2026-01-27"
634,67,1060,Evening,"2026-01-27"
635,84,1061,Evening,"2026-01-27"
636,37,1062,Evening,"2026-01-27"
637,75,1063,Night,"2026-01-27"
638,93,1064,Morning,"2026-01-27"
639,81,1065,Evening,"2026-01-27"
640,52,1066,Morning,"2026-01-27"
641,19,1067,Morning,"2026-01-27"
642,73,1068,Morning,"2026-01-27"
643,93,1069,Evening,"2026-01-27"
644,37,1070,Morning,"2026-01-27"
645,22,1071,Evening,"2026-01-27"
646,6,1072,Morning,"2026-01-27"
647,30,1073,Morning,"2026-01-27"
648,46,1074,Morning,"2026-01-27"
649,47,1075,Morning,"2026-01-28"
650,68,1076,Evening,"2026-01-28"
651,24,1077,Evening,"2026-01-28"
652,75,1078,Morning,"2026-01-28"
653,51,1079,Evening,"2026-01-28"
654,31,1080,Morning,"2026-01-28"
655,29,1081,Evening,"2026-01-28"
656,26,1082,Night,"2026-01-28"
657,34,1083,Morning,"2026-01-28"
658,50,1084,Night,"2026-01-28"
659,59,1085,Evening,"2026-01-28"
660,54,1086,Evening,"2026-01-28"
661,44,1087,Morning,"2026-01-28"
662,98,1088,Evening,"2026-01-28"
663,88,1089,Night,"2026-01-28"
664,17,1090,Night,"2026-01-28"
665,74,1091,Morning,"2026-01-28"
666,29,1092,Morning,"2026-01-28"
667,7,1093,Evening,"2026-01-28"
668,4,1094,Evening,"2026-01-28"
669,81,1095,Morning,"2026-01-28"
670,8,1096,Morning,"2026-01-28"
671,92,1097,Night,"2026-01-28"
672,73,1098,Rotating,"2026-01-28"
673,58,1099,Night,"2026-01-29"
674,84,1100,Evening,"2026-01-29"
675,16,1101,Rotating,"2026-01-29"
676,92,1102,Morning,"2026-01-29"
677,87,1103,Evening,"2026-01-29"
678,97,1104,Evening,"2026-01-29"
679,11,1105,Morning,"2026-01-29"
680,33,1106,Morning,"2026-01-29"
681,6,1107,Morning,"2026-01-29"
682,67,1108,Morning,"2026-01-29"
683,70,1109,Morning,"2026-01-29"
684,71,1110,Evening,"2026-01-29"
685,77,1111,Morning,"2026-01-29"
686,48,1112,Rotating,"2026-01-29"
687,88,1113,Morning,"2026-01-29"
688,48,1114,Morning,"2026-01-29"
689,4,1115,Morning,"2026-01-29"
690,66,1116,Night,"2026-01-29"
691,28,1117,Morning,"2026-01-29"
692,98,1118,Evening,"2026-01-29"
693,36,1119,Morning,"2026-01-29"
694,66,1120,Evening,"2026-01-29"
695,50,1121,Morning,"2026-01-29"
696,7,1122,Night,"2026-01-29"
697,76,1123,Morning,"2026-01-30"
698,44,1124,Night,"2026-01-30"
699,79,1125,Morning,"2026-01-30"
700,78,1126,Morning,"2026-01-30"
701,60,1127,Evening,"2026-01-30"
702,98,1128,Morning,"2026-01-30"
703,74,1129,Morning,"2026-01-30"
704,3,1130,Evening,"2026-01-30"
705,92,1131,Evening,"2026-01-30"
706,17,1132,Evening,"2026-01-30"
707,67,1133,Evening,"2026-01-30"
708,1,1134,Evening,"2026-01-30"
709,71,1135,Morning,"2026-01-30"
710,34,1136,Morning,"2026-01-30"
711,8,1137,Evening,"2026-01-30"
712,6,1138,Evening,"2026-01-30"
713,28,1139,Night,"2026-01-30"
714,36,1140,Morning,"2026-01-30"
715,86,1141,Morning,"2026-01-30"
716,44,1142,Morning,"2026-01-30"
717,19,1143,Evening,"2026-01-30"
718,66,1144,Rotating,"2026-01-30"
719,15,1145,Rotating,"2026-01-30"
720,60,1146,Evening,"2026-01-30"
721,37,1147,Evening,"2026-01-31"
722,90,1148,Morning,"2026-01-31"
723,85,1149,Evening,"2026-01-31"
724,64,1150,Morning,"2026-01-31"
725,59,1151,Morning,"2026-01-31"
726,70,1152,Morning,"2026-01-31"
727,92,1153,Night,"2026-01-31"
728,41,1154,Morning,"2026-01-31"
729,84,1155,Morning,"2026-01-31"
730,89,1156,Morning,"2026-01-31"
731,38,1157,Morning,"2026-01-31"
732,46,1158,Rotating,"2026-01-31"
733,78,1159,Morning,"2026-01-31"
734,63,1160,Evening,"2026-01-31"
735,49,1161,Evening,"2026-01-31"
736,35,1162,Evening,"2026-01-31"
737,69,1163,Morning,"2026-01-31"
738,64,1164,Morning,"2026-01-31"
739,68,1165,Evening,"2026-01-31"
740,97,1166,Rotating,"2026-01-31"
741,75,1167,Evening,"2026-01-31"
742,40,1168,Evening,"2026-01-31"
743,71,1169,Rotating,"2026-01-31"
744,59,1170,Evening,"2026-01-31"
745,5,1171,Morning,"2026-02-01"
746,72,1172,Night,"2026-02-01"
747,64,1173,Morning,"2026-02-01"
748,56,1174,Evening,"2026-02-01"
749,10,1175,Evening,"2026-02-01"
750,38,1176,Morning,"2026-02-01"
751,54,1177,Night,"2026-02-01"
752,46,1178,Morning,"2026-02-01"
753,1,1179,Night,"2026-02-01"
754,65,1180,Morning,"2026-02-01"
755,40,1181,Rotating,"2026-02-01"
756,85,1182,Evening,"2026-02-01"
757,29,1183,Morning,"2026-02-01"
758,8,1184,Morning,"2026-02-01"
759,31,1185,Morning,"2026-02-01"
760,36,1186,Night,"2026-02-01"
761,48,1187,Morning,"2026-02-01"
762,5,1188,Morning,"2026-02-01"
763,46,1189,Morning,"2026-02-01"
764,84,1190,Night,"2026-02-01"
765,89,1191,Evening,"2026-02-01"
766,95,1192,Evening,"2026-02-01"
767,32,1193,Evening,"2026-02-01"
768,94,1194,Evening,"2026-02-01"
769,92,1195,Morning,"2026-02-02"
770,80,1196,Evening,"2026-02-02"
771,95,1197,Morning,"2026-02-02"
772,86,1198,Morning,"2026-02-02"
773,43,1199,Night,"2026-02-02"
774,71,1200,Evening,"2026-02-02"
775,37,1201,Morning,"2026-02-02"
776,48,1202,Evening,"2026-02-02"
777,81,1203,Evening,"2026-02-02"
778,77,1204,Evening,"2026-02-02"
779,19,1205,Evening,"2026-02-02"
780,3,1206,Morning,"2026-02-02"
781,23,1207,Morning,"2026-02-02"
782,15,1208,Evening,"2026-02-02"
783,2,1209,Rotating,"2026-02-02"
784,26,1210,Evening,"2026-02-02"
785,21,1211,Morning,"2026-02-02"
786,77,1212,Morning,"2026-02-02"
787,91,1213,Morning,"2026-02-02"
788,57,1214,Morning,"2026-02-02"
789,46,1215,Evening,"2026-02-02"
790,82,1216,Evening,"2026-02-02"
791,14,1217,Evening,"2026-02-02"
792,46,1218,Night,"2026-02-02"
793,48,1219,Morning,"2026-02-03"
794,37,1220,Morning,"2026-02-03"
795,46,1221,Morning,"2026-02-03"
796,73,1222,Morning,"2026-02-03"
797,53,1223,Morning,"2026-02-03"
798,32,1224,Morning,"2026-02-03"
799,95,1225,Night,"2026-02-03"
800,12,1226,Evening,"2026-02-03"
801,53,1227,Morning,"2026-02-03"
802,90,1228,Morning,"2026-02-03"
803,88,1229,Evening,"2026-02-03"
804,55,1230,Night,"2026-02-03"
805,52,1231,Evening,"2026-02-03"
806,1,1232,Morning,"2026-02-03"
807,84,1233,Evening,"2026-02-03"
808,81,1234,Night,"2026-02-03"
809,36,1235,Evening,"2026-02-03"
810,84,1236,Rotating,"2026-02-03"
811,12,1237,Night,"2026-02-03"
812,96,1238,Evening,"2026-02-03"
813,54,1239,Morning,"2026-02-03"
814,4,1240,Morning,"2026-02-03"
815,44,1241,Morning,"2026-02-03"
816,28,1242,Evening,"2026-02-03"
817,91,1243,Morning,"2026-02-04"
818,38,1244,Night,"2026-02-04"
819,11,1245,Morning,"2026-02-04"
820,31,1246,Morning,"2026-02-04"
821,1,1247,Morning,"2026-02-04"
822,81,1248,Evening,"2026-02-04"
823,93,1249,Evening,"2026-02-04"
824,88,1250,Evening,"2026-02-04"
825,26,1251,Evening,"2026-02-04"
826,65,1252,Rotating,"2026-02-04"
827,62,1253,Evening,"2026-02-04"
828,3,1254,Night,"2026-02-04"
829,96,1255,Morning,"2026-02-04"
830,22,1256,Morning,"2026-02-04"
831,49,1257,Night,"2026-02-04"
832,29,1258,Morning,"2026-02-04"
833,71,1259,Morning,"2026-02-04"
834,89,1260,Morning,"2026-02-04"
835,23,1261,Night,"2026-02-04"
836,98,1262,Evening,"2026-02-04"
837,17,1263,Evening,"2026-02-04"
838,20,1264,Morning,"2026-02-04"
839,38,1265,Rotating,"2026-02-04"
840,34,1266,Night,"2026-02-04"
841,88,1267,Evening,"2026-02-05"
842,22,1268,Morning,"2026-02-05"
843,58,1269,Morning,"2026-02-05"
844,95,1270,Rotating,"2026-02-05"
845,49,1271,Evening,"2026-02-05"
846,62,1272,Evening,"2026-02-05"
847,73,1273,Evening,"2026-02-05"
848,34,1274,Morning,"2026-02-05"
849,2,1275,Night,"2026-02-05"
850,79,1276,Night,"2026-02-05"
851,97,1277,Night,"2026-02-05"
852,95,1278,Night,"2026-02-05"
853,15,1279,Rotating,"2026-02-05"
854,22,1280,Evening,"2026-02-05"
855,61,1281,Night,"2026-02-05"
856,75,1282,Rotating,"2026-02-05"
857,29,1283,Morning,"2026-02-05"
858,43,1284,Morning,"2026-02-05"
859,68,1285,Evening,"2026-02-05"
860,82,1286,Evening,"2026-02-05"
861,98,1287,Rotating,"2026-02-05"
862,2,1288,Morning,"2026-02-05"
863,51,1289,Night,"2026-02-05"
864,27,1290,Morning,"2026-02-05"
865,24,1291,Evening,"2026-02-06"
866,59,1292,Evening,"2026-02-06"
867,1,1293,Night,"2026-02-06"
868,97,1294,Morning,"2026-02-06"
869,23,1295,Morning,"2026-02-06"
870,65,1296,Morning,"2026-02-06"
871,31,1297,Morning,"2026-02-06"
872,22,1298,Morning,"2026-02-06"
873,14,1299,Night,"2026-02-06"
874,72,1300,Evening,"2026-02-06"
875,91,1301,Morning,"2026-02-06"
876,56,1302,Evening,"2026-02-06"
877,87,1303,Morning,"2026-02-06"
878,86,1304,Evening,"2026-02-06"
879,8,1305,Evening,"2026-02-06"
880,65,1306,Morning,"2026-02-06"
881,87,1307,Morning,"2026-02-06"
882,78,1308,Morning,"2026-02-06"
883,35,1309,Evening,"2026-02-06"
884,43,1310,Morning,"2026-02-06"
885,50,1311,Rotating,"2026-02-06"
886,28,1312,Evening,"2026-02-06"
887,6,1313,Night,"2026-02-06"
888,28,1314,Rotating,"2026-02-06"
889,50,1315,Morning,"2026-02-07"
890,36,1316,Morning,"2026-02-07"
891,4,1317,Rotating,"2026-02-07"
892,17,1318,Evening,"2026-02-07"
893,34,1319,Evening,"2026-02-07"
894,47,1320,Evening,"2026-02-07"
895,42,1321,Evening,"2026-02-07"
896,66,1322,Evening,"2026-02-07"
897,15,1323,Morning,"2026-02-07"
898,23,1324,Morning,"2026-02-07"
899,5,1325,Rotating,"2026-02-07"
900,77,1326,Morning,"2026-02-07"
901,6,1327,Morning,"2026-02-07"
902,96,1328,Evening,"2026-02-07"
903,18,1329,Evening,"2026-02-07"
904,92,1330,Morning,"2026-02-07"
905,8,1331,Morning,"2026-02-07"
906,3,1332,Night,"2026-02-07"
907,68,1333,Night,"2026-02-07"
908,9,1334,Evening,"2026-02-07"
909,53,1335,Morning,"2026-02-07"
910,45,1336,Morning,"2026-02-07"
911,96,1337,Evening,"2026-02-07"
912,69,1338,Morning,"2026-02-07"
913,99,1339,Evening,"2026-02-08"
914,86,1340,Evening,"2026-02-08"
915,20,1341,Evening,"2026-02-08"
916,91,1342,Rotating,"2026-02-08"
917,40,1343,Rotating,"2026-02-08"
918,17,1344,Evening,"2026-02-08"
919,17,1345,Morning,"2026-02-08"
920,38,1346,Evening,"2026-02-08"
921,42,1347,Evening,"2026-02-08"
922,64,1348,Evening,"2026-02-08"
923,29,1349,Evening,"2026-02-08"
924,95,1350,Evening,"2026-02-08"
925,81,1351,Morning,"2026-02-08"
926,10,1352,Morning,"2026-02-08"
927,11,1353,Morning,"2026-02-08"
928,20,1354,Morning,"2026-02-08"
929,41,1355,Morning,"2026-02-08"
930,29,1356,Morning,"2026-02-08"
931,8,1357,Morning,"2026-02-08"
932,70,1358,Morning,"2026-02-08"
933,82,1359,Morning,"2026-02-08"
934,20,1360,Evening,"2026-02-08"
935,75,1361,Night,"2026-02-08"
936,2,1362,Evening,"2026-02-08"
937,69,1363,Evening,"2026-02-09"
938,34,1364,Evening,"2026-02-09"
939,53,1365,Evening,"2026-02-09"
940,13,1366,Morning,"2026-02-09"
941,57,1367,Evening,"2026-02-09"
942,84,1368,Morning,"2026-02-09"
943,83,1369,Night,"2026-02-09"
944,94,1370,Evening,"2026-02-09"
945,25,1371,Morning,"2026-02-09"
946,48,1372,Night,"2026-02-09"
947,65,1373,Night,"2026-02-09"
948,55,1374,Morning,"2026-02-09"
949,84,1375,Night,"2026-02-09"
950,26,1376,Night,"2026-02-09"
951,72,1377,Morning,"2026-02-09"
952,37,1378,Evening,"2026-02-09"
953,2,1379,Morning,"2026-02-09"
954,11,1380,Morning,"2026-02-09"
955,97,1381,Morning,"2026-02-09"
956,93,1382,Morning,"2026-02-09"
957,43,1383,Morning,"2026-02-09"
958,78,1384,Night,"2026-02-09"
959,31,1385,Night,"2026-02-09"
960,53,1386,Evening,"2026-02-09"
961,22,1387,Evening,"2026-02-10"
962,52,1388,Evening,"2026-02-10"
963,58,1389,Evening,"2026-02-10"
964,52,1390,Morning,"2026-02-10"
965,86,1391,Night,"2026-02-10"
966,78,1392,Night,"2026-02-10"
967,70,1393,Evening,"2026-02-10"
968,23,1394,Evening,"2026-02-10"
969,1,1395,Morning,"2026-02-10"
970,71,1396,Morning,"2026-02-10"
971,67,1397,Evening,"2026-02-10"
972,95,1398,Morning,"2026-02-10"
973,1,1399,Evening,"2026-02-10"
974,86,1400,Evening,"2026-02-10"
975,16,1401,Morning,"2026-02-10"
976,73,1402,Morning,"2026-02-10"
977,39,1403,Evening,"2026-02-10"
978,55,1404,Night,"2026-02-10"
979,25,1405,Morning,"2026-02-10"
980,49,1406,Morning,"2026-02-10"
981,72,1407,Night,"2026-02-10"
982,56,1408,Morning,"2026-02-10"
983,68,1409,Night,"2026-02-10"
984,61,1410,Evening,"2026-02-10"
985,15,1411,Morning,"2026-02-11"
986,88,1412,Evening,"2026-02-11"
987,81,1413,Evening,"2026-02-11"
988,15,1414,Night,"2026-02-11"
989,61,1415,Rotating,"2026-02-11"
990,20,1416,Morning,"2026-02-11"
991,69,1417,Morning,"2026-02-11"
992,59,1418,Morning,"2026-02-11"
993,32,1419,Night,"2026-02-11"
994,29,1420,Night,"2026-02-11"
995,37,1421,Morning,"2026-02-11"
996,13,1422,Morning,"2026-02-11"
997,2,1423,Evening,"2026-02-11"
998,39,1424,Evening,"2026-02-11"
999,18,1425,Rotating,"2026-02-11"
1000,60,1426,Rotating,"2026-02-11"
1001,52,1427,Evening,"2026-02-11"
1002,25,1428,Night,"2026-02-11"
1003,7,1429,Evening,"2026-02-11"
1004,86,1430,Rotating,"2026-02-11"
1005,96,1431,Morning,"2026-02-11"
1006,90,1432,Morning,"2026-02-11"
1007,68,1433,Morning,"2026-02-11"
1008,26,1434,Morning,"2026-02-11"
1009,17,1435,Rotating,"2026-02-12"
1010,75,1436,Night,"2026-02-12"
1011,31,1437,Evening,"2026-02-12"
1012,5,1438,Morning,"2026-02-12"
1013,92,1439,Night,"2026-02-12"
1014,82,1440,Rotating,"2026-02-12"
1015,54,1441,Morning,"2026-02-12"
1016,59,1442,Rotating,"2026-02-12"
1017,99,1443,Evening,"2026-02-12"
1018,22,1444,Evening,"2026-02-12"
1019,61,1445,Evening,"2026-02-12"
1020,70,1446,Evening,"2026-02-12"
1021,4,1447,Night,"2026-02-12"
1022,51,1448,Morning,"2026-02-12"
1023,5,1449,Rotating,"2026-02-12"
1024,68,1450,Evening,"2026-02-12"
1025,54,1451,Night,"2026-02-12"
1026,66,1452,Evening,"2026-02-12"
1027,71,1453,Night,"2026-02-12"
1028,68,1454,Morning,"2026-02-12"
1029,19,1455,Morning,"2026-02-12"
1030,22,1456,Night,"2026-02-12"
1031,62,1457,Evening,"2026-02-12"
1032,16,1458,Morning,"2026-02-12"
1033,18,1459,Rotating,"2026-02-13"
1034,16,1460,Morning,"2026-02-13"
1035,52,1461,Morning,"2026-02-13"
1036,67,1462,Morning,"2026-02-13"
1037,27,1463,Morning,"2026-02-13"
1038,16,1464,Morning,"2026-02-13"
1039,71,1465,Morning,"2026-02-13"
1040,62,1466,Rotating,"2026-02-13"
1041,89,1467,Morning,"2026-02-13"
1042,27,1468,Night,"2026-02-13"
1043,4,1469,Night,"2026-02-13"
1044,67,1470,Evening,"2026-02-13"
1045,59,1471,Evening,"2026-02-13"
1046,11,1472,Evening,"2026-02-13"
1047,95,1473,Morning,"2026-02-13"
1048,20,1474,Evening,"2026-02-13"
1049,60,1475,Rotating,"2026-02-13"
1050,66,1476,Evening,"2026-02-13"
1051,83,1477,Morning,"2026-02-13"
1052,96,1478,Night,"2026-02-13"
1053,77,1479,Rotating,"2026-02-13"
1054,57,1480,Morning,"2026-02-13"
1055,63,1481,Morning,"2026-02-13"
1056,6,1482,Morning,"2026-02-13"
1057,98,1483,Evening,"2026-02-14"
1058,4,1484,Morning,"2026-02-14"
1059,31,1485,Night,"2026-02-14"
1060,84,1486,Night,"2026-02-14"
1061,45,1487,Morning,"2026-02-14"
1062,45,1488,Morning,"2026-02-14"
1063,83,1489,Evening,"2026-02-14"
1064,97,1490,Rotating,"2026-02-14"
1065,65,1491,Morning,"2026-02-14"
1066,12,1492,Night,"2026-02-14"
1067,20,1493,Morning,"2026-02-14"
1068,27,1494,Morning,"2026-02-14"
1069,74,1495,Evening,"2026-02-14"
1070,98,1496,Night,"2026-02-14"
1071,46,1497,Morning,"2026-02-14"
1072,20,1498,Morning,"2026-02-14"
1073,60,1499,Night,"2026-02-14"
1074,86,1500,Evening,"2026-02-14"
1075,27,1501,Evening,"2026-02-14"
1076,7,1502,Morning,"2026-02-14"
1077,63,1503,Morning,"2026-02-14"
1078,13,1504,Morning,"2026-02-14"
1079,56,1505,Evening,"2026-02-14"
1080,14,1506,Rotating,"2026-02-14"
1081,43,1507,Morning,"2026-02-15"
1082,63,1508,Morning,"2026-02-15"
1083,33,1509,Morning,"2026-02-15"
1084,10,1510,Morning,"2026-02-15"
1085,19,1511,Night,"2026-02-15"
1086,13,1512,Evening,"2026-02-15"
1087,30,1513,Night,"2026-02-15"
1088,66,1514,Morning,"2026-02-15"
1089,13,1515,Morning,"2026-02-15"
1090,83,1516,Evening,"2026-02-15"
1091,70,1517,Morning,"2026-02-15"
1092,23,1518,Night,"2026-02-15"
1093,2,1519,Morning,"2026-02-15"
1094,10,1520,Morning,"2026-02-15"
1095,74,1521,Evening,"2026-02-15"
1096,23,1522,Morning,"2026-02-15"
1097,58,1523,Night,"2026-02-15"
1098,7,1524,Morning,"2026-02-15"
1099,48,1525,Rotating,"2026-02-15"
1100,67,1526,Morning,"2026-02-15"
1101,76,1527,Morning,"2026-02-15"
1102,10,1528,Evening,"2026-02-15"
1103,8,1529,Morning,"2026-02-15"
1104,6,1530,Morning,"2026-02-15"
1105,61,1531,Evening,"2026-02-16"
1106,54,1532,Morning,"2026-02-16"
1107,60,1533,Evening,"2026-02-16"
1108,97,1534,Evening,"2026-02-16"
1109,25,1535,Evening,"2026-02-16"
1110,78,1536,Morning,"2026-02-16"
1111,6,1537,Morning,"2026-02-16"
1112,72,1538,Evening,"2026-02-16"
1113,49,1539,Morning,"2026-02-16"
1114,21,1540,Evening,"2026-02-16"
1115,93,1541,Rotating,"2026-02-16"
1116,27,1542,Night,"2026-02-16"
1117,83,1543,Evening,"2026-02-16"
1118,63,1544,Night,"2026-02-16"
1119,91,1545,Night,"2026-02-16"
1120,61,1546,Night,"2026-02-16"
1121,9,1547,Rotating,"2026-02-16"
1122,23,1548,Night,"2026-02-16"
1123,28,1549,Evening,"2026-02-16"
1124,96,1550,Rotating,"2026-02-16"
1125,56,1551,Morning,"2026-02-16"
1126,98,1552,Night,"2026-02-16"
1127,15,1553,Evening,"2026-02-16"
1128,31,1554,Evening,"2026-02-16"
1129,1,1555,Night,"2026-02-17"
1130,49,1556,Morning,"2026-02-17"
1131,71,1557,Evening,"2026-02-17"
1132,84,1558,Evening,"2026-02-17"
1133,94,1559,Rotating,"2026-02-17"
1134,89,1560,Evening,"2026-02-17"
1135,8,1561,Evening,"2026-02-17"
1136,100,1562,Evening,"2026-02-17"
1137,68,1563,Evening,"2026-02-17"
1138,52,1564,Morning,"2026-02-17"
1139,97,1565,Evening,"2026-02-17"
1140,71,1566,Evening,"2026-02-17"
1141,90,1567,Night,"2026-02-17"
1142,45,1568,Night,"2026-02-17"
1143,59,1569,Night,"2026-02-17"
1144,87,1570,Morning,"2026-02-17"
1145,39,1571,Evening,"2026-02-17"
1146,99,1572,Morning,"2026-02-17"
1147,22,1573,Morning,"2026-02-17"
1148,13,1574,Night,"2026-02-17"
1149,31,1575,Night,"2026-02-17"
1150,9,1576,Night,"2026-02-17"
1151,96,1577,Rotating,"2026-02-17"
1152,60,1578,Morning,"2026-02-17"
1153,37,1579,Rotating,"2026-02-18"
1154,37,1580,Evening,"2026-02-18"
1155,84,1581,Evening,"2026-02-18"
1156,83,1582,Night,"2026-02-18"
1157,11,1583,Evening,"2026-02-18"
1158,25,1584,Evening,"2026-02-18"
1159,38,1585,Morning,"2026-02-18"
1160,64,1586,Evening,"2026-02-18"
1161,91,1587,Evening,"2026-02-18"
1162,78,1588,Morning,"2026-02-18"
1163,8,1589,Night,"2026-02-18"
1164,97,1590,Morning,"2026-02-18"
1165,91,1591,Morning,"2026-02-18"
1166,75,1592,Evening,"2026-02-18"
1167,6,1593,Morning,"2026-02-18"
1168,42,1594,Evening,"2026-02-18"
1169,35,1595,Morning,"2026-02-18"
1170,87,1596,Evening,"2026-02-18"
1171,15,1597,Night,"2026-02-18"
1172,10,1598,Morning,"2026-02-18"
1173,73,1599,Rotating,"2026-02-18"
1174,82,1600,Morning,"2026-02-18"
1175,37,1601,Night,"2026-02-18"
1176,88,1602,Morning,"2026-02-18"
1177,34,1603,Morning,"2026-02-19"
1178,57,1604,Evening,"2026-02-19"
1179,51,1605,Morning,"2026-02-19"
1180,58,1606,Morning,"2026-02-19"
1181,7,1607,Night,"2026-02-19"
1182,75,1608,Morning,"2026-02-19"
1183,75,1609,Evening,"2026-02-19"
1184,52,1610,Rotating,"2026-02-19"
1185,100,1611,Night,"2026-02-19"
1186,73,1612,Morning,"2026-02-19"
1187,7,1613,Evening,"2026-02-19"
1188,59,1614,Evening,"2026-02-19"
1189,23,1615,Evening,"2026-02-19"
1190,39,1616,Rotating,"2026-02-19"
1191,5,1617,Morning,"2026-02-19"
1192,17,1618,Rotating,"2026-02-19"
1193,35,1619,Morning,"2026-02-19"
1194,72,1620,Night,"2026-02-19"
1195,7,1621,Night,"2026-02-19"
1196,51,1622,Night,"2026-02-19"
1197,19,1623,Morning,"2026-02-19"
1198,90,1624,Night,"2026-02-19"
1199,38,1625,Night,"2026-02-19"
1200,85,1626,Evening,"2026-02-19"
1201,29,1627,Morning,"2026-02-20"
1202,98,1628,Morning,"2026-02-20"
1203,42,1629,Morning,"2026-02-20"
1204,93,1630,Evening,"2026-02-20"
1205,36,1631,Night,"2026-02-20"
1206,39,1632,Morning,"2026-02-20"
1207,95,1633,Evening,"2026-02-20"
1208,88,1634,Night,"2026-02-20"
1209,96,1635,Evening,"2026-02-20"
1210,89,1636,Morning,"2026-02-20"
1211,48,1637,Evening,"2026-02-20"
1212,41,1638,Evening,"2026-02-20"
1213,31,1639,Morning,"2026-02-20"
1214,65,1640,Morning,"2026-02-20"
1215,60,1641,Morning,"2026-02-20"
1216,93,1642,Night,"2026-02-20"
1217,98,1643,Night,"2026-02-20"
1218,56,1644,Night,"2026-02-20"
1219,39,1645,Night,"2026-02-20"
1220,43,1646,Evening,"2026-02-20"
1221,100,1647,Evening,"2026-02-20"
1222,41,1648,Night,"2026-02-20"
1223,49,1649,Evening,"2026-02-20"
1224,40,1650,Morning,"2026-02-20"
1225,52,1651,Night,"2026-02-21"
1226,98,1652,Morning,"2026-02-21"
1227,4,1653,Morning,"2026-02-21"
1228,78,1654,Rotating,"2026-02-21"
1229,19,1655,Night,"2026-02-21"
1230,40,1656,Night,"2026-02-21"
1231,57,1657,Night,"2026-02-21"
1232,97,1658,Morning,"2026-02-21"
1233,44,1659,Night,"2026-02-21"
1234,26,1660,Morning,"2026-02-21"
1235,8,1661,Rotating,"2026-02-21"
1236,89,1662,Morning,"2026-02-21"
1237,49,1663,Evening,"2026-02-21"
1238,36,1664,Morning,"2026-02-21"
1239,61,1665,Morning,"2026-02-21"
1240,17,1666,Rotating,"2026-02-21"
1241,72,1667,Morning,"2026-02-21"
1242,82,1668,Evening,"2026-02-21"
1243,89,1669,Rotating,"2026-02-21"
1244,61,1670,Rotating,"2026-02-21"
1245,1,1671,Rotating,"2026-02-21"
1246,52,1672,Night,"2026-02-21"
1247,70,1673,Night,"2026-02-21"
1248,25,1674,Night,"2026-02-21"
1249,34,1675,Morning,"2026-02-22"
1250,23,1676,Night,"2026-02-22"
1251,19,1677,Evening,"2026-02-22"
1252,53,1678,Night,"2026-02-22"
1253,13,1679,Rotating,"2026-02-22"
1254,58,1680,Morning,"2026-02-22"
1255,72,1681,Morning,"2026-02-22"
1256,6,1682,Morning,"2026-02-22"
1257,10,1683,Evening,"2026-02-22"
1258,20,1684,Night,"2026-02-22"
1259,59,1685,Morning,"2026-02-22"
1260,44,1686,Evening,"2026-02-22"
1261,28,1687,Morning,"2026-02-22"
1262,46,1688,Evening,"2026-02-22"
1263,84,1689,Night,"2026-02-22"
1264,95,1690,Morning,"2026-02-22"
1265,65,1691,Night,"2026-02-22"
1266,7,1692,Evening,"2026-02-22"
1267,93,1693,Morning,"2026-02-22"
1268,90,1694,Evening,"2026-02-22"
1269,2,1695,Evening,"2026-02-22"
1270,99,1696,Morning,"2026-02-22"
1271,66,1697,Morning,"2026-02-22"
1272,15,1698,Evening,"2026-02-22"
1273,38,1699,Evening,"2026-02-23"
1274,1,1700,Morning,"2026-02-23"
1275,46,1701,Evening,"2026-02-23"
1276,74,1702,Evening,"2026-02-23"
1277,63,1703,Morning,"2026-02-23"
1278,45,1704,Rotating,"2026-02-23"
1279,83,1705,Morning,"2026-02-23"
1280,86,1706,Evening,"2026-02-23"
1281,50,1707,Evening,"2026-02-23"
1282,23,1708,Morning,"2026-02-23"
1283,34,1709,Evening,"2026-02-23"
1284,43,1710,Night,"2026-02-23"
1285,61,1711,Morning,"2026-02-23"
1286,25,1712,Morning,"2026-02-23"
1287,72,1713,Morning,"2026-02-23"
1288,82,1714,Morning,"2026-02-23"
1289,44,1715,Night,"2026-02-23"
1290,18,1716,Evening,"2026-02-23"
1291,39,1717,Morning,"2026-02-23"
1292,68,1718,Evening,"2026-02-23"
1293,47,1719,Morning,"2026-02-23"
1294,27,1720,Evening,"2026-02-23"
1295,80,1721,Rotating,"2026-02-23"
1296,15,1722,Morning,"2026-02-23"
1297,8,1723,Morning,"2026-02-24"
1298,39,1724,Morning,"2026-02-24"
1299,13,1725,Morning,"2026-02-24"
1300,13,1726,Morning,"2026-02-24"
1301,47,1727,Night,"2026-02-24"
1302,79,1728,Evening,"2026-02-24"
1303,82,1729,Night,"2026-02-24"
1304,46,1730,Rotating,"2026-02-24"
1305,89,1731,Rotating,"2026-02-24"
1306,81,1732,Evening,"2026-02-24"
1307,75,1733,Night,"2026-02-24"
1308,73,1734,Night,"2026-02-24"
1309,91,1735,Evening,"2026-02-24"
1310,45,1736,Evening,"2026-02-24"
1311,100,1737,Evening,"2026-02-24"
1312,10,1738,Evening,"2026-02-24"
1313,78,1739,Evening,"2026-02-24"
1314,10,1740,Evening,"2026-02-24"
1315,86,1741,Rotating,"2026-02-24"
1316,39,1742,Rotating,"2026-02-24"
1317,40,1743,Morning,"2026-02-24"
1318,52,1744,Evening,"2026-02-24"
1319,83,1745,Morning,"2026-02-24"
1320,45,1746,Evening,"2026-02-24"
1321,5,1747,Morning,"2026-02-25"
1322,79,1748,Evening,"2026-02-25"
1323,55,1749,Rotating,"2026-02-25"
1324,83,1750,Rotating,"2026-02-25"
1325,11,1751,Morning,"2026-02-25"
1326,82,1752,Morning,"2026-02-25"
1327,67,1753,Evening,"2026-02-25"
1328,6,1754,Morning,"2026-02-25"
1329,85,1755,Morning,"2026-02-25"
1330,36,1756,Morning,"2026-02-25"
1331,1,1757,Morning,"2026-02-25"
1332,32,1758,Evening,"2026-02-25"
1333,30,1759,Morning,"2026-02-25"
1334,91,1760,Evening,"2026-02-25"
1335,85,1761,Rotating,"2026-02-25"
1336,19,1762,Evening,"2026-02-25"
1337,93,1763,Evening,"2026-02-25"
1338,84,1764,Evening,"2026-02-25"
1339,72,1765,Morning,"2026-02-25"
1340,4,1766,Evening,"2026-02-25"
1341,95,1767,Night,"2026-02-25"
1342,60,1768,Evening,"2026-02-25"
1343,63,1769,Morning,"2026-02-25"
1344,90,1770,Night,"2026-02-25"
1345,41,1771,Night,"2026-02-26"
1346,68,1772,Evening,"2026-02-26"
1347,21,1773,Evening,"2026-02-26"
1348,14,1774,Morning,"2026-02-26"
1349,61,1775,Evening,"2026-02-26"
1350,33,1776,Evening,"2026-02-26"
1351,6,1777,Evening,"2026-02-26"
1352,77,1778,Night,"2026-02-26"
1353,65,1779,Morning,"2026-02-26"
1354,76,1780,Night,"2026-02-26"
1355,46,1781,Morning,"2026-02-26"
1356,70,1782,Evening,"2026-02-26"
1357,51,1783,Morning,"2026-02-26"
1358,95,1784,Evening,"2026-02-26"
1359,47,1785,Night,"2026-02-26"
1360,32,1786,Evening,"2026-02-26"
1361,14,1787,Evening,"2026-02-26"
1362,86,1788,Morning,"2026-02-26"
1363,62,1789,Rotating,"2026-02-26"
1364,21,1790,Morning,"2026-02-26"
1365,91,1791,Evening,"2026-02-26"
1366,54,1792,Night,"2026-02-26"
1367,57,1793,Evening,"2026-02-26"
1368,70,1794,Evening,"2026-02-26"
1369,94,1795,Morning,"2026-02-27"
1370,71,1796,Evening,"2026-02-27"
1371,24,1797,Night,"2026-02-27"
1372,39,1798,Night,"2026-02-27"
1373,88,1799,Night,"2026-02-27"
1374,40,1800,Evening,"2026-02-27"
1375,92,1801,Morning,"2026-02-27"
1376,40,1802,Evening,"2026-02-27"
1377,22,1803,Morning,"2026-02-27"
1378,62,1804,Evening,"2026-02-27"
1379,32,1805,Evening,"2026-02-27"
1380,54,1806,Night,"2026-02-27"
1381,88,1807,Evening,"2026-02-27"
1382,11,1808,Evening,"2026-02-27"
1383,32,1809,Morning,"2026-02-27"
1384,23,1810,Rotating,"2026-02-27"
1385,100,1811,Morning,"2026-02-27"
1386,68,1812,Morning,"2026-02-27"
1387,99,1813,Morning,"2026-02-27"
1388,52,1814,Night,"2026-02-27"
1389,8,1815,Evening,"2026-02-27"
1390,59,1816,Rotating,"2026-02-27"
1391,42,1817,Evening,"2026-02-27"
1392,84,1818,Rotating,"2026-02-27"
1393,14,1819,Night,"2026-02-28"
1394,22,1820,Night,"2026-02-28"
1395,73,1821,Morning,"2026-02-28"
1396,88,1822,Night,"2026-02-28"
1397,90,1823,Morning,"2026-02-28"
1398,16,1824,Evening,"2026-02-28"
1399,20,1825,Morning,"2026-02-28"
1400,46,1826,Morning,"2026-02-28"
1401,82,1827,Morning,"2026-02-28"
1402,61,1828,Night,"2026-02-28"
1403,47,1829,Night,"2026-02-28"
1404,89,1830,Morning,"2026-02-28"
1405,57,1831,Evening,"2026-02-28"
1406,11,1832,Night,"2026-02-28"
1407,55,1833,Evening,"2026-02-28"
1408,22,1834,Rotating,"2026-02-28"
1409,30,1835,Night,"2026-02-28"
1410,33,1836,Morning,"2026-02-28"
1411,72,1837,Night,"2026-02-28"
1412,48,1838,Rotating,"2026-02-28"
1413,41,1839,Morning,"2026-02-28"
1414,10,1840,Night,"2026-02-28"
1415,19,1841,Evening,"2026-02-28"
1416,59,1842,Morning,"2026-02-28"
1417,15,1843,Morning,"2026-03-01"
1418,30,1844,Evening,"2026-03-01"
1419,89,1845,Evening,"2026-03-01"
1420,62,1846,Rotating,"2026-03-01"
1421,93,1847,Evening,"2026-03-01"
1422,43,1848,Evening,"2026-03-01"
1423,77,1849,Morning,"2026-03-01"
1424,6,1850,Morning,"2026-03-01"
1425,52,1851,Evening,"2026-03-01"
1426,53,1852,Morning,"2026-03-01"
1427,75,1853,Rotating,"2026-03-01"
1428,62,1854,Morning,"2026-03-01"
1429,45,1855,Night,"2026-03-01"
1430,57,1856,Rotating,"2026-03-01"
1431,16,1857,Morning,"2026-03-01"
1432,98,1858,Night,"2026-03-01"
1433,22,1859,Morning,"2026-03-01"
1434,88,1860,Morning,"2026-03-01"
1435,86,1861,Morning,"2026-03-01"
1436,26,1862,Morning,"2026-03-01"
1437,72,1863,Morning,"2026-03-01"
1438,12,1864,Night,"2026-03-01"
1439,22,1865,Evening,"2026-03-01"
1440,55,1866,Morning,"2026-03-01"
1441,50,1867,Rotating,"2026-03-02"
1442,52,1868,Rotating,"2026-03-02"
1443,25,1869,Morning,"2026-03-02"
1444,34,1870,Night,"2026-03-02"
1445,74,1871,Evening,"2026-03-02"
1446,7,1872,Morning,"2026-03-02"
1447,97,1873,Morning,"2026-03-02"
1448,32,1874,Morning,"2026-03-02"
1449,67,1875,Morning,"2026-03-02"
1450,17,1876,Night,"2026-03-02"
1451,82,1877,Morning,"2026-03-02"
1452,79,1878,Morning,"2026-03-02"
1453,47,1879,Evening,"2026-03-02"
1454,62,1880,Night,"2026-03-02"
1455,94,1881,Morning,"2026-03-02"
1456,50,1882,Morning,"2026-03-02"
1457,93,1883,Evening,"2026-03-02"
1458,66,1884,Morning,"2026-03-02"
1459,29,1885,Evening,"2026-03-02"
1460,48,1886,Evening,"2026-03-02"
1461,49,1887,Morning,"2026-03-02"
1462,56,1888,Night,"2026-03-02"
1463,60,1889,Evening,"2026-03-02"
1464,19,1890,Evening,"2026-03-02"
1465,71,1891,Night,"2026-03-03"
1466,87,1892,Night,"2026-03-03"
1467,98,1893,Morning,"2026-03-03"
1468,73,1894,Morning,"2026-03-03"
1469,93,1895,Morning,"2026-03-03"
1470,36,1896,Morning,"2026-03-03"
1471,42,1897,Evening,"2026-03-03"
1472,67,1898,Night,"2026-03-03"
1473,34,1899,Evening,"2026-03-03"
1474,61,1900,Evening,"2026-03-03"
1475,28,1901,Rotating,"2026-03-03"
1476,81,1902,Night,"2026-03-03"
1477,70,1903,Night,"2026-03-03"
1478,8,1904,Morning,"2026-03-03"
1479,94,1905,Morning,"2026-03-03"
1480,75,1906,Night,"2026-03-03"
1481,5,1907,Morning,"2026-03-03"
1482,6,1908,Evening,"2026-03-03"
1483,81,1909,Morning,"2026-03-03"
1484,62,1910,Evening,"2026-03-03"
1485,78,1911,Morning,"2026-03-03"
1486,97,1912,Morning,"2026-03-03"
1487,77,1913,Rotating,"2026-03-03"
1488,49,1914,Evening,"2026-03-03"
1489,89,1915,Morning,"2026-03-04"
1490,40,1916,Morning,"2026-03-04"
1491,98,1917,Night,"2026-03-04"
1492,81,1918,Morning,"2026-03-04"
1493,52,1919,Morning,"2026-03-04"
1494,51,1920,Evening,"2026-03-04"
1495,56,1921,Evening,"2026-03-04"
1496,62,1922,Morning,"2026-03-04"
1497,82,1923,Morning,"2026-03-04"
1498,56,1924,Night,"2026-03-04"
1499,41,1925,Evening,"2026-03-04"
1500,95,1926,Night,"2026-03-04"
1501,89,1927,Evening,"2026-03-04"
1502,54,1928,Night,"2026-03-04"
1503,2,1929,Evening,"2026-03-04"
1504,25,1930,Morning,"2026-03-04"
1505,84,1931,Night,"2026-03-04"
1506,69,1932,Night,"2026-03-04"
1507,83,1933,Evening,"2026-03-04"
1508,3,1934,Rotating,"2026-03-04"
1509,46,1935,Morning,"2026-03-04"
1510,23,1936,Morning,"2026-03-04"
1511,76,1937,Evening,"2026-03-04"
1512,23,1938,Evening,"2026-03-04"
1513,49,1939,Night,"2026-03-05"
1514,78,1940,Night,"2026-03-05"
1515,17,1941,Morning,"2026-03-05"
1516,6,1942,Morning,"2026-03-05"
1517,6,1943,Evening,"2026-03-05"
1518,23,1944,Morning,"2026-03-05"
1519,28,1945,Evening,"2026-03-05"
1520,68,1946,Rotating,"2026-03-05"
1521,43,1947,Night,"2026-03-05"
1522,2,1948,Evening,"2026-03-05"
1523,30,1949,Rotating,"2026-03-05"
1524,74,1950,Morning,"2026-03-05"
1525,26,1951,Morning,"2026-03-05"
1526,93,1952,Evening,"2026-03-05"
1527,24,1953,Evening,"2026-03-05"
1528,10,1954,Evening,"2026-03-05"
1529,28,1955,Night,"2026-03-05"
1530,21,1956,Rotating,"2026-03-05"
1531,98,1957,Evening,"2026-03-05"
1532,19,1958,Evening,"2026-03-05"
1533,4,1959,Rotating,"2026-03-05"
1534,97,1960,Night,"2026-03-05"
1535,51,1961,Evening,"2026-03-05"
1536,76,1962,Morning,"2026-03-05"
1537,58,1963,Night,"2026-03-06"
1538,52,1964,Morning,"2026-03-06"
1539,77,1965,Evening,"2026-03-06"
1540,97,1966,Morning,"2026-03-06"
1541,68,1967,Evening,"2026-03-06"
1542,42,1968,Evening,"2026-03-06"
1543,7,1969,Morning,"2026-03-06"
1544,39,1970,Morning,"2026-03-06"
1545,82,1971,Morning,"2026-03-06"
1546,1,1972,Evening,"2026-03-06"
1547,8,1973,Evening,"2026-03-06"
1548,100,1974,Morning,"2026-03-06"
1549,6,1975,Morning,"2026-03-06"
1550,59,1976,Night,"2026-03-06"
1551,22,1977,Morning,"2026-03-06"
1552,32,1978,Rotating,"2026-03-06"
1553,73,1979,Morning,"2026-03-06"
1554,93,1980,Morning,"2026-03-06"
1555,65,1981,Evening,"2026-03-06"
1556,62,1982,Morning,"2026-03-06"
1557,45,1983,Evening,"2026-03-06"
1558,31,1984,Rotating,"2026-03-06"
1559,67,1985,Evening,"2026-03-06"
1560,40,1986,Morning,"2026-03-06"
1561,28,1987,Evening,"2026-03-07"
1562,34,1988,Morning,"2026-03-07"
1563,99,1989,Night,"2026-03-07"
1564,86,1990,Evening,"2026-03-07"
1565,31,1991,Morning,"2026-03-07"
1566,28,1992,Morning,"2026-03-07"
1567,50,1993,Morning,"2026-03-07"
1568,44,1994,Morning,"2026-03-07"
1569,10,1995,Evening,"2026-03-07"
1570,24,1996,Morning,"2026-03-07"
1571,94,1997,Evening,"2026-03-07"
1572,95,1998,Morning,"2026-03-07"
1573,63,1999,Morning,"2026-03-07"
1574,60,2000,Rotating,"2026-03-07"
1575,27,2001,Morning,"2026-03-07"
1576,16,2002,Morning,"2026-03-07"
1577,100,2003,Evening,"2026-03-07"
1578,69,2004,Morning,"2026-03-07"
1579,67,2005,Night,"2026-03-07"
1580,41,2006,Morning,"2026-03-07"
1581,4,2007,Rotating,"2026-03-07"
1582,45,2008,Night,"2026-03-07"
1583,94,2009,Morning,"2026-03-07"
1584,81,2010,Morning,"2026-03-07"
1585,58,2011,Morning,"2026-03-08"
1586,44,2012,Rotating,"2026-03-08"
1587,28,2013,Night,"2026-03-08"
1588,19,2014,Morning,"2026-03-08"
1589,78,2015,Rotating,"2026-03-08"
1590,12,2016,Morning,"2026-03-08"
1591,39,2017,Morning,"2026-03-08"
1592,75,2018,Morning,"2026-03-08"
1593,26,2019,Night,"2026-03-08"
1594,82,2020,Evening,"2026-03-08"
1595,80,2021,Morning,"2026-03-08"
1596,64,2022,Evening,"2026-03-08"
1597,81,2023,Morning,"2026-03-08"
1598,43,2024,Morning,"2026-03-08"
1599,23,2025,Morning,"2026-03-08"
1600,46,2026,Evening,"2026-03-08"
1601,48,2027,Morning,"2026-03-08"
1602,72,2028,Rotating,"2026-03-08"
1603,81,2029,Morning,"2026-03-08"
1604,27,2030,Night,"2026-03-08"
1605,62,2031,Morning,"2026-03-08"
1606,65,2032,Evening,"2026-03-08"
1607,92,2033,Night,"2026-03-08"
1608,64,2034,Night,"2026-03-08"
1609,33,2035,Night,"2026-03-09"
1610,92,2036,Evening,"2026-03-09"
1611,80,2037,Evening,"2026-03-09"
1612,52,2038,Morning,"2026-03-09"
1613,70,2039,Rotating,"2026-03-09"
1614,9,2040,Evening,"2026-03-09"
1615,57,2041,Evening,"2026-03-09"
1616,89,2042,Morning,"2026-03-09"
1617,63,2043,Morning,"2026-03-09"
1618,90,2044,Morning,"2026-03-09"
1619,64,2045,Morning,"2026-03-09"
1620,72,2046,Evening,"2026-03-09"
1621,76,2047,Morning,"2026-03-09"
1622,93,2048,Night,"2026-03-09"
1623,34,2049,Morning,"2026-03-09"
1624,36,2050,Night,"2026-03-09"
1625,85,2051,Night,"2026-03-09"
1626,54,2052,Night,"2026-03-09"
1627,78,2053,Night,"2026-03-09"
1628,39,2054,Evening,"2026-03-09"
1629,60,2055,Morning,"2026-03-09"
1630,75,2056,Evening,"2026-03-09"
1631,34,2057,Morning,"2026-03-09"
1632,8,2058,Night,"2026-03-09"
1633,39,2059,Night,"2026-03-10"
1634,15,2060,Night,"2026-03-10"
1635,81,2061,Morning,"2026-03-10"
1636,61,2062,Morning,"2026-03-10"
1637,85,2063,Morning,"2026-03-10"
1638,45,2064,Morning,"2026-03-10"
1639,35,2065,Night,"2026-03-10"
1640,58,2066,Morning,"2026-03-10"
1641,38,2067,Night,"2026-03-10"
1642,91,2068,Night,"2026-03-10"
1643,71,2069,Evening,"2026-03-10"
1644,23,2070,Night,"2026-03-10"
1645,35,2071,Night,"2026-03-10"
1646,61,2072,Evening,"2026-03-10"
1647,90,2073,Evening,"2026-03-10"
1648,63,2074,Rotating,"2026-03-10"
1649,31,2075,Evening,"2026-03-10"
1650,78,2076,Evening,"2026-03-10"
1651,91,2077,Night,"2026-03-10"
1652,98,2078,Night,"2026-03-10"
1653,1,2079,Morning,"2026-03-10"
1654,39,2080,Rotating,"2026-03-10"
1655,5,2081,Morning,"2026-03-10"
1656,53,2082,Evening,"2026-03-10"
1657,25,2083,Morning,"2026-03-11"
1658,38,2084,Morning,"2026-03-11"
1659,67,2085,Night,"2026-03-11"
1660,33,2086,Morning,"2026-03-11"
1661,83,2087,Night,"2026-03-11"
1662,2,2088,Night,"2026-03-11"
1663,89,2089,Morning,"2026-03-11"
1664,38,2090,Morning,"2026-03-11"
1665,78,2091,Night,"2026-03-11"
1666,96,2092,Evening,"2026-03-11"
1667,77,2093,Morning,"2026-03-11"
1668,49,2094,Night,"2026-03-11"
1669,4,2095,Evening,"2026-03-11"
1670,78,2096,Evening,"2026-03-11"
1671,71,2097,Evening,"2026-03-11"
1672,20,2098,Night,"2026-03-11"
1673,18,2099,Night,"2026-03-11"
1674,9,2100,Rotating,"2026-03-11"
1675,20,2101,Evening,"2026-03-11"
1676,87,2102,Night,"2026-03-11"
1677,15,2103,Morning,"2026-03-11"
1678,59,2104,Evening,"2026-03-11"
1679,5,2105,Morning,"2026-03-11"
1680,90,2106,Rotating,"2026-03-11"
1681,64,2107,Night,"2026-03-12"
1682,60,2108,Evening,"2026-03-12"
1683,70,2109,Evening,"2026-03-12"
1684,21,2110,Evening,"2026-03-12"
1685,32,2111,Evening,"2026-03-12"
1686,69,2112,Night,"2026-03-12"
1687,36,2113,Rotating,"2026-03-12"
1688,75,2114,Evening,"2026-03-12"
1689,67,2115,Morning,"2026-03-12"
1690,77,2116,Night,"2026-03-12"
1691,38,2117,Night,"2026-03-12"
1692,33,2118,Evening,"2026-03-12"
1693,73,2119,Morning,"2026-03-12"
1694,93,2120,Evening,"2026-03-12"
1695,28,2121,Morning,"2026-03-12"
1696,21,2122,Night,"2026-03-12"
1697,51,2123,Night,"2026-03-12"
1698,48,2124,Morning,"2026-03-12"
1699,86,2125,Evening,"2026-03-12"
1700,64,2126,Night,"2026-03-12"
1701,7,2127,Night,"2026-03-12"
1702,79,2128,Morning,"2026-03-12"
1703,91,2129,Morning,"2026-03-12"
1704,96,2130,Night,"2026-03-12"
1705,11,2131,Evening,"2026-03-13"
1706,87,2132,Morning,"2026-03-13"
1707,54,2133,Evening,"2026-03-13"
1708,2,2134,Evening,"2026-03-13"
1709,13,2135,Evening,"2026-03-13"
1710,90,2136,Evening,"2026-03-13"
1711,2,2137,Morning,"2026-03-13"
1712,35,2138,Morning,"2026-03-13"
1713,99,2139,Night,"2026-03-13"
1714,51,2140,Night,"2026-03-13"
1715,24,2141,Morning,"2026-03-13"
1716,92,2142,Morning,"2026-03-13"
1717,93,2143,Evening,"2026-03-13"
1718,68,2144,Evening,"2026-03-13"
1719,20,2145,Morning,"2026-03-13"
1720,58,2146,Morning,"2026-03-13"
1721,73,2147,Night,"2026-03-13"
1722,16,2148,Evening,"2026-03-13"
1723,26,2149,Night,"2026-03-13"
1724,84,2150,Night,"2026-03-13"
1725,7,2151,Evening,"2026-03-13"
1726,88,2152,Morning,"2026-03-13"
1727,34,2153,Evening,"2026-03-13"
1728,10,2154,Night,"2026-03-13"
1729,42,2155,Rotating,"2026-03-14"
1730,88,2156,Night,"2026-03-14"
1731,83,2157,Evening,"2026-03-14"
1732,64,2158,Evening,"2026-03-14"
1733,6,2159,Evening,"2026-03-14"
1734,22,2160,Night,"2026-03-14"
1735,51,2161,Evening,"2026-03-14"
1736,29,2162,Morning,"2026-03-14"
1737,37,2163,Night,"2026-03-14"
1738,78,2164,Night,"2026-03-14"
1739,84,2165,Night,"2026-03-14"
1740,81,2166,Evening,"2026-03-14"
1741,31,2167,Morning,"2026-03-14"
1742,29,2168,Morning,"2026-03-14"
1743,89,2169,Evening,"2026-03-14"
1744,70,2170,Night,"2026-03-14"
1745,37,2171,Morning,"2026-03-14"
1746,3,2172,Evening,"2026-03-14"
1747,29,2173,Morning,"2026-03-14"
1748,45,2174,Morning,"2026-03-14"
1749,56,2175,Morning,"2026-03-14"
1750,92,2176,Evening,"2026-03-14"
1751,63,2177,Night,"2026-03-14"
1752,85,2178,Morning,"2026-03-14"
1753,90,2179,Evening,"2026-03-15"
1754,19,2180,Morning,"2026-03-15"
1755,25,2181,Night,"2026-03-15"
1756,57,2182,Night,"2026-03-15"
1757,55,2183,Evening,"2026-03-15"
1758,69,2184,Morning,"2026-03-15"
1759,2,2185,Night,"2026-03-15"
1760,72,2186,Morning,"2026-03-15"
1761,94,2187,Morning,"2026-03-15"
1762,8,2188,Evening,"2026-03-15"
1763,27,2189,Morning,"2026-03-15"
1764,54,2190,Night,"2026-03-15"
1765,27,2191,Morning,"2026-03-15"
1766,38,2192,Evening,"2026-03-15"
1767,80,2193,Rotating,"2026-03-15"
1768,67,2194,Morning,"2026-03-15"
1769,87,2195,Night,"2026-03-15"
1770,57,2196,Evening,"2026-03-15"
1771,23,2197,Night,"2026-03-15"
1772,52,2198,Morning,"2026-03-15"
1773,30,2199,Morning,"2026-03-15"
1774,27,2200,Evening,"2026-03-15"
1775,99,2201,Morning,"2026-03-15"
1776,38,2202,Rotating,"2026-03-15"
1777,17,2203,Evening,"2026-03-16"
1778,14,2204,Morning,"2026-03-16"
1779,75,2205,Night,"2026-03-16"
1780,26,2206,Evening,"2026-03-16"
1781,96,2207,Rotating,"2026-03-16"
1782,36,2208,Evening,"2026-03-16"
1783,31,2209,Morning,"2026-03-16"
1784,21,2210,Morning,"2026-03-16"
1785,27,2211,Morning,"2026-03-16"
1786,66,2212,Morning,"2026-03-16"
1787,57,2213,Morning,"2026-03-16"
1788,11,2214,Morning,"2026-03-16"
1789,90,2215,Rotating,"2026-03-16"
1790,8,2216,Morning,"2026-03-16"
1791,70,2217,Morning,"2026-03-16"
1792,37,2218,Night,"2026-03-16"
1793,55,2219,Morning,"2026-03-16"
1794,2,2220,Evening,"2026-03-16"
1795,98,2221,Evening,"2026-03-16"
1796,10,2222,Evening,"2026-03-16"
1797,47,2223,Evening,"2026-03-16"
1798,69,2224,Evening,"2026-03-16"
1799,97,2225,Night,"2026-03-16"
1800,56,2226,Morning,"2026-03-16"
1801,88,2227,Morning,"2026-03-17"
1802,30,2228,Morning,"2026-03-17"
1803,92,2229,Morning,"2026-03-17"
1804,53,2230,Evening,"2026-03-17"
1805,27,2231,Morning,"2026-03-17"
1806,60,2232,Evening,"2026-03-17"
1807,82,2233,Morning,"2026-03-17"
1808,52,2234,Night,"2026-03-17"
1809,20,2235,Evening,"2026-03-17"
1810,94,2236,Evening,"2026-03-17"
1811,93,2237,Morning,"2026-03-17"
1812,2,2238,Morning,"2026-03-17"
1813,21,2239,Morning,"2026-03-17"
1814,21,2240,Night,"2026-03-17"
1815,42,2241,Night,"2026-03-17"
1816,28,2242,Evening,"2026-03-17"
1817,24,2243,Rotating,"2026-03-17"
1818,39,2244,Morning,"2026-03-17"
1819,31,2245,Morning,"2026-03-17"
1820,42,2246,Morning,"2026-03-17"
1821,11,2247,Night,"2026-03-17"
1822,90,2248,Evening,"2026-03-17"
1823,80,2249,Rotating,"2026-03-17"
1824,17,2250,Morning,"2026-03-17"
1825,46,2251,Evening,"2026-03-18"
1826,53,2252,Morning,"2026-03-18"
1827,50,2253,Evening,"2026-03-18"
1828,92,2254,Morning,"2026-03-18"
1829,62,2255,Rotating,"2026-03-18"
1830,36,2256,Morning,"2026-03-18"
1831,42,2257,Morning,"2026-03-18"
1832,30,2258,Night,"2026-03-18"
1833,6,2259,Morning,"2026-03-18"
1834,44,2260,Night,"2026-03-18"
1835,16,2261,Morning,"2026-03-18"
1836,41,2262,Morning,"2026-03-18"
1837,68,2263,Morning,"2026-03-18"
1838,4,2264,Evening,"2026-03-18"
1839,17,2265,Morning,"2026-03-18"
1840,53,2266,Morning,"2026-03-18"
1841,22,2267,Evening,"2026-03-18"
1842,54,2268,Evening,"2026-03-18"
1843,26,2269,Night,"2026-03-18"
1844,33,2270,Evening,"2026-03-18"
1845,91,2271,Night,"2026-03-18"
1846,63,2272,Morning,"2026-03-18"
1847,76,2273,Morning,"2026-03-18"
1848,4,2274,Morning,"2026-03-18"
1849,48,2275,Morning,"2026-03-19"
1850,17,2276,Rotating,"2026-03-19"
1851,38,2277,Morning,"2026-03-19"
1852,83,2278,Morning,"2026-03-19"
1853,68,2279,Morning,"2026-03-19"
1854,47,2280,Morning,"2026-03-19"
1855,19,2281,Evening,"2026-03-19"
1856,1,2282,Evening,"2026-03-19"
1857,71,2283,Evening,"2026-03-19"
1858,53,2284,Morning,"2026-03-19"
1859,27,2285,Morning,"2026-03-19"
1860,83,2286,Evening,"2026-03-19"
1861,27,2287,Morning,"2026-03-19"
1862,45,2288,Evening,"2026-03-19"
1863,45,2289,Morning,"2026-03-19"
1864,45,2290,Night,"2026-03-19"
1865,98,2291,Morning,"2026-03-19"
1866,17,2292,Morning,"2026-03-19"
1867,76,2293,Morning,"2026-03-19"
1868,66,2294,Night,"2026-03-19"
1869,11,2295,Evening,"2026-03-19"
1870,40,2296,Morning,"2026-03-19"
1871,41,2297,Evening,"2026-03-19"
1872,99,2298,Evening,"2026-03-19"
1873,44,2299,Night,"2026-03-20"
1874,41,2300,Night,"2026-03-20"
1875,6,2301,Morning,"2026-03-20"
1876,99,2302,Night,"2026-03-20"
1877,10,2303,Evening,"2026-03-20"
1878,30,2304,Evening,"2026-03-20"
1879,96,2305,Evening,"2026-03-20"
1880,99,2306,Morning,"2026-03-20"
1881,22,2307,Night,"2026-03-20"
1882,35,2308,Evening,"2026-03-20"
1883,30,2309,Rotating,"2026-03-20"
1884,60,2310,Rotating,"2026-03-20"
1885,91,2311,Morning,"2026-03-20"
1886,85,2312,Rotating,"2026-03-20"
1887,75,2313,Night,"2026-03-20"
1888,93,2314,Evening,"2026-03-20"
1889,3,2315,Evening,"2026-03-20"
1890,2,2316,Night,"2026-03-20"
1891,56,2317,Rotating,"2026-03-20"
1892,29,2318,Morning,"2026-03-20"
1893,58,2319,Night,"2026-03-20"
1894,27,2320,Morning,"2026-03-20"
1895,77,2321,Evening,"2026-03-20"
1896,28,2322,Morning,"2026-03-20"
1897,98,2323,Morning,"2026-03-21"
1898,6,2324,Evening,"2026-03-21"
1899,3,2325,Evening,"2026-03-21"
1900,4,2326,Morning,"2026-03-21"
1901,33,2327,Morning,"2026-03-21"
1902,81,2328,Morning,"2026-03-21"
1903,49,2329,Morning,"2026-03-21"
1904,51,2330,Night,"2026-03-21"
1905,12,2331,Evening,"2026-03-21"
1906,86,2332,Morning,"2026-03-21"
1907,92,2333,Morning,"2026-03-21"
1908,27,2334,Evening,"2026-03-21"
1909,80,2335,Evening,"2026-03-21"
1910,45,2336,Morning,"2026-03-21"
1911,27,2337,Morning,"2026-03-21"
1912,27,2338,Morning,"2026-03-21"
1913,53,2339,Evening,"2026-03-21"
1914,58,2340,Morning,"2026-03-21"
1915,52,2341,Evening,"2026-03-21"
1916,93,2342,Night,"2026-03-21"
1917,23,2343,Morning,"2026-03-21"
1918,86,2344,Morning,"2026-03-21"
1919,11,2345,Morning,"2026-03-21"
1920,58,2346,Night,"2026-03-21"
1921,53,2347,Evening,"2026-03-22"
1922,93,2348,Morning,"2026-03-22"
1923,90,2349,Evening,"2026-03-22"
1924,76,2350,Morning,"2026-03-22"
1925,59,2351,Evening,"2026-03-22"
1926,34,2352,Evening,"2026-03-22"
1927,61,2353,Morning,"2026-03-22"
1928,68,2354,Evening,"2026-03-22"
1929,33,2355,Morning,"2026-03-22"
1930,25,2356,Morning,"2026-03-22"
1931,60,2357,Night,"2026-03-22"
1932,44,2358,Morning,"2026-03-22"
1933,100,2359,Morning,"2026-03-22"
1934,99,2360,Evening,"2026-03-22"
1935,24,2361,Evening,"2026-03-22"
1936,36,2362,Morning,"2026-03-22"
1937,46,2363,Night,"2026-03-22"
1938,86,2364,Evening,"2026-03-22"
1939,31,2365,Evening,"2026-03-22"
1940,1,2366,Rotating,"2026-03-22"
1941,67,2367,Evening,"2026-03-22"
1942,93,2368,Rotating,"2026-03-22"
1943,29,2369,Evening,"2026-03-22"
1944,21,2370,Morning,"2026-03-22"
1945,10,2371,Morning,"2026-03-23"
1946,47,2372,Night,"2026-03-23"
1947,75,2373,Evening,"2026-03-23"
1948,55,2374,Morning,"2026-03-23"
1949,64,2375,Morning,"2026-03-23"
1950,94,2376,Evening,"2026-03-23"
1951,76,2377,Morning,"2026-03-23"
1952,16,2378,Rotating,"2026-03-23"
1953,79,2379,Rotating,"2026-03-23"
1954,90,2380,Night,"2026-03-23"
1955,36,2381,Rotating,"2026-03-23"
1956,30,2382,Rotating,"2026-03-23"
1957,40,2383,Morning,"2026-03-23"
1958,96,2384,Rotating,"2026-03-23"
1959,67,2385,Morning,"2026-03-23"
1960,85,2386,Night,"2026-03-23"
1961,90,2387,Night,"2026-03-23"
1962,52,2388,Rotating,"2026-03-23"
1963,19,2389,Night,"2026-03-23"
1964,45,2390,Evening,"2026-03-23"
1965,35,2391,Night,"2026-03-23"
1966,66,2392,Morning,"2026-03-23"
1967,18,2393,Night,"2026-03-23"
1968,73,2394,Morning,"2026-03-23"
1969,61,2395,Morning,"2026-03-24"
1970,68,2396,Night,"2026-03-24"
1971,15,2397,Night,"2026-03-24"
1972,46,2398,Morning,"2026-03-24"
1973,24,2399,Morning,"2026-03-24"
1974,64,2400,Night,"2026-03-24"
1975,50,2401,Morning,"2026-03-24"
1976,80,2402,Evening,"2026-03-24"
1977,82,2403,Rotating,"2026-03-24"
1978,87,2404,Evening,"2026-03-24"
1979,53,2405,Evening,"2026-03-24"
1980,77,2406,Rotating,"2026-03-24"
1981,22,2407,Night,"2026-03-24"
1982,44,2408,Night,"2026-03-24"
1983,46,2409,Morning,"2026-03-24"
1984,8,2410,Night,"2026-03-24"
1985,92,2411,Evening,"2026-03-24"
1986,40,2412,Night,"2026-03-24"
1987,28,2413,Evening,"2026-03-24"
1988,98,2414,Morning,"2026-03-24"
1989,63,2415,Evening,"2026-03-24"
1990,84,2416,Evening,"2026-03-24"
1991,65,2417,Morning,"2026-03-24"
1992,53,2418,Night,"2026-03-24"
1993,62,2419,Night,"2026-03-25"
1994,95,2420,Night,"2026-03-25"
1995,79,2421,Rotating,"2026-03-25"
1996,83,2422,Evening,"2026-03-25"
1997,77,2423,Evening,"2026-03-25"
1998,2,2424,Rotating,"2026-03-25"
1999,89,2425,Evening,"2026-03-25"
2000,14,2426,Morning,"2026-03-25"
2001,35,2427,Morning,"2026-03-25"
2002,95,2428,Morning,"2026-03-25"
2003,7,2429,Evening,"2026-03-25"
2004,83,2430,Night,"2026-03-25"
2005,72,2431,Night,"2026-03-25"
2006,99,2432,Morning,"2026-03-25"
2007,39,2433,Evening,"2026-03-25"
2008,94,2434,Morning,"2026-03-25"
2009,50,2435,Evening,"2026-03-25"
2010,53,2436,Evening,"2026-03-25"
2011,27,2437,Night,"2026-03-25"
2012,32,2438,Evening,"2026-03-25"
2013,21,2439,Morning,"2026-03-25"
2014,70,2440,Morning,"2026-03-25"
2015,75,2441,Night,"2026-03-25"
2016,99,2442,Evening,"2026-03-25"
2017,84,2443,Night,"2026-03-26"
2018,57,2444,Rotating,"2026-03-26"
2019,2,2445,Morning,"2026-03-26"
2020,95,2446,Rotating,"2026-03-26"
2021,27,2447,Night,"2026-03-26"
2022,65,2448,Night,"2026-03-26"
2023,9,2449,Evening,"2026-03-26"
2024,5,2450,Night,"2026-03-26"
2025,34,2451,Morning,"2026-03-26"
2026,41,2452,Rotating,"2026-03-26"
2027,72,2453,Night,"2026-03-26"
2028,73,2454,Evening,"2026-03-26"
2029,67,2455,Morning,"2026-03-26"
2030,42,2456,Rotating,"2026-03-26"
2031,28,2457,Night,"2026-03-26"
2032,21,2458,Night,"2026-03-26"
2033,38,2459,Evening,"2026-03-26"
2034,87,2460,Morning,"2026-03-26"
2035,79,2461,Evening,"2026-03-26"
2036,19,2462,Night,"2026-03-26"
2037,96,2463,Evening,"2026-03-26"
2038,36,2464,Morning,"2026-03-26"
2039,84,2465,Evening,"2026-03-26"
2040,86,2466,Morning,"2026-03-26"
2041,87,2467,Evening,"2026-03-27"
2042,26,2468,Morning,"2026-03-27"
2043,31,2469,Evening,"2026-03-27"
2044,33,2470,Morning,"2026-03-27"
2045,25,2471,Morning,"2026-03-27"
2046,28,2472,Morning,"2026-03-27"
2047,92,2473,Morning,"2026-03-27"
2048,31,2474,Evening,"2026-03-27"
2049,45,2475,Evening,"2026-03-27"
2050,11,2476,Morning,"2026-03-27"
2051,96,2477,Morning,"2026-03-27"
2052,85,2478,Rotating,"2026-03-27"
2053,43,2479,Morning,"2026-03-27"
2054,2,2480,Rotating,"2026-03-27"
2055,66,2481,Morning,"2026-03-27"
2056,43,2482,Evening,"2026-03-27"
2057,53,2483,Night,"2026-03-27"
2058,43,2484,Night,"2026-03-27"
2059,72,2485,Evening,"2026-03-27"
2060,67,2486,Morning,"2026-03-27"
2061,41,2487,Night,"2026-03-27"
2062,69,2488,Evening,"2026-03-27"
2063,88,2489,Night,"2026-03-27"
2064,35,2490,Night,"2026-03-27"
2065,24,2491,Morning,"2026-03-28"
2066,68,2492,Morning,"2026-03-28"
2067,75,2493,Night,"2026-03-28"
2068,91,2494,Night,"2026-03-28"
2069,100,2495,Evening,"2026-03-28"
2070,31,2496,Evening,"2026-03-28"
2071,75,2497,Morning,"2026-03-28"
2072,2,2498,Morning,"2026-03-28"
2073,28,2499,Morning,"2026-03-28"
2074,23,2500,Evening,"2026-03-28"
2075,80,2501,Morning,"2026-03-28"
2076,96,2502,Morning,"2026-03-28"
2077,26,2503,Morning,"2026-03-28"
2078,74,2504,Evening,"2026-03-28"
2079,100,2505,Night,"2026-03-28"
2080,58,2506,Night,"2026-03-28"
2081,72,2507,Evening,"2026-03-28"
2082,44,2508,Morning,"2026-03-28"
2083,27,2509,Morning,"2026-03-28"
2084,10,2510,Evening,"2026-03-28"
2085,61,2511,Morning,"2026-03-28"
2086,97,2512,Rotating,"2026-03-28"
2087,67,2513,Morning,"2026-03-28"
2088,44,2514,Evening,"2026-03-28"
2089,91,2515,Rotating,"2026-03-29"
2090,82,2516,Evening,"2026-03-29"
2091,77,2517,Morning,"2026-03-29"
2092,22,2518,Rotating,"2026-03-29"
2093,30,2519,Morning,"2026-03-29"
2094,77,2520,Morning,"2026-03-29"
2095,35,2521,Evening,"2026-03-29"
2096,19,2522,Morning,"2026-03-29"
2097,69,2523,Evening,"2026-03-29"
2098,49,2524,Morning,"2026-03-29"
2099,82,2525,Morning,"2026-03-29"
2100,42,2526,Rotating,"2026-03-29"
2101,81,2527,Morning,"2026-03-29"
2102,37,2528,Evening,"2026-03-29"
2103,9,2529,Rotating,"2026-03-29"
2104,11,2530,Evening,"2026-03-29"
2105,56,2531,Evening,"2026-03-29"
2106,47,2532,Night,"2026-03-29"
2107,38,2533,Morning,"2026-03-29"
2108,93,2534,Morning,"2026-03-29"
2109,48,2535,Evening,"2026-03-29"
2110,87,2536,Night,"2026-03-29"
2111,12,2537,Morning,"2026-03-29"
2112,84,2538,Evening,"2026-03-29"
2113,68,2539,Morning,"2026-03-30"
2114,56,2540,Evening,"2026-03-30"
2115,35,2541,Morning,"2026-03-30"
2116,36,2542,Evening,"2026-03-30"
2117,78,2543,Evening,"2026-03-30"
2118,39,2544,Morning,"2026-03-30"
2119,12,2545,Rotating,"2026-03-30"
2120,89,2546,Rotating,"2026-03-30"
2121,73,2547,Morning,"2026-03-30"
2122,1,2548,Morning,"2026-03-30"
2123,46,2549,Evening,"2026-03-30"
2124,16,2550,Night,"2026-03-30"
2125,96,2551,Evening,"2026-03-30"
2126,18,2552,Night,"2026-03-30"
2127,79,2553,Evening,"2026-03-30"
2128,34,2554,Morning,"2026-03-30"
2129,81,2555,Morning,"2026-03-30"
2130,53,2556,Rotating,"2026-03-30"
2131,99,2557,Evening,"2026-03-30"
2132,88,2558,Evening,"2026-03-30"
2133,28,2559,Night,"2026-03-30"
2134,5,2560,Evening,"2026-03-30"
2135,73,2561,Rotating,"2026-03-30"
2136,33,2562,Morning,"2026-03-30"
2137,37,2563,Night,"2026-03-31"
2138,71,2564,Evening,"2026-03-31"
2139,91,2565,Rotating,"2026-03-31"
2140,22,2566,Evening,"2026-03-31"
2141,92,2567,Morning,"2026-03-31"
2142,39,2568,Night,"2026-03-31"
2143,95,2569,Morning,"2026-03-31"
2144,28,2570,Evening,"2026-03-31"
2145,67,2571,Morning,"2026-03-31"
2146,99,2572,Evening,"2026-03-31"
2147,36,2573,Morning,"2026-03-31"
2148,17,2574,Night,"2026-03-31"
2149,2,2575,Evening,"2026-03-31"
2150,36,2576,Morning,"2026-03-31"
2151,40,2577,Morning,"2026-03-31"
2152,39,2578,Night,"2026-03-31"
2153,3,2579,Morning,"2026-03-31"
2154,83,2580,Morning,"2026-03-31"
2155,89,2581,Evening,"2026-03-31"
2156,94,2582,Night,"2026-03-31"
2157,77,2583,Morning,"2026-03-31"
2158,62,2584,Morning,"2026-03-31"
2159,60,2585,Morning,"2026-03-31"
2160,19,2586,Morning,"2026-03-31"
2161,88,2587,Evening,"2026-04-01"
2162,49,2588,Night,"2026-04-01"
2163,48,2589,Morning,"2026-04-01"
2164,98,2590,Morning,"2026-04-01"
2165,99,2591,Morning,"2026-04-01"
2166,68,2592,Morning,"2026-04-01"
2167,43,2593,Morning,"2026-04-01"
2168,38,2594,Morning,"2026-04-01"
2169,53,2595,Evening,"2026-04-01"
2170,20,2596,Morning,"2026-04-01"
2171,8,2597,Morning,"2026-04-01"
2172,51,2598,Morning,"2026-04-01"
2173,27,2599,Night,"2026-04-01"
2174,62,2600,Morning,"2026-04-01"
2175,58,2601,Morning,"2026-04-01"
2176,79,2602,Evening,"2026-04-01"
2177,27,2603,Evening,"2026-04-01"
2178,52,2604,Evening,"2026-04-01"
2179,38,2605,Morning,"2026-04-01"
2180,63,2606,Morning,"2026-04-01"
2181,66,2607,Morning,"2026-04-01"
2182,31,2608,Rotating,"2026-04-01"
2183,28,2609,Morning,"2026-04-01"
2184,63,2610,Evening,"2026-04-01"
2185,40,2611,Night,"2026-04-02"
2186,13,2612,Evening,"2026-04-02"
2187,70,2613,Night,"2026-04-02"
2188,63,2614,Rotating,"2026-04-02"
2189,79,2615,Evening,"2026-04-02"
2190,67,2616,Rotating,"2026-04-02"
2191,70,2617,Rotating,"2026-04-02"
2192,40,2618,Evening,"2026-04-02"
2193,14,2619,Evening,"2026-04-02"
2194,68,2620,Morning,"2026-04-02"
2195,96,2621,Night,"2026-04-02"
2196,19,2622,Morning,"2026-04-02"
2197,18,2623,Evening,"2026-04-02"
2198,4,2624,Evening,"2026-04-02"
2199,60,2625,Morning,"2026-04-02"
2200,16,2626,Morning,"2026-04-02"
2201,98,2627,Morning,"2026-04-02"
2202,42,2628,Morning,"2026-04-02"
2203,74,2629,Morning,"2026-04-02"
2204,64,2630,Night,"2026-04-02"
2205,31,2631,Morning,"2026-04-02"
2206,70,2632,Morning,"2026-04-02"
2207,89,2633,Night,"2026-04-02"
2208,60,2634,Rotating,"2026-04-02"
2209,6,2635,Morning,"2026-04-03"
2210,11,2636,Night,"2026-04-03"
2211,97,2637,Morning,"2026-04-03"
2212,81,2638,Night,"2026-04-03"
2213,7,2639,Evening,"2026-04-03"
2214,22,2640,Morning,"2026-04-03"
2215,87,2641,Morning,"2026-04-03"
2216,98,2642,Evening,"2026-04-03"
2217,22,2643,Evening,"2026-04-03"
2218,20,2644,Night,"2026-04-03"
2219,47,2645,Night,"2026-04-03"
2220,59,2646,Morning,"2026-04-03"
2221,32,2647,Rotating,"2026-04-03"
2222,42,2648,Evening,"2026-04-03"
2223,68,2649,Morning,"2026-04-03"
2224,76,2650,Morning,"2026-04-03"
2225,59,2651,Evening,"2026-04-03"
2226,85,2652,Morning,"2026-04-03"
2227,23,2653,Morning,"2026-04-03"
2228,55,2654,Night,"2026-04-03"
2229,86,2655,Morning,"2026-04-03"
2230,29,2656,Morning,"2026-04-03"
2231,25,2657,Morning,"2026-04-03"
2232,15,2658,Morning,"2026-04-03"
2233,57,2659,Morning,"2026-04-04"
2234,45,2660,Evening,"2026-04-04"
2235,98,2661,Morning,"2026-04-04"
2236,2,2662,Morning,"2026-04-04"
2237,80,2663,Night,"2026-04-04"
2238,39,2664,Night,"2026-04-04"
2239,12,2665,Evening,"2026-04-04"
2240,22,2666,Morning,"2026-04-04"
2241,38,2667,Rotating,"2026-04-04"
2242,36,2668,Morning,"2026-04-04"
2243,86,2669,Morning,"2026-04-04"
2244,77,2670,Evening,"2026-04-04"
2245,13,2671,Morning,"2026-04-04"
2246,49,2672,Morning,"2026-04-04"
2247,12,2673,Evening,"2026-04-04"
2248,35,2674,Evening,"2026-04-04"
2249,28,2675,Evening,"2026-04-04"
2250,72,2676,Evening,"2026-04-04"
2251,6,2677,Morning,"2026-04-04"
2252,64,2678,Morning,"2026-04-04"
2253,36,2679,Evening,"2026-04-04"
2254,53,2680,Morning,"2026-04-04"
2255,36,2681,Night,"2026-04-04"
2256,25,2682,Evening,"2026-04-04"
2257,97,2683,Morning,"2026-04-05"
2258,36,2684,Morning,"2026-04-05"
2259,85,2685,Morning,"2026-04-05"
2260,69,2686,Evening,"2026-04-05"
2261,43,2687,Rotating,"2026-04-05"
2262,26,2688,Morning,"2026-04-05"
2263,34,2689,Morning,"2026-04-05"
2264,19,2690,Rotating,"2026-04-05"
2265,24,2691,Morning,"2026-04-05"
2266,19,2692,Night,"2026-04-05"
2267,16,2693,Night,"2026-04-05"
2268,7,2694,Morning,"2026-04-05"
2269,19,2695,Evening,"2026-04-05"
2270,18,2696,Morning,"2026-04-05"
2271,91,2697,Night,"2026-04-05"
2272,100,2698,Rotating,"2026-04-05"
2273,59,2699,Rotating,"2026-04-05"
2274,83,2700,Evening,"2026-04-05"
2275,38,2701,Night,"2026-04-05"
2276,10,2702,Night,"2026-04-05"
2277,41,2703,Morning,"2026-04-05"
2278,92,2704,Morning,"2026-04-05"
2279,69,2705,Evening,"2026-04-05"
2280,37,2706,Evening,"2026-04-05"
2281,17,2707,Morning,"2026-04-06"
2282,21,2708,Night,"2026-04-06"
2283,86,2709,Morning,"2026-04-06"
2284,39,2710,Night,"2026-04-06"
2285,95,2711,Evening,"2026-04-06"
2286,84,2712,Morning,"2026-04-06"
2287,51,2713,Morning,"2026-04-06"
2288,87,2714,Rotating,"2026-04-06"
2289,48,2715,Rotating,"2026-04-06"
2290,91,2716,Morning,"2026-04-06"
2291,100,2717,Evening,"2026-04-06"
2292,95,2718,Rotating,"2026-04-06"
2293,72,2719,Night,"2026-04-06"
2294,65,2720,Rotating,"2026-04-06"
2295,43,2721,Night,"2026-04-06"
2296,85,2722,Morning,"2026-04-06"
2297,92,2723,Night,"2026-04-06"
2298,61,2724,Morning,"2026-04-06"
2299,29,2725,Night,"2026-04-06"
2300,32,2726,Morning,"2026-04-06"
2301,94,2727,Morning,"2026-04-06"
2302,36,2728,Morning,"2026-04-06"
2303,95,2729,Evening,"2026-04-06"
2304,96,2730,Rotating,"2026-04-06"
2305,11,2731,Morning,"2026-04-07"
2306,70,2732,Morning,"2026-04-07"
2307,87,2733,Night,"2026-04-07"
2308,23,2734,Rotating,"2026-04-07"
2309,43,2735,Morning,"2026-04-07"
2310,50,2736,Night,"2026-04-07"
2311,4,2737,Evening,"2026-04-07"
2312,62,2738,Evening,"2026-04-07"
2313,50,2739,Evening,"2026-04-07"
2314,4,2740,Morning,"2026-04-07"
2315,47,2741,Evening,"2026-04-07"
2316,61,2742,Evening,"2026-04-07"
2317,52,2743,Morning,"2026-04-07"
2318,64,2744,Morning,"2026-04-07"
2319,72,2745,Rotating,"2026-04-07"
2320,24,2746,Rotating,"2026-04-07"
2321,60,2747,Morning,"2026-04-07"
2322,82,2748,Morning,"2026-04-07"
2323,46,2749,Morning,"2026-04-07"
2324,4,2750,Evening,"2026-04-07"
2325,50,2751,Night,"2026-04-07"
2326,92,2752,Night,"2026-04-07"
2327,46,2753,Evening,"2026-04-07"
2328,14,2754,Morning,"2026-04-07"
2329,78,2755,Evening,"2026-04-08"
2330,9,2756,Rotating,"2026-04-08"
2331,71,2757,Evening,"2026-04-08"
2332,33,2758,Evening,"2026-04-08"
2333,53,2759,Morning,"2026-04-08"
2334,48,2760,Night,"2026-04-08"
2335,65,2761,Morning,"2026-04-08"
2336,24,2762,Morning,"2026-04-08"
2337,31,2763,Evening,"2026-04-08"
2338,60,2764,Morning,"2026-04-08"
2339,65,2765,Morning,"2026-04-08"
2340,32,2766,Night,"2026-04-08"
2341,18,2767,Morning,"2026-04-08"
2342,74,2768,Morning,"2026-04-08"
2343,94,2769,Night,"2026-04-08"
2344,32,2770,Morning,"2026-04-08"
2345,43,2771,Evening,"2026-04-08"
2346,67,2772,Evening,"2026-04-08"
2347,91,2773,Night,"2026-04-08"
2348,33,2774,Evening,"2026-04-08"
2349,20,2775,Rotating,"2026-04-08"
2350,48,2776,Evening,"2026-04-08"
2351,29,2777,Morning,"2026-04-08"
2352,78,2778,Evening,"2026-04-08"
2353,67,2779,Morning,"2026-04-09"
2354,87,2780,Evening,"2026-04-09"
2355,95,2781,Evening,"2026-04-09"
2356,14,2782,Morning,"2026-04-09"
2357,89,2783,Morning,"2026-04-09"
2358,12,2784,Evening,"2026-04-09"
2359,89,2785,Rotating,"2026-04-09"
2360,95,2786,Morning,"2026-04-09"
2361,32,2787,Rotating,"2026-04-09"
2362,99,2788,Morning,"2026-04-09"
2363,17,2789,Rotating,"2026-04-09"
2364,40,2790,Evening,"2026-04-09"
2365,99,2791,Evening,"2026-04-09"
2366,48,2792,Rotating,"2026-04-09"
2367,67,2793,Morning,"2026-04-09"
2368,71,2794,Morning,"2026-04-09"
2369,81,2795,Night,"2026-04-09"
2370,24,2796,Evening,"2026-04-09"
2371,95,2797,Rotating,"2026-04-09"
2372,15,2798,Morning,"2026-04-09"
2373,52,2799,Morning,"2026-04-09"
2374,34,2800,Evening,"2026-04-09"
2375,69,2801,Morning,"2026-04-09"
2376,32,2802,Morning,"2026-04-09"
2377,53,2803,Evening,"2026-04-10"
2378,11,2804,Evening,"2026-04-10"
2379,41,2805,Evening,"2026-04-10"
2380,49,2806,Morning,"2026-04-10"
2381,39,2807,Evening,"2026-04-10"
2382,45,2808,Morning,"2026-04-10"
2383,64,2809,Morning,"2026-04-10"
2384,45,2810,Morning,"2026-04-10"
2385,17,2811,Rotating,"2026-04-10"
2386,33,2812,Evening,"2026-04-10"
2387,59,2813,Night,"2026-04-10"
2388,95,2814,Morning,"2026-04-10"
2389,50,2815,Night,"2026-04-10"
2390,82,2816,Morning,"2026-04-10"
2391,15,2817,Morning,"2026-04-10"
2392,48,2818,Evening,"2026-04-10"
2393,19,2819,Morning,"2026-04-10"
2394,61,2820,Morning,"2026-04-10"
2395,21,2821,Evening,"2026-04-10"
2396,1,2822,Morning,"2026-04-10"
2397,80,2823,Morning,"2026-04-10"
2398,47,2824,Morning,"2026-04-10"
2399,94,2825,Evening,"2026-04-10"
2400,5,2826,Evening,"2026-04-10"
2401,27,2827,Morning,"2026-04-11"
2402,30,2828,Night,"2026-04-11"
2403,57,2829,Rotating,"2026-04-11"
2404,8,2830,Night,"2026-04-11"
2405,11,2831,Evening,"2026-04-11"
2406,66,2832,Night,"2026-04-11"
2407,76,2833,Evening,"2026-04-11"
2408,24,2834,Evening,"2026-04-11"
2409,73,2835,Rotating,"2026-04-11"
2410,32,2836,Morning,"2026-04-11"
2411,16,2837,Morning,"2026-04-11"
2412,20,2838,Morning,"2026-04-11"
2413,50,2839,Morning,"2026-04-11"
2414,27,2840,Morning,"2026-04-11"
2415,25,2841,Morning,"2026-04-11"
2416,29,2842,Morning,"2026-04-11"
2417,33,2843,Evening,"2026-04-11"
2418,76,2844,Night,"2026-04-11"
2419,13,2845,Rotating,"2026-04-11"
2420,34,2846,Morning,"2026-04-11"
2421,88,2847,Night,"2026-04-11"
2422,16,2848,Morning,"2026-04-11"
2423,45,2849,Night,"2026-04-11"
2424,41,2850,Evening,"2026-04-11"
2425,90,2851,Morning,"2026-04-12"
2426,28,2852,Rotating,"2026-04-12"
2427,39,2853,Rotating,"2026-04-12"
2428,14,2854,Morning,"2026-04-12"
2429,15,2855,Evening,"2026-04-12"
2430,87,2856,Night,"2026-04-12"
2431,19,2857,Morning,"2026-04-12"
2432,63,2858,Evening,"2026-04-12"
2433,79,2859,Rotating,"2026-04-12"
2434,72,2860,Rotating,"2026-04-12"
2435,84,2861,Morning,"2026-04-12"
2436,94,2862,Evening,"2026-04-12"
2437,70,2863,Morning,"2026-04-12"
2438,74,2864,Morning,"2026-04-12"
2439,81,2865,Morning,"2026-04-12"
2440,63,2866,Morning,"2026-04-12"
2441,87,2867,Morning,"2026-04-12"
2442,63,2868,Morning,"2026-04-12"
2443,82,2869,Night,"2026-04-12"
2444,42,2870,Night,"2026-04-12"
2445,14,2871,Night,"2026-04-12"
2446,67,2872,Evening,"2026-04-12"
2447,19,2873,Morning,"2026-04-12"
2448,45,2874,Morning,"2026-04-12"
2449,29,2875,Morning,"2026-04-13"
2450,37,2876,Rotating,"2026-04-13"
2451,71,2877,Evening,"2026-04-13"
2452,82,2878,Morning,"2026-04-13"
2453,78,2879,Morning,"2026-04-13"
2454,53,2880,Night,"2026-04-13"
2455,15,2881,Evening,"2026-04-13"
2456,36,2882,Morning,"2026-04-13"
2457,1,2883,Evening,"2026-04-13"
2458,17,2884,Night,"2026-04-13"
2459,43,2885,Evening,"2026-04-13"
2460,93,2886,Evening,"2026-04-13"
2461,55,2887,Evening,"2026-04-13"
2462,62,2888,Morning,"2026-04-13"
2463,76,2889,Evening,"2026-04-13"
2464,93,2890,Evening,"2026-04-13"
2465,83,2891,Evening,"2026-04-13"
2466,79,2892,Rotating,"2026-04-13"
2467,66,2893,Morning,"2026-04-13"
2468,86,2894,Night,"2026-04-13"
2469,71,2895,Morning,"2026-04-13"
2470,99,2896,Morning,"2026-04-13"
2471,77,2897,Evening,"2026-04-13"
2472,7,2898,Night,"2026-04-13"
2473,4,2899,Morning,"2026-04-14"
2474,24,2900,Night,"2026-04-14"
2475,9,2901,Night,"2026-04-14"
2476,50,2902,Night,"2026-04-14"
2477,79,2903,Evening,"2026-04-14"
2478,29,2904,Evening,"2026-04-14"
2479,42,2905,Morning,"2026-04-14"
2480,6,2906,Morning,"2026-04-14"
2481,56,2907,Morning,"2026-04-14"
2482,39,2908,Evening,"2026-04-14"
2483,28,2909,Morning,"2026-04-14"
2484,49,2910,Night,"2026-04-14"
2485,24,2911,Night,"2026-04-14"
2486,89,2912,Evening,"2026-04-14"
2487,87,2913,Evening,"2026-04-14"
2488,94,2914,Night,"2026-04-14"
2489,1,2915,Night,"2026-04-14"
2490,43,2916,Morning,"2026-04-14"
2491,45,2917,Morning,"2026-04-14"
2492,44,2918,Morning,"2026-04-14"
2493,98,2919,Night,"2026-04-14"
2494,79,2920,Rotating,"2026-04-14"
2495,99,2921,Evening,"2026-04-14"
2496,3,2922,Morning,"2026-04-14"
2497,13,2923,Morning,"2026-04-15"
2498,13,2924,Rotating,"2026-04-15"
2499,91,2925,Night,"2026-04-15"
2500,74,2926,Morning,"2026-04-15"
2501,4,2927,Morning,"2026-04-15"
2502,1,2928,Morning,"2026-04-15"
2503,67,2929,Morning,"2026-04-15"
2504,53,2930,Night,"2026-04-15"
2505,5,2931,Morning,"2026-04-15"
2506,71,2932,Morning,"2026-04-15"
2507,15,2933,Morning,"2026-04-15"
2508,97,2934,Morning,"2026-04-15"
2509,17,2935,Morning,"2026-04-15"
2510,19,2936,Morning,"2026-04-15"
2511,42,2937,Evening,"2026-04-15"
2512,19,2938,Morning,"2026-04-15"
2513,36,2939,Morning,"2026-04-15"
2514,88,2940,Evening,"2026-04-15"
2515,46,2941,Night,"2026-04-15"
2516,9,2942,Evening,"2026-04-15"
2517,36,2943,Night,"2026-04-15"
2518,33,2944,Morning,"2026-04-15"
2519,83,2945,Rotating,"2026-04-15"
2520,1,2946,Morning,"2026-04-15"
2521,44,2947,Evening,"2026-04-16"
2522,61,2948,Morning,"2026-04-16"
2523,9,2949,Evening,"2026-04-16"
2524,56,2950,Morning,"2026-04-16"
2525,65,2951,Morning,"2026-04-16"
2526,100,2952,Morning,"2026-04-16"
2527,14,2953,Evening,"2026-04-16"
2528,49,2954,Morning,"2026-04-16"
2529,4,2955,Morning,"2026-04-16"
2530,18,2956,Night,"2026-04-16"
2531,80,2957,Morning,"2026-04-16"
2532,32,2958,Morning,"2026-04-16"
2533,33,2959,Morning,"2026-04-16"
2534,69,2960,Night,"2026-04-16"
2535,27,2961,Night,"2026-04-16"
2536,68,2962,Evening,"2026-04-16"
2537,52,2963,Morning,"2026-04-16"
2538,42,2964,Morning,"2026-04-16"
2539,17,2965,Evening,"2026-04-16"
2540,62,2966,Morning,"2026-04-16"
2541,98,2967,Evening,"2026-04-16"
2542,37,2968,Evening,"2026-04-16"
2543,43,2969,Morning,"2026-04-16"
2544,57,2970,Evening,"2026-04-16"
2545,28,2971,Evening,"2026-04-17"
2546,69,2972,Morning,"2026-04-17"
2547,17,2973,Evening,"2026-04-17"
2548,41,2974,Rotating,"2026-04-17"
2549,2,2975,Evening,"2026-04-17"
2550,90,2976,Rotating,"2026-04-17"
2551,47,2977,Morning,"2026-04-17"
2552,68,2978,Morning,"2026-04-17"
2553,46,2979,Evening,"2026-04-17"
2554,42,2980,Morning,"2026-04-17"
2555,67,2981,Evening,"2026-04-17"
2556,42,2982,Morning,"2026-04-17"
2557,50,2983,Night,"2026-04-17"
2558,49,2984,Night,"2026-04-17"
2559,4,2985,Morning,"2026-04-17"
2560,94,2986,Morning,"2026-04-17"
2561,74,2987,Rotating,"2026-04-17"
2562,75,2988,Evening,"2026-04-17"
2563,77,2989,Evening,"2026-04-17"
2564,85,2990,Rotating,"2026-04-17"
2565,23,2991,Night,"2026-04-17"
2566,82,2992,Evening,"2026-04-17"
2567,38,2993,Evening,"2026-04-17"
2568,13,2994,Evening,"2026-04-17"
2569,19,2995,Morning,"2026-04-18"
2570,60,2996,Rotating,"2026-04-18"
2571,59,2997,Evening,"2026-04-18"
2572,79,2998,Night,"2026-04-18"
2573,22,2999,Night,"2026-04-18"
2574,47,3000,Morning,"2026-04-18"
2575,28,3001,Evening,"2026-04-18"
2576,43,3002,Morning,"2026-04-18"
2577,52,3003,Evening,"2026-04-18"
2578,58,3004,Evening,"2026-04-18"
2579,78,3005,Morning,"2026-04-18"
2580,34,3006,Morning,"2026-04-18"
2581,35,3007,Evening,"2026-04-18"
2582,77,3008,Evening,"2026-04-18"
2583,12,3009,Night,"2026-04-18"
2584,66,3010,Evening,"2026-04-18"
2585,69,3011,Night,"2026-04-18"
2586,43,3012,Evening,"2026-04-18"
2587,29,3013,Evening,"2026-04-18"
2588,43,3014,Morning,"2026-04-18"
2589,66,3015,Evening,"2026-04-18"
2590,61,3016,Evening,"2026-04-18"
2591,17,3017,Morning,"2026-04-18"
2592,100,3018,Morning,"2026-04-18"
2593,48,3019,Evening,"2026-04-19"
2594,98,3020,Night,"2026-04-19"
2595,63,3021,Morning,"2026-04-19"
2596,30,3022,Night,"2026-04-19"
2597,19,3023,Morning,"2026-04-19"
2598,35,3024,Evening,"2026-04-19"
2599,56,3025,Rotating,"2026-04-19"
2600,59,3026,Morning,"2026-04-19"
2601,16,3027,Morning,"2026-04-19"
2602,85,3028,Rotating,"2026-04-19"
2603,55,3029,Rotating,"2026-04-19"
2604,72,3030,Morning,"2026-04-19"
2605,24,3031,Evening,"2026-04-19"
2606,38,3032,Night,"2026-04-19"
2607,23,3033,Rotating,"2026-04-19"
2608,74,3034,Morning,"2026-04-19"
2609,74,3035,Morning,"2026-04-19"
2610,33,3036,Rotating,"2026-04-19"
2611,35,3037,Evening,"2026-04-19"
2612,24,3038,Evening,"2026-04-19"
2613,36,3039,Night,"2026-04-19"
2614,87,3040,Morning,"2026-04-19"
2615,84,3041,Morning,"2026-04-19"
2616,5,3042,Morning,"2026-04-19"
2617,34,3043,Evening,"2026-04-20"
2618,95,3044,Morning,"2026-04-20"
2619,69,3045,Morning,"2026-04-20"
2620,79,3046,Rotating,"2026-04-20"
2621,99,3047,Night,"2026-04-20"
2622,39,3048,Evening,"2026-04-20"
2623,34,3049,Night,"2026-04-20"
2624,65,3050,Morning,"2026-04-20"
2625,76,3051,Morning,"2026-04-20"
2626,86,3052,Night,"2026-04-20"
2627,4,3053,Morning,"2026-04-20"
2628,21,3054,Evening,"2026-04-20"
2629,82,3055,Morning,"2026-04-20"
2630,21,3056,Rotating,"2026-04-20"
2631,96,3057,Evening,"2026-04-20"
2632,17,3058,Evening,"2026-04-20"
2633,39,3059,Evening,"2026-04-20"
2634,37,3060,Evening,"2026-04-20"
2635,63,3061,Evening,"2026-04-20"
2636,68,3062,Evening,"2026-04-20"
2637,76,3063,Night,"2026-04-20"
2638,59,3064,Evening,"2026-04-20"
2639,46,3065,Morning,"2026-04-20"
2640,53,3066,Morning,"2026-04-20"
2641,15,3067,Morning,"2026-04-21"
2642,14,3068,Morning,"2026-04-21"
2643,5,3069,Morning,"2026-04-21"
2644,48,3070,Morning,"2026-04-21"
2645,31,3071,Morning,"2026-04-21"
2646,71,3072,Evening,"2026-04-21"
2647,11,3073,Morning,"2026-04-21"
2648,1,3074,Morning,"2026-04-21"
2649,33,3075,Morning,"2026-04-21"
2650,24,3076,Rotating,"2026-04-21"
2651,91,3077,Morning,"2026-04-21"
2652,88,3078,Morning,"2026-04-21"
2653,34,3079,Evening,"2026-04-21"
2654,89,3080,Evening,"2026-04-21"
2655,94,3081,Evening,"2026-04-21"
2656,36,3082,Morning,"2026-04-21"
2657,95,3083,Rotating,"2026-04-21"
2658,77,3084,Rotating,"2026-04-21"
2659,6,3085,Morning,"2026-04-21"
2660,72,3086,Rotating,"2026-04-21"
2661,58,3087,Evening,"2026-04-21"
2662,14,3088,Night,"2026-04-21"
2663,76,3089,Evening,"2026-04-21"
2664,41,3090,Rotating,"2026-04-21"
2665,58,3091,Night,"2026-04-22"
2666,16,3092,Evening,"2026-04-22"
2667,6,3093,Morning,"2026-04-22"
2668,91,3094,Evening,"2026-04-22"
2669,65,3095,Rotating,"2026-04-22"
2670,80,3096,Morning,"2026-04-22"
2671,20,3097,Rotating,"2026-04-22"
2672,61,3098,Morning,"2026-04-22"
2673,1,3099,Night,"2026-04-22"
2674,2,3100,Morning,"2026-04-22"
2675,89,3101,Rotating,"2026-04-22"
2676,5,3102,Evening,"2026-04-22"
2677,65,3103,Evening,"2026-04-22"
2678,25,3104,Rotating,"2026-04-22"
2679,16,3105,Morning,"2026-04-22"
2680,11,3106,Morning,"2026-04-22"
2681,14,3107,Morning,"2026-04-22"
2682,59,3108,Morning,"2026-04-22"
2683,3,3109,Night,"2026-04-22"
2684,62,3110,Evening,"2026-04-22"
2685,65,3111,Evening,"2026-04-22"
2686,85,3112,Night,"2026-04-22"
2687,37,3113,Morning,"2026-04-22"
2688,97,3114,Morning,"2026-04-22"
2689,41,3115,Evening,"2026-04-23"
2690,30,3116,Night,"2026-04-23"
2691,37,3117,Morning,"2026-04-23"
2692,65,3118,Night,"2026-04-23"
2693,26,3119,Evening,"2026-04-23"
2694,76,3120,Night,"2026-04-23"
2695,37,3121,Morning,"2026-04-23"
2696,57,3122,Morning,"2026-04-23"
2697,80,3123,Night,"2026-04-23"
2698,82,3124,Evening,"2026-04-23"
2699,3,3125,Evening,"2026-04-23"
2700,24,3126,Morning,"2026-04-23"
2701,94,3127,Morning,"2026-04-23"
2702,80,3128,Morning,"2026-04-23"
2703,2,3129,Evening,"2026-04-23"
2704,59,3130,Evening,"2026-04-23"
2705,70,3131,Evening,"2026-04-23"
2706,71,3132,Evening,"2026-04-23"
2707,35,3133,Morning,"2026-04-23"
2708,20,3134,Morning,"2026-04-23"
2709,44,3135,Morning,"2026-04-23"
2710,29,3136,Evening,"2026-04-23"
2711,41,3137,Night,"2026-04-23"
2712,28,3138,Morning,"2026-04-23"
2713,40,3139,Evening,"2026-04-24"
2714,43,3140,Evening,"2026-04-24"
2715,28,3141,Morning,"2026-04-24"
2716,1,3142,Morning,"2026-04-24"
2717,13,3143,Morning,"2026-04-24"
2718,79,3144,Night,"2026-04-24"
2719,80,3145,Evening,"2026-04-24"
2720,47,3146,Morning,"2026-04-24"
2721,56,3147,Rotating,"2026-04-24"
2722,9,3148,Morning,"2026-04-24"
2723,23,3149,Morning,"2026-04-24"
2724,47,3150,Night,"2026-04-24"
2725,29,3151,Morning,"2026-04-24"
2726,81,3152,Evening,"2026-04-24"
2727,27,3153,Evening,"2026-04-24"
2728,20,3154,Evening,"2026-04-24"
2729,46,3155,Morning,"2026-04-24"
2730,10,3156,Morning,"2026-04-24"
2731,100,3157,Morning,"2026-04-24"
2732,94,3158,Morning,"2026-04-24"
2733,69,3159,Evening,"2026-04-24"
2734,1,3160,Night,"2026-04-24"
2735,10,3161,Morning,"2026-04-24"
2736,6,3162,Morning,"2026-04-24"
2737,20,3163,Evening,"2026-04-25"
2738,6,3164,Morning,"2026-04-25"
2739,89,3165,Rotating,"2026-04-25"
2740,1,3166,Evening,"2026-04-25"
2741,58,3167,Morning,"2026-04-25"
2742,89,3168,Morning,"2026-04-25"
2743,33,3169,Rotating,"2026-04-25"
2744,21,3170,Morning,"2026-04-25"
2745,5,3171,Morning,"2026-04-25"
2746,96,3172,Evening,"2026-04-25"
2747,37,3173,Evening,"2026-04-25"
2748,25,3174,Evening,"2026-04-25"
2749,67,3175,Evening,"2026-04-25"
2750,12,3176,Night,"2026-04-25"
2751,19,3177,Evening,"2026-04-25"
2752,2,3178,Rotating,"2026-04-25"
2753,36,3179,Evening,"2026-04-25"
2754,57,3180,Morning,"2026-04-25"
2755,7,3181,Morning,"2026-04-25"
2756,92,3182,Morning,"2026-04-25"
2757,23,3183,Night,"2026-04-25"
2758,32,3184,Morning,"2026-04-25"
2759,57,3185,Morning,"2026-04-25"
2760,40,3186,Evening,"2026-04-25"
2761,39,3187,Morning,"2026-04-26"
2762,93,3188,Night,"2026-04-26"
2763,1,3189,Morning,"2026-04-26"
2764,27,3190,Morning,"2026-04-26"
2765,13,3191,Night,"2026-04-26"
2766,56,3192,Evening,"2026-04-26"
2767,72,3193,Morning,"2026-04-26"
2768,22,3194,Evening,"2026-04-26"
2769,13,3195,Evening,"2026-04-26"
2770,16,3196,Evening,"2026-04-26"
2771,39,3197,Morning,"2026-04-26"
2772,1,3198,Night,"2026-04-26"
2773,15,3199,Night,"2026-04-26"
2774,54,3200,Evening,"2026-04-26"
2775,36,3201,Morning,"2026-04-26"
2776,79,3202,Evening,"2026-04-26"
2777,78,3203,Morning,"2026-04-26"
2778,71,3204,Night,"2026-04-26"
2779,11,3205,Morning,"2026-04-26"
2780,47,3206,Morning,"2026-04-26"
2781,84,3207,Rotating,"2026-04-26"
2782,88,3208,Morning,"2026-04-26"
2783,48,3209,Night,"2026-04-26"
2784,80,3210,Rotating,"2026-04-26"
2785,95,3211,Night,"2026-04-27"
2786,46,3212,Evening,"2026-04-27"
2787,69,3213,Evening,"2026-04-27"
2788,29,3214,Night,"2026-04-27"
2789,31,3215,Evening,"2026-04-27"
2790,92,3216,Night,"2026-04-27"
2791,59,3217,Evening,"2026-04-27"
2792,58,3218,Morning,"2026-04-27"
2793,88,3219,Evening,"2026-04-27"
2794,42,3220,Evening,"2026-04-27"
2795,46,3221,Morning,"2026-04-27"
2796,63,3222,Night,"2026-04-27"
2797,48,3223,Morning,"2026-04-27"
2798,59,3224,Evening,"2026-04-27"
2799,19,3225,Morning,"2026-04-27"
2800,83,3226,Rotating,"2026-04-27"
2801,46,3227,Evening,"2026-04-27"
2802,39,3228,Evening,"2026-04-27"
2803,12,3229,Morning,"2026-04-27"
2804,6,3230,Night,"2026-04-27"
2805,66,3231,Evening,"2026-04-27"
2806,50,3232,Evening,"2026-04-27"
2807,96,3233,Evening,"2026-04-27"
2808,99,3234,Evening,"2026-04-27"
2809,89,3235,Morning,"2026-04-28"
2810,34,3236,Rotating,"2026-04-28"
2811,19,3237,Evening,"2026-04-28"
2812,84,3238,Morning,"2026-04-28"
2813,2,3239,Morning,"2026-04-28"
2814,85,3240,Night,"2026-04-28"
2815,80,3241,Night,"2026-04-28"
2816,36,3242,Rotating,"2026-04-28"
2817,7,3243,Night,"2026-04-28"
2818,62,3244,Rotating,"2026-04-28"
2819,72,3245,Rotating,"2026-04-28"
2820,57,3246,Evening,"2026-04-28"
2821,13,3247,Morning,"2026-04-28"
2822,1,3248,Night,"2026-04-28"
2823,43,3249,Morning,"2026-04-28"
2824,19,3250,Morning,"2026-04-28"
2825,40,3251,Evening,"2026-04-28"
2826,74,3252,Morning,"2026-04-28"
2827,25,3253,Morning,"2026-04-28"
2828,9,3254,Morning,"2026-04-28"
2829,64,3255,Evening,"2026-04-28"
2830,34,3256,Evening,"2026-04-28"
2831,72,3257,Night,"2026-04-28"
2832,100,3258,Night,"2026-04-28"
2833,83,3259,Evening,"2026-04-29"
2834,95,3260,Evening,"2026-04-29"
2835,63,3261,Morning,"2026-04-29"
2836,77,3262,Morning,"2026-04-29"
2837,26,3263,Evening,"2026-04-29"
2838,63,3264,Morning,"2026-04-29"
2839,55,3265,Night,"2026-04-29"
2840,76,3266,Morning,"2026-04-29"
2841,63,3267,Morning,"2026-04-29"
2842,44,3268,Night,"2026-04-29"
2843,42,3269,Night,"2026-04-29"
2844,18,3270,Morning,"2026-04-29"
2845,74,3271,Night,"2026-04-29"
2846,97,3272,Morning,"2026-04-29"
2847,95,3273,Morning,"2026-04-29"
2848,75,3274,Evening,"2026-04-29"
2849,50,3275,Evening,"2026-04-29"
2850,98,3276,Night,"2026-04-29"
2851,49,3277,Morning,"2026-04-29"
2852,18,3278,Morning,"2026-04-29"
2853,34,3279,Morning,"2026-04-29"
2854,73,3280,Rotating,"2026-04-29"
2855,64,3281,Night,"2026-04-29"
2856,91,3282,Rotating,"2026-04-29"
2857,3,3283,Evening,"2026-04-30"
2858,23,3284,Morning,"2026-04-30"
2859,43,3285,Evening,"2026-04-30"
2860,23,3286,Rotating,"2026-04-30"
2861,100,3287,Morning,"2026-04-30"
2862,47,3288,Morning,"2026-04-30"
2863,9,3289,Evening,"2026-04-30"
2864,50,3290,Night,"2026-04-30"
2865,17,3291,Morning,"2026-04-30"
2866,22,3292,Evening,"2026-04-30"
2867,76,3293,Morning,"2026-04-30"
2868,37,3294,Morning,"2026-04-30"
2869,18,3295,Rotating,"2026-04-30"
2870,66,3296,Evening,"2026-04-30"
2871,62,3297,Evening,"2026-04-30"
2872,61,3298,Morning,"2026-04-30"
2873,56,3299,Evening,"2026-04-30"
2874,73,3300,Morning,"2026-04-30"
2875,71,3301,Morning,"2026-04-30"
2876,42,3302,Morning,"2026-04-30"
2877,72,3303,Night,"2026-04-30"
2878,64,3304,Evening,"2026-04-30"
2879,6,3305,Morning,"2026-04-30"
2880,6,3306,Night,"2026-04-30"
2881,22,3307,Evening,"2026-05-01"
2882,4,3308,Rotating,"2026-05-01"
2883,24,3309,Rotating,"2026-05-01"
2884,48,3310,Morning,"2026-05-01"
2885,21,3311,Morning,"2026-05-01"
2886,24,3312,Morning,"2026-05-01"
2887,82,3313,Rotating,"2026-05-01"
2888,40,3314,Evening,"2026-05-01"
2889,98,3315,Rotating,"2026-05-01"
2890,41,3316,Evening,"2026-05-01"
2891,97,3317,Night,"2026-05-01"
2892,30,3318,Evening,"2026-05-01"
2893,37,3319,Morning,"2026-05-01"
2894,10,3320,Night,"2026-05-01"
2895,90,3321,Evening,"2026-05-01"
2896,85,3322,Night,"2026-05-01"
2897,62,3323,Evening,"2026-05-01"
2898,75,3324,Night,"2026-05-01"
2899,74,3325,Evening,"2026-05-01"
2900,5,3326,Evening,"2026-05-01"
2901,1,3327,Evening,"2026-05-01"
2902,12,3328,Evening,"2026-05-01"
2903,92,3329,Night,"2026-05-01"
2904,8,3330,Evening,"2026-05-01"
2905,98,3331,Morning,"2026-05-02"
2906,95,3332,Evening,"2026-05-02"
2907,30,3333,Evening,"2026-05-02"
2908,98,3334,Evening,"2026-05-02"
2909,27,3335,Morning,"2026-05-02"
2910,16,3336,Morning,"2026-05-02"
2911,40,3337,Night,"2026-05-02"
2912,21,3338,Morning,"2026-05-02"
2913,54,3339,Night,"2026-05-02"
2914,35,3340,Evening,"2026-05-02"
2915,5,3341,Evening,"2026-05-02"
2916,84,3342,Morning,"2026-05-02"
2917,2,3343,Rotating,"2026-05-02"
2918,14,3344,Morning,"2026-05-02"
2919,15,3345,Morning,"2026-05-02"
2920,38,3346,Morning,"2026-05-02"
2921,53,3347,Rotating,"2026-05-02"
2922,54,3348,Evening,"2026-05-02"
2923,66,3349,Rotating,"2026-05-02"
2924,25,3350,Morning,"2026-05-02"
2925,60,3351,Morning,"2026-05-02"
2926,95,3352,Morning,"2026-05-02"
2927,99,3353,Night,"2026-05-02"
2928,4,3354,Night,"2026-05-02"
2929,97,3355,Evening,"2026-05-03"
2930,1,3356,Morning,"2026-05-03"
2931,65,3357,Morning,"2026-05-03"
2932,26,3358,Night,"2026-05-03"
2933,24,3359,Evening,"2026-05-03"
2934,64,3360,Morning,"2026-05-03"
2935,41,3361,Morning,"2026-05-03"
2936,94,3362,Morning,"2026-05-03"
2937,16,3363,Morning,"2026-05-03"
2938,98,3364,Night,"2026-05-03"
2939,53,3365,Morning,"2026-05-03"
2940,72,3366,Morning,"2026-05-03"
2941,95,3367,Evening,"2026-05-03"
2942,26,3368,Morning,"2026-05-03"
2943,12,3369,Morning,"2026-05-03"
2944,74,3370,Morning,"2026-05-03"
2945,42,3371,Night,"2026-05-03"
2946,62,3372,Morning,"2026-05-03"
2947,8,3373,Morning,"2026-05-03"
2948,45,3374,Morning,"2026-05-03"
2949,40,3375,Evening,"2026-05-03"
2950,61,3376,Night,"2026-05-03"
2951,49,3377,Rotating,"2026-05-03"
2952,55,3378,Evening,"2026-05-03"
2953,21,3379,Rotating,"2026-05-04"
2954,36,3380,Evening,"2026-05-04"
2955,29,3381,Morning,"2026-05-04"
2956,82,3382,Morning,"2026-05-04"
2957,79,3383,Morning,"2026-05-04"
2958,63,3384,Morning,"2026-05-04"
2959,72,3385,Evening,"2026-05-04"
2960,33,3386,Morning,"2026-05-04"
2961,84,3387,Morning,"2026-05-04"
2962,73,3388,Morning,"2026-05-04"
2963,43,3389,Evening,"2026-05-04"
2964,68,3390,Evening,"2026-05-04"
2965,20,3391,Evening,"2026-05-04"
2966,11,3392,Night,"2026-05-04"
2967,19,3393,Night,"2026-05-04"
2968,20,3394,Morning,"2026-05-04"
2969,9,3395,Morning,"2026-05-04"
2970,33,3396,Morning,"2026-05-04"
2971,46,3397,Night,"2026-05-04"
2972,55,3398,Morning,"2026-05-04"
2973,9,3399,Evening,"2026-05-04"
2974,49,3400,Rotating,"2026-05-04"
2975,61,3401,Night,"2026-05-04"
2976,43,3402,Evening,"2026-05-04"
2977,94,3403,Morning,"2026-05-05"
2978,96,3404,Evening,"2026-05-05"
2979,56,3405,Evening,"2026-05-05"
2980,30,3406,Morning,"2026-05-05"
2981,62,3407,Morning,"2026-05-05"
2982,51,3408,Rotating,"2026-05-05"
2983,14,3409,Morning,"2026-05-05"
2984,12,3410,Night,"2026-05-05"
2985,72,3411,Morning,"2026-05-05"
2986,57,3412,Morning,"2026-05-05"
2987,92,3413,Morning,"2026-05-05"
2988,8,3414,Evening,"2026-05-05"
2989,24,3415,Evening,"2026-05-05"
2990,76,3416,Night,"2026-05-05"
2991,64,3417,Morning,"2026-05-05"
2992,26,3418,Rotating,"2026-05-05"
2993,4,3419,Night,"2026-05-05"
2994,95,3420,Evening,"2026-05-05"
2995,93,3421,Night,"2026-05-05"
2996,52,3422,Night,"2026-05-05"
2997,28,3423,Rotating,"2026-05-05"
2998,32,3424,Evening,"2026-05-05"
2999,92,3425,Night,"2026-05-05"
3000,81,3426,Morning,"2026-05-05"
