"employee_id","employee_name","gender","hire_date","employment_status","skill_level"
1001,Susan Exantus,Female,"2019-08-29",Active,Security Systems Eng
1002,Sandra Martin,Female,"2022-12-12",Active,Security Systems Eng
1003,Keyla Del Bosque,Female,"2023-03-08",Active,Security Systems Eng
1004,Andrew Szabo,Male,"2020-05-29",Active,Security Systems Eng
1005,Luke Patronick,Male,"2022-09-16",Active,Security Systems Eng
1006,Colby Andreola,Female,"2021-08-15",Active,Security Systems Eng
1007,Edward TRUE,Male,"2020-10-25",Voluntarily Terminat,Security Systems Eng
1008,Judith Carabbio,Female,"2019-08-28",Active,Security Systems Eng
1009,Adell Saada,Female,"2019-06-13",Active,Security Systems Eng
1010,Kamari Hunter,Male,"2021-01-12",Voluntarily Terminat,Security Systems Eng
1011,Sarah Malone,Male,"2022-02-07",Voluntarily Terminat,Security Systems Eng
1012,Skyler Blackwell,Male,"2020-11-09",Voluntarily Terminat,Security Systems Eng
1013,Jasmin Shah,Male,"2020-05-13",Active,Security Systems Eng
1014,Kole Quinn,Male,"2022-12-31",Active,Administration Manag
1015,Ansley Jackson,Female,"2018-12-03",Active,Administration Manag
1016,Jayda Reese,Female,"2020-02-21",Active,Senior Intelligence 
1017,Julien Whitehead,Female,"2020-09-07",Active,Senior Intelligence 
1018,Alan Haynes,Female,"2020-06-19",Active,Senior Intelligence 
1019,Kamryn Herrera,Male,"2022-10-14",Voluntarily Terminat,Security Systems Eng
1020,Kelvin Foster,Female,"2023-06-20",Voluntarily Terminat,Security Systems Eng
1021,Joe Fletcher,Male,"2020-11-09",Voluntarily Terminat,Security Systems Eng
1022,Frederick Howe,Male,"2022-09-19",Active,Security Systems Eng
1023,Nickolas Davila,Male,"2018-11-09",Active,Administration Manag
1024,Kasey Boyer,Female,"2018-12-30",Active,Administration Manag
1025,Giovanni Jenkins,Female,"2023-05-11",Active,Senior Intelligence 
1026,Alexis Moss,Female,"2022-11-03",Active,Senior Intelligence 
1027,Joanna Murphy,Male,"2020-06-14",Active,Senior Intelligence 
1028,Joseph Schmidt,Male,"2019-10-15",Voluntarily Terminat,Security Systems Eng
1029,Brittany Hurley,Female,"2020-04-28",Active,Security Systems Eng
1030,Niko Hamilton,Male,"2019-10-29",Active,Security Systems Eng
1031,Ruben Martinez,Male,"2021-04-28",Active,Security Systems Eng
1032,Kiley Haynes,Male,"2022-04-19",Active,Security Systems Eng
1033,Blaine Brooks,Male,"2023-03-28",Active,Administration Manag
1034,Dennis Livingston,Female,"2019-05-06",Active,Administration Manag
1035,Case Russell,Female,"2020-10-13",Active,Senior Intelligence 
1036,Kody Jimenez,Male,"2021-07-06",Active,Senior Intelligence 
1037,Zoe Colon,Male,"2020-09-24",Voluntarily Terminat,Security Systems Eng
1038,Courtney Cowan,Male,"2023-01-18",Active,Security Systems Eng
1039,Nolan Perez,Female,"2019-08-22",Voluntarily Terminat,Security Systems Eng
1040,Katrina Farrell,Male,"2019-07-25",Voluntarily Terminat,Security Systems Eng
1041,Camden Kelly,Male,"2019-11-11",Voluntarily Terminat,Security Systems Eng
1042,Milo Hood,Male,"2022-07-16",Active,Security Systems Eng
1043,Kale Lang,Female,"2022-12-19",Active,Administration Manag
1044,Shyanne Stark,Female,"2020-09-15",Active,Administration Manag
1045,Elliott Ashley,Female,"2020-10-04",Active,Senior Intelligence 
1046,Genesis Todd,Male,"2022-04-23",Voluntarily Terminat,Security Systems Eng
1047,Sincere Jimenez,Female,"2021-11-27",Active,Security Systems Eng
1048,Stephen Daugherty,Male,"2019-11-29",Active,Security Systems Eng
1049,Demarion Morrow,Male,"2019-05-30",Voluntarily Terminat,Security Systems Eng
1050,Steven Schneider,Male,"2020-11-23",Active,Security Systems Eng
1051,Devon Hinton,Male,"2022-04-08",Active,Security Systems Eng
1052,Jacquelyn Johns,Female,"2021-02-25",Active,Administration Manag
1053,Blaine Keith,Female,"2019-03-13",Active,Administration Manag
1054,Phillip Salazar,Male,"2023-02-12",Active,Security Systems Eng
1055,Chaz Webb,Female,"2018-09-08",Active,Security Systems Eng
1056,Desmond Anderson,Male,"2021-11-18",Active,Security Systems Eng
1057,Sophie Decker,Male,"2023-07-01",Active,Security Systems Eng
1058,Lena Bryan,Male,"2022-04-18",Active,Security Systems Eng
1059,Kelsie Mccormick,Female,"2023-04-29",Active,Security Systems Eng
1060,Frida Livingston,Female,"2018-10-10",Active,Administration Manag
1061,Isai Alvarado,Female,"2022-11-20",Active,Administration Manag
1062,Travis Vasquez,Male,"2019-05-18",Voluntarily Terminat,Security Systems Eng
1063,Jazlene Maynard,Female,"2021-06-22",Active,Security Systems Eng
1064,Wyatt Donovan,Male,"2022-03-30",Voluntarily Terminat,Security Systems Eng
1065,Nathaly Cooper,Male,"2018-08-28",Active,Security Systems Eng
1066,Gage Weeks,Male,"2021-12-27",Active,Security Systems Eng
1067,Gavin Frye,Female,"2020-11-14",Active,Security Systems Eng
1068,Amber Ross,Female,"2021-10-01",Active,Security Systems Eng
1069,Wyatt Edwards,Female,"2018-10-13",Active,Administration Manag
1070,Karla Reed,Male,"2018-12-15",Active,Administration Manag
1071,Yadira Mcmillan,Male,"2019-03-28",Voluntarily Terminat,Security Systems Eng
1072,Fernando Mcconnell,Female,"2018-12-27",Active,Security Systems Eng
1073,Sean Bean,Male,"2019-05-11",Active,Security Systems Eng
1074,Lilianna Mccall,Male,"2021-02-19",Voluntarily Terminat,Security Systems Eng
1075,Salvador Thomas,Male,"2022-11-05",Active,Security Systems Eng
1076,Jair Silva,Female,"2020-03-22",Active,Security Systems Eng
1077,Derek Moreno,Female,"2019-02-02",Active,Security Systems Eng
1078,Litzy Conner,Female,"2020-02-24",Active,Security Systems Eng
1079,Joanna Burnett,Female,"2021-04-07",Active,Administration Manag
1080,Abdullah Frederick,Male,"2020-11-14",Active,Administration Manag
1081,Armani Porter,Male,"2022-01-17",Voluntarily Terminat,Security Systems Eng
1082,Taylor Sanders,Male,"2021-09-02",Active,Security Systems Eng
1083,Iliana Randall,Female,"2023-07-30",Active,Security Systems Eng
1084,Luke Henderson,Male,"2023-06-27",Active,Security Systems Eng
1085,Madelyn Lambert,Male,"2022-03-27",Active,Security Systems Eng
1086,Ava Pace,Female,"2022-08-12",Active,Security Systems Eng
1087,Delaney Bruce,Female,"2022-07-08",Active,Security Systems Eng
1088,Jair Bullock,Female,"2020-08-15",Active,Security Systems Eng
1089,Kayla Farrell,Female,"2023-05-27",Active,Security Systems Eng
1090,Taylor Gamble,Female,"2023-01-02",Active,Administration Manag
1091,Carl Desimone,Male,"2018-11-16",Active,Security Guard
1092,Sophia Theamstern,Female,"2022-07-12",Active,Security Guard
1093,Kara Harrison,Female,"2022-12-16",Active,Security Guard
1094,Ming Huynh,Female,"2023-05-08",Active,Senior Security Guar
1095,Karen Mancuso,Female,"2023-04-07",Active,Senior Security Guar
1096,Linda Anderson,Female,"2022-02-15",Active,Security Guard
1097,Nilson Fernandes,Male,"2023-07-17",Active,Security Guard
1098,Alain Robinson,Male,"2019-05-03",Voluntarily Terminat,Security Guard
1099,Seffi Shields,Female,"2022-03-25",Active,Security Guard
1100,Horia Ndzi,Male,"2020-04-07",Active,Security Guard
1101,Evelyn Girifalco,Female,"2021-03-10",Active,Security Guard
1102,Ermine Pelletier,Female,"2019-08-04",Active,Senior Security Guar
1103,Samuel MacLennan,Male,"2021-04-11",Voluntarily Terminat,Security Guard
1104,Sean Bernstein,Male,"2019-06-16",Active,Security Guard
1105,Shakira Perry,Female,"2020-10-08",Voluntarily Terminat,Security Guard
1106,Michael J Fitzpatrick,Male,"2021-08-18",Active,Senior Security Guar
1107,Cybil Trzeciak,Female,"2020-03-16",Active,Senior Security Guar
1108,Barry Wilber,Male,"2019-01-24",Active,Security Guard
1109,Enola Chivukula,Female,"2022-06-11",Voluntarily Terminat,Security Guard
1110,Joelle Burke,Female,"2022-07-02",Active,Senior Security Guar
1111,Alexandra Kirill,Female,"2019-09-08",Voluntarily Terminat,Security Guard
1112,Celeste Johnson,Female,"2022-07-10",Active,Security Guard
1113,Nathalia Hendrix,Female,"2022-04-24",Active,Security Guard
1114,Justus Bowen,Female,"2020-03-31",Active,Security Guard
1115,Marcus Bender,Male,"2019-03-23",Active,Security Guard
1116,Ryker Logan,Male,"2019-03-09",Voluntarily Terminat,Security Guard
1117,Payten Middleton,Male,"2019-02-21",Voluntarily Terminat,Security Guard
1118,Harrison Hunt,Male,"2019-10-04",Active,Security Guard
1119,Orlando Henderson,Female,"2019-11-24",Active,Security Guard
1120,Darian Potts,Female,"2020-08-17",Active,Security Guard
1121,Isabela Collins,Female,"2021-03-16",Active,Operations Superviso
1122,Sierra Macias,Female,"2021-11-16",Active,Operations Superviso
1123,Giuliana Farmer,Female,"2022-05-03",Active,Operations Superviso
1124,Pierce Robbins,Female,"2019-12-24",Active,Operations Superviso
1125,Lamont Bridges,Male,"2021-10-21",Active,Senior Security Guar
1126,Gretchen Richard,Male,"2018-09-08",Voluntarily Terminat,Senior Security Guar
1127,Axel Hart,Male,"2019-02-26",Active,Senior Security Guar
1128,Emma Escobar,Female,"2023-04-21",Active,Senior Security Guar
1129,Maximilian Craig,Female,"2019-09-19",Voluntarily Terminat,Senior Security Guar
1130,Erik Padilla,Female,"2020-12-23",Active,Security Guard
1131,Gilbert Duffy,Female,"2019-03-29",Active,Security Guard
1132,Raymond Ayers,Female,"2021-05-15",Voluntarily Terminat,Security Guard
1133,Vincent Wyatt,Female,"2022-03-14",Voluntarily Terminat,Security Guard
1134,Micah Stanley,Female,"2021-12-06",Voluntarily Terminat,Security Guard
1135,Evan Chen,Male,"2021-10-27",Active,Security Guard
1136,Serenity Thornton,Male,"2023-04-01",Active,Security Guard
1137,Talan Rivas,Male,"2019-05-29",Active,Security Guard
1138,Calvin Braun,Male,"2019-07-12",Active,Security Guard
1139,Cale Bender,Male,"2018-08-10",Active,Security Guard
1140,Kirsten Vance,Female,"2021-09-29",Active,Security Guard
1141,Cade Cox,Female,"2021-08-05",Active,Security Guard
1142,Ibrahim Wolfe,Female,"2023-08-02",Active,Operations Superviso
1143,Elianna Schmitt,Female,"2018-09-02",Active,Operations Superviso
1144,Colby Wolfe,Female,"2019-10-13",Active,Operations Superviso
1145,Autumn Barrera,Male,"2020-09-24",Active,Senior Security Guar
1146,Emmalee Cervantes,Male,"2023-08-06",Active,Senior Security Guar
1147,Ernest Willis,Female,"2019-06-11",Voluntarily Terminat,Senior Security Guar
1148,Jaxon Anderson,Female,"2019-02-14",Active,Senior Security Guar
1149,Precious Caldwell,Female,"2022-03-17",Active,Senior Security Guar
1150,Yahir Serrano,Female,"2020-08-05",Active,Security Guard
1151,Krystal Peterson,Male,"2022-08-23",Active,Security Guard
1152,Jadyn Haley,Female,"2023-01-12",Active,Security Guard
1153,Davis Roberts,Female,"2020-04-14",Voluntarily Terminat,Security Guard
1154,Meadow Avery,Female,"2021-09-27",Voluntarily Terminat,Security Guard
1155,Allyson Owen,Female,"2018-11-17",Voluntarily Terminat,Security Guard
1156,Francisco Simon,Male,"2019-07-22",Voluntarily Terminat,Security Guard
1157,Trent Christian,Male,"2019-02-10",Active,Security Guard
1158,Chaya Boyd,Male,"2018-11-22",Voluntarily Terminat,Security Guard
1159,Nehemiah Rivas,Male,"2023-04-23",Active,Security Guard
1160,Wyatt Spence,Female,"2022-12-26",Active,Security Guard
1161,Abram Fisher,Female,"2020-06-14",Active,Security Guard
1162,Jayleen Oconnell,Female,"2022-03-29",Active,Security Guard
1163,Jordon Meadows,Female,"2022-12-18",Active,Operations Superviso
1164,Justice Pineda,Female,"2019-03-21",Active,Operations Superviso
1165,Isiah Decker,Female,"2021-02-08",Active,Operations Superviso
1166,Giada Boone,Male,"2022-06-06",Active,Senior Security Guar
1167,Camryn Guerra,Female,"2021-11-01",Active,Senior Security Guar
1168,Melody Rollins,Female,"2023-01-19",Active,Senior Security Guar
1169,Lucia Cummings,Female,"2020-07-30",Active,Senior Security Guar
1170,Jaylen Serrano,Female,"2023-07-16",Active,Senior Security Guar
1171,Jayson Bright,Female,"2022-06-16",Active,Security Guard
1172,Carlie Wilkerson,Male,"2021-06-13",Voluntarily Terminat,Security Guard
1173,Kaylyn Patrick,Female,"2020-11-14",Voluntarily Terminat,Security Guard
1174,Evie Pope,Female,"2020-06-16",Voluntarily Terminat,Security Guard
1175,Nayeli Kelley,Female,"2018-12-20",Voluntarily Terminat,Security Guard
1176,Krista Franco,Female,"2022-10-29",Active,Security Guard
1177,Teresa Farrell,Female,"2020-07-20",Active,Security Guard
1178,Dorian Fox,Male,"2021-10-03",Voluntarily Terminat,Security Guard
1179,Madeleine Sherman,Male,"2022-07-16",Active,Security Guard
1180,Allan Butler,Male,"2020-06-30",Active,Security Guard
1181,Nevaeh Davila,Male,"2021-06-13",Active,Security Guard
1182,Gunnar Webster,Female,"2020-12-29",Active,Security Guard
1183,Aydin Tate,Female,"2022-02-03",Active,Security Guard
1184,Patrick Mckinney,Female,"2022-01-10",Active,Security Guard
1185,Milagros Foley,Female,"2018-12-13",Active,Operations Superviso
1186,Rachael Buck,Female,"2021-03-03",Active,Operations Superviso
1187,Rigoberto Townsend,Female,"2021-07-04",Active,Operations Superviso
1188,Reagan Odonnell,Male,"2020-02-06",Voluntarily Terminat,Senior Security Guar
1189,Roy Morse,Female,"2020-06-28",Voluntarily Terminat,Senior Security Guar
1190,Rafael Buchanan,Female,"2020-12-22",Voluntarily Terminat,Senior Security Guar
1191,Kaitlynn Herman,Female,"2019-11-24",Active,Senior Security Guar
1192,Marquise Santana,Female,"2022-09-23",Active,Senior Security Guar
1193,Jamarion Mitchell,Female,"2020-02-06",Voluntarily Terminat,Security Guard
1194,Gabrielle Hardy,Male,"2019-01-14",Voluntarily Terminat,Security Guard
1195,Savion Stokes,Female,"2019-06-25",Leave of Absence,Security Guard
1196,Trevin Summers,Female,"2019-03-09",Active,Security Guard
1197,Hailie Bell,Female,"2020-06-13",Active,Security Guard
1198,Audrey Stevens,Female,"2019-01-22",Active,Security Guard
1199,Jason Munoz,Female,"2020-12-12",Active,Security Guard
1200,Carlee Foley,Female,"2022-04-27",Active,Security Guard
1201,Sarahi Dodson,Male,"2022-04-11",Voluntarily Terminat,Security Guard
1202,Faith Carey,Male,"2022-09-01",Voluntarily Terminat,Security Guard
1203,Mylie Salazar,Male,"2018-09-08",Active,Security Guard
1204,Pablo Parker,Male,"2022-11-24",Active,Security Guard
1205,Ulises Shea,Female,"2020-07-23",Active,Security Guard
1206,Bethany Terry,Female,"2018-12-28",Active,Security Guard
1207,Kamari Holloway,Female,"2019-10-01",Active,Security Guard
1208,Jazlene Mcdaniel,Female,"2019-08-17",Active,Operations Superviso
1209,Dane Kelly,Female,"2023-05-31",Active,Operations Superviso
1210,Camila Dunn,Female,"2020-12-08",Active,Operations Superviso
1211,Aurora Frederick,Male,"2018-11-05",Voluntarily Terminat,Senior Security Guar
1212,Caylee Nunez,Female,"2020-08-26",Voluntarily Terminat,Senior Security Guar
1213,Tamia Sharp,Female,"2020-02-23",Active,Senior Security Guar
1214,Jaliyah Gamble,Female,"2022-02-12",Active,Senior Security Guar
1215,Xander Savage,Female,"2020-02-13",Active,Senior Security Guar
1216,Marc Crosby,Female,"2023-02-15",Voluntarily Terminat,Security Guard
1217,Marques Zimmerman,Male,"2019-12-03",Voluntarily Terminat,Security Guard
1218,Livia Salazar,Female,"2018-12-31",Active,Security Guard
1219,Alana Choi,Female,"2020-01-16",Voluntarily Terminat,Security Guard
1220,Levi Lawson,Female,"2018-11-20",Voluntarily Terminat,Security Guard
1221,Kane Black,Female,"2022-11-11",Voluntarily Terminat,Security Guard
1222,Paola Weeks,Female,"2020-12-18",Voluntarily Terminat,Security Guard
1223,Brooklynn Mack,Female,"2021-01-26",Active,Security Guard
1224,Darrell Zamora,Male,"2021-11-26",Voluntarily Terminat,Security Guard
1225,Irvin Warner,Male,"2023-05-15",Active,Security Guard
1226,Dayton Castro,Male,"2023-06-20",Active,Security Guard
1227,Hailey Mckay,Female,"2019-08-22",Active,Security Guard
1228,Jaquan Rowland,Female,"2021-08-30",Active,Security Guard
1229,David Velez,Female,"2020-01-27",Active,Security Guard
1230,Joslyn Patel,Female,"2022-03-04",Active,Security Guard
1231,Colt Archer,Female,"2020-03-07",Active,Operations Superviso
1232,Abbigail Cameron,Female,"2020-03-19",Active,Operations Superviso
1233,Anastasia Escobar,Male,"2022-07-23",Active,Senior Security Guar
1234,Ronin Mclaughlin,Female,"2019-10-18",Voluntarily Terminat,Senior Security Guar
1235,Aliana Pena,Female,"2020-04-14",Active,Senior Security Guar
1236,Ramon Goodwin,Female,"2018-11-25",Voluntarily Terminat,Senior Security Guar
1237,Cory Saunders,Female,"2021-03-23",Voluntarily Terminat,Senior Security Guar
1238,Alessandra Huynh,Female,"2020-10-27",Voluntarily Terminat,Security Guard
1239,Maeve Holmes,Female,"2022-06-11",Voluntarily Terminat,Security Guard
1240,Alejandra Mclean,Female,"2020-03-19",Active,Security Guard
1241,Reuben Potter,Female,"2019-11-07",Voluntarily Terminat,Security Guard
1242,Marilyn Greer,Female,"2023-04-24",Active,Security Guard
1243,Camila Nichols,Female,"2020-06-04",Active,Security Guard
1244,Iris Bruce,Male,"2022-05-23",Active,Security Guard
1245,Henry Pratt,Male,"2019-05-17",Active,Security Guard
1246,Kira Soto,Male,"2018-09-28",Voluntarily Terminat,Security Guard
1247,Ashanti Scott,Female,"2019-03-04",Active,Security Guard
1248,Sarahi Burke,Female,"2021-03-29",Active,Security Guard
1249,Aimee Terry,Female,"2019-07-07",Active,Security Guard
1250,Jerimiah Jackson,Female,"2018-09-06",Active,Security Guard
1251,Callie Murray,Female,"2018-09-25",Active,Security Guard
1252,Fabian Young,Female,"2022-03-11",Active,Operations Superviso
1253,Juliette Morton,Female,"2020-07-13",Active,Operations Superviso
1254,Alyvia Sellers,Female,"2020-06-22",Active,Senior Security Guar
1255,Tyler Gay,Female,"2019-09-30",Voluntarily Terminat,Senior Security Guar
1256,Noemi Randall,Female,"2020-01-08",Active,Senior Security Guar
1257,Jazlene Lozano,Female,"2021-10-16",Active,Senior Security Guar
1258,Jennifer Salazar,Female,"2022-06-29",Active,Senior Security Guar
1259,Vaughn Leonard,Male,"2022-05-01",Voluntarily Terminat,Security Guard
1260,Caitlin Robertson,Female,"2018-08-16",Active,Security Guard
1261,Elyse Huerta,Female,"2019-12-27",Active,Security Guard
1262,Kyle Sanders,Female,"2021-07-01",Voluntarily Terminat,Security Guard
1263,Barrett Jennings,Female,"2022-10-20",Active,Security Guard
1264,Darius Koch,Female,"2019-02-15",Active,Security Guard
1265,Kolton Dawson,Male,"2022-01-17",Voluntarily Terminat,Security Guard
1266,Ciara Cole,Male,"2021-11-14",Voluntarily Terminat,Security Guard
1267,Virginia Wallace,Female,"2020-11-14",Active,Security Guard
1268,Malik Ochoa,Female,"2023-02-25",Active,Security Guard
1269,Elyse Pratt,Female,"2022-08-23",Active,Security Guard
1270,Yahir Hill,Female,"2019-05-01",Active,Security Guard
1271,Harley Abbott,Female,"2020-04-26",Active,Security Guard
1272,Dawson Pratt,Female,"2021-02-08",Active,Security Guard
1273,Michaela Smith,Female,"2020-10-29",Active,Operations Superviso
1274,Lillie Leblanc,Female,"2022-11-22",Active,Operations Superviso
1275,Sincere Rivera,Female,"2022-10-11",Active,Senior Security Guar
1276,Lucas Good,Female,"2019-12-28",Active,Senior Security Guar
1277,Jonas Hernandez,Female,"2019-04-11",Active,Senior Security Guar
1278,Cason Tyler,Female,"2020-10-26",Active,Senior Security Guar
1279,Malachi Singleton,Female,"2021-07-09",Voluntarily Terminat,Senior Security Guar
1280,Natalie Christensen,Male,"2022-01-12",Active,Security Guard
1281,Jordyn Sheppard,Female,"2020-08-07",Voluntarily Terminat,Security Guard
1282,Rohan Matthews,Female,"2021-04-10",Voluntarily Terminat,Security Guard
1283,Taniya Stafford,Female,"2021-01-11",Active,Security Guard
1284,Cherish Preston,Female,"2019-12-08",Active,Security Guard
1285,Briley Hanson,Male,"2021-09-26",Active,Security Guard
1286,Hugo Tate,Male,"2021-09-09",Voluntarily Terminat,Security Guard
1287,Daniel Griffin,Female,"2020-09-19",Voluntarily Terminat,Security Guard
1288,Dakota Salinas,Female,"2022-01-11",Active,Security Guard
1289,Janiyah Ballard,Female,"2019-07-18",Active,Security Guard
1290,Annika Malone,Female,"2021-04-13",Active,Security Guard
1291,Celeste Lin,Female,"2023-06-17",Active,Security Guard
1292,Larissa Warner,Female,"2018-10-27",Active,Security Guard
1293,Lawrence Cross,Female,"2021-06-01",Active,Security Guard
1294,Kara Barnes,Female,"2023-04-07",Active,Operations Superviso
1295,Emery Schmidt,Female,"2021-06-13",Active,Senior Security Guar
1296,Adalyn Vaughan,Female,"2019-03-13",Voluntarily Terminat,Senior Security Guar
1297,Chase Lloyd,Female,"2019-05-24",Voluntarily Terminat,Senior Security Guar
1298,Hallie Delacruz,Female,"2023-02-25",Active,Senior Security Guar
1299,Tia Atkins,Female,"2020-03-24",Active,Senior Security Guar
1300,Nia Nicholson,Female,"2021-06-12",Active,Senior Security Guar
1301,Lilian Norton,Female,"2019-03-22",Voluntarily Terminat,Security Guard
1302,Aliana Pennington,Female,"2021-03-08",Voluntarily Terminat,Security Guard
1303,Estrella Benitez,Female,"2020-05-15",Active,Security Guard
1304,Kylie Gilbert,Female,"2023-01-24",Active,Security Guard
1305,Oscar Munoz,Male,"2021-01-06",Voluntarily Terminat,Security Guard
1306,Dane Barton,Male,"2021-04-16",Active,Security Guard
1307,Dexter Cline,Male,"2021-09-22",Voluntarily Terminat,Security Guard
1308,Atticus Frost,Female,"2022-06-28",Active,Security Guard
1309,Yamilet Cohen,Female,"2020-08-17",Active,Security Guard
1310,Emmalee Reynolds,Female,"2023-04-03",Active,Security Guard
1311,Moshe Taylor,Male,"2023-05-26",Active,Security Guard
1312,Irene Melton,Female,"2021-04-10",Active,Security Guard
1313,Eddie Whitney,Female,"2023-04-18",Active,Security Guard
1314,Marcel Gomez,Female,"2021-10-13",Active,Security Guard
1315,Amy Foster-Baker,Female,"2020-10-10",Active,Senior Finance Offic
1316,Janet King,Female,"2019-01-20",Active,General Manager
1317,Bonalyn Boutwell,Female,"2021-05-09",Active,Senior Finance Offic
1318,Nan Singh,Female,"2023-07-29",Active,Control Room Operato
1319,Tyrone Steans,Male,"2019-08-24",Active,Finance Officer
1320,Estelle Howard,Female,"2018-12-25",Active,Control Room Operato
1321,William LaRotonda,Male,"2021-05-27",Active,Finance Officer
1322,Mia Brown,Female,"2023-02-02",Active,Finance Officer
1323,Leigh Ann Smith,Female,"2022-12-06",Active,Control Room Operato
1324,Peter Foley,Female,"2021-07-23",Active,Finance Officer
1325,Maximus Carney,Female,"2019-11-16",Active,Finance Officer
1326,Jaida Sweeney,Male,"2020-03-08",Active,Senior Electronic Se
1327,Rhys Lawson,Male,"2019-01-14",Active,Senior Electronic Se
1328,Skyler Robles,Male,"2020-02-29",Active,Senior Electronic Se
1329,Allyson Keller,Male,"2022-11-25",Active,Security Systems Eng
1330,Eddie Bauer,Female,"2022-09-15",Active,Finance Officer
1331,Roger Taylor,Female,"2021-08-11",Active,Finance Officer
1332,Marshall Sellers,Male,"2023-08-03",Active,Senior Electronic Se
1333,Cloe Mcgrath,Male,"2022-03-14",Active,Senior Electronic Se
1334,Susan Gordon,Male,"2020-09-01",Active,Senior Electronic Se
1335,Makenna Newton,Female,"2021-10-31",Active,Security Systems Eng
1336,Kellen Smith,Female,"2020-02-26",Active,Finance Officer
1337,Sherlyn Carroll,Female,"2018-08-10",Active,Finance Officer
1338,Rogelio Flores,Male,"2020-09-30",Active,Senior Electronic Se
1339,Kadence Gentry,Male,"2021-04-01",Active,Senior Electronic Se
1340,Willow Golden,Male,"2021-03-21",Active,Senior Electronic Se
1341,Amiyah Sims,Female,"2021-11-03",Active,Technical Manager
1342,Jeffery Hogan,Female,"2019-06-22",Active,Finance Officer
1343,Shaniya Hamilton,Female,"2019-11-12",Active,Finance Officer
1344,Johan Willis,Male,"2022-09-20",Active,Finance Officer
1345,Seth Alvarez,Male,"2023-01-27",Active,Senior Electronic Se
1346,Aron Grant,Male,"2021-02-21",Active,Senior Electronic Se
1347,Haleigh Carter,Male,"2022-03-04",Active,Senior Electronic Se
1348,Tatiana Ayala,Female,"2019-04-21",Future Start,Technical Manager
1349,Kaylynn Mcguire,Female,"2021-08-02",Active,Finance Officer
1350,Timothy Villarreal,Female,"2022-03-04",Active,Finance Officer
1351,Elliott Petersen,Male,"2021-03-28",Active,Finance Officer
1352,Lily Tyler,Male,"2018-08-08",Active,Senior Electronic Se
1353,Noe Mann,Male,"2020-09-15",Active,Senior Electronic Se
1354,Christina Terry,Female,"2020-10-28",Future Start,Technical Manager
1355,Niko Durham,Female,"2021-06-16",Active,Control Room Operato
1356,Dante Strong,Female,"2023-03-20",Active,Finance Officer
1357,Angeline Perez,Male,"2018-09-07",Active,Finance Officer
1358,Jairo Blanchard,Male,"2018-11-08",Active,Finance Officer
1359,Rishi Watkins,Male,"2019-01-26",Active,Senior Electronic Se
1360,Immanuel Goodwin,Male,"2021-08-30",Active,Senior Electronic Se
1361,Elle Berry,Female,"2023-03-08",Future Start,Senior Finance Offic
1362,Raphael Francis,Female,"2019-11-10",Active,Control Room Operato
1363,Hadley Barrett,Female,"2023-07-28",Active,Finance Officer
1364,Mollie Jenkins,Male,"2019-04-03",Active,Finance Officer
1365,Cali Nolan,Male,"2019-07-24",Active,Finance Officer
1366,Malik Crane,Male,"2022-04-29",Active,Senior Electronic Se
1367,Bryce Higgins,Female,"2020-10-06",Active,Senior Electronic Se
1368,Beatrice Bean,Female,"2020-04-04",Active,Senior Finance Offic
1369,Shea Novak,Female,"2021-03-26",Active,Control Room Operato
1370,Mateo Mcdaniel,Female,"2022-05-19",Active,Control Room Operato
1371,Arianna Carlson,Female,"2021-08-28",Active,Finance Officer
1372,Frankie Davenport,Male,"2022-11-24",Active,Finance Officer
1373,Morgan Hammond,Male,"2022-01-12",Active,Finance Officer
1374,Judith Mccullough,Female,"2019-07-07",Active,Senior Electronic Se
1375,Luca Francis,Female,"2021-07-14",Active,Senior Finance Offic
1376,Mallory Figueroa,Female,"2019-12-03",Active,Control Room Operato
1377,Larissa Douglas,Female,"2021-03-03",Active,Control Room Operato
1378,Konnor Rivas,Female,"2022-06-13",Active,Finance Officer
1379,Fernanda Yu,Male,"2023-01-23",Active,Finance Officer
1380,Solomon Paul,Male,"2020-09-06",Active,Finance Officer
1381,Emiliano Young,Female,"2022-10-17",Active,Senior Electronic Se
1382,Mason Ellis,Female,"2019-06-07",Active,Senior Finance Offic
1383,Athena Moore,Female,"2022-01-28",Active,Senior Finance Offic
1384,Karla Farrell,Female,"2020-07-01",Active,Control Room Operato
1385,Anderson Meadows,Female,"2020-05-30",Active,Control Room Operato
1386,Jacey Braun,Female,"2019-10-05",Active,Finance Officer
1387,Nathan Kline,Male,"2021-11-06",Active,Finance Officer
1388,Gabriella Benitez,Female,"2019-05-09",Active,Finance Officer
1389,Juan Gonzalez,Male,"2019-10-28",Active,Senior Security Guar
1390,Cayo Gonzalez,Male,"2019-01-11",Active,Security Guard
1391,Taylor Sparks,Female,"2020-04-02",Active,Security Guard
1392,Jeanette Tippett,Female,"2019-06-07",Active,Security Guard
1393,Rose Ivey,Female,"2021-11-22",Active,Security Guard
1394,Elijian Clukey,Male,"2019-01-19",Active,Security Guard
1395,Jordan Winthrop,Male,"2021-12-17",Voluntarily Terminat,Senior Security Guar
1396,Shari Ngodup,Female,"2019-05-04",Active,Security Guard
1397,John Kretschmer,Male,"2018-12-25",Active,Security Guard
1398,Debbie Mangal,Female,"2021-01-03",Active,Security Guard
1399,Helen Billis,Female,"2023-06-15",Active,Security Guard
1400,Yen Johnston,Female,"2018-08-29",Active,Senior Security Guar
1401,Hong Pham,Male,"2019-01-04",Active,Security Guard
1402,Linda Bachiochi,Female,"2021-09-10",Active,Security Guard
1403,Lily DiNocco,Female,"2021-07-08",Active,Security Guard
1404,Ned Miller,Male,"2018-11-01",Voluntarily Terminat,Senior Security Guar
1405,Shana Petingill,Female,"2018-12-08",Active,Senior Security Guar
1406,Jennifer Cloninger,Female,"2022-10-25",Active,Senior Security Guar
1407,Elias Robinson,Male,"2023-04-04",Active,Security Guard
1408,Libby Fidelia,Female,"2021-03-17",Active,Security Guard
1409,Catherine Ybarra,Female,"2019-03-11",Voluntarily Terminat,Security Guard
1410,Ashanti Price,Female,"2022-02-25",Active,Security Guard
1411,Makenna Rojas,Female,"2019-07-02",Active,Security Guard
1412,Rory Stone,Female,"2019-06-20",Active,Security Guard
1413,Ann Montgomery,Male,"2019-09-27",Active,Security Guard
1414,Erin Holder,Male,"2022-11-15",Active,Security Guard
1415,Aubrey Kim,Male,"2020-08-22",Active,Security Guard
1416,Edward Love,Male,"2020-04-09",Active,Security Guard
1417,Paisley Avery,Female,"2021-03-30",Active,Security Guard
1418,Kaiden Leblanc,Female,"2018-09-26",Active,Security Guard
1419,Shania Bauer,Female,"2023-05-22",Active,Security Guard
1420,Danna Hines,Female,"2021-06-04",Active,Security Guard
1421,Bennett Bowen,Female,"2019-10-22",Active,Security Guard
1422,Gianna Lopez,Female,"2019-10-04",Future Start,Security Guard
1423,Azaria Young,Female,"2022-06-25",Active,Security Guard
1424,Aydin Bautista,Female,"2021-11-17",Leave of Absence,Security Guard
1425,Antoine Schaefer,Female,"2019-08-04",Active,Security Guard
1426,Milagros Cobb,Female,"2022-03-08",Voluntarily Terminat,Security Guard
1427,Jean Duffy,Male,"2019-02-22",Active,Senior Security Guar
1428,Campbell Doyle,Male,"2022-12-08",Active,Senior Security Guar
1429,Deven Vincent,Female,"2019-11-22",Voluntarily Terminat,Senior Security Guar
1430,Evangeline Downs,Female,"2023-02-13",Voluntarily Terminat,Senior Security Guar
1431,Kaley Ali,Female,"2019-03-15",Active,Senior Security Guar
1432,Madeline Bernard,Male,"2019-07-18",Active,Senior Security Guar
1433,Alijah Singh,Female,"2021-04-09",Active,Security Guard
1434,Ayla Roberts,Female,"2018-12-30",Active,Security Guard
1435,Isai Mcfarland,Female,"2021-07-30",Active,Security Guard
1436,Brent Dominguez,Male,"2022-10-28",Active,Security Guard
1437,Lorena Graves,Male,"2020-10-29",Active,Security Guard
1438,Lucian Mora,Male,"2023-03-17",Active,Security Guard
1439,Dangelo Gould,Female,"2022-07-20",Active,Security Guard
1440,Humberto Horn,Female,"2023-08-04",Active,Security Guard
1441,Miranda Chavez,Female,"2021-11-26",Active,Security Guard
1442,Makena Mcintosh,Female,"2018-09-27",Active,Security Guard
1443,Armani Crawford,Female,"2019-08-04",Active,Security Guard
1444,Eugene Bird,Female,"2019-10-03",Active,Security Guard
1445,Connor Larsen,Female,"2021-09-05",Future Start,Security Guard
1446,Harley Mccullough,Female,"2020-07-21",Future Start,Security Guard
1447,Lucian Montoya,Female,"2022-12-12",Leave of Absence,Security Guard
1448,Shiloh Baird,Female,"2020-09-13",Active,Security Guard
1449,Tara Alvarado,Male,"2022-11-15",Active,Senior Security Guar
1450,Raina Vaughan,Male,"2020-02-07",Voluntarily Terminat,Senior Security Guar
1451,Sienna Bullock,Female,"2022-12-31",Active,Senior Security Guar
1452,Tyrese Goodman,Female,"2019-03-26",Active,Senior Security Guar
1453,Giovanni Landry,Male,"2023-03-22",Active,Senior Security Guar
1454,Javon Moses,Male,"2022-12-23",Voluntarily Terminat,Senior Security Guar
1455,Alonso Williams,Female,"2019-12-27",Active,Security Guard
1456,Kamila Rosales,Female,"2019-06-25",Active,Security Guard
1457,Jadiel French,Female,"2018-11-23",Active,Security Guard
1458,Brennan Jefferson,Female,"2021-01-17",Active,Security Guard
1459,Noe Glenn,Male,"2021-09-08",Active,Security Guard
1460,Vaughn Kim,Male,"2021-02-24",Active,Security Guard
1461,Anabel Evans,Female,"2019-04-12",Active,Security Guard
1462,Elisabeth Irwin,Female,"2023-07-13",Active,Security Guard
1463,Bo Bradford,Female,"2020-10-05",Active,Security Guard
1464,Dustin Beasley,Female,"2019-01-27",Active,Security Guard
1465,Dean Winters,Female,"2020-12-17",Active,Security Guard
1466,Chanel Dougherty,Female,"2021-03-04",Active,Security Guard
1467,Phoebe Dorsey,Female,"2023-03-30",Active,Security Guard
1468,Coleman Bridges,Female,"2018-12-27",Active,Security Guard
1469,Juliet Bautista,Female,"2021-09-20",Active,Security Guard
1470,Julia Lawrence,Female,"2023-02-08",Active,Security Guard
1471,Kinley Dean,Male,"2019-10-16",Voluntarily Terminat,Senior Security Guar
1472,Karina Mccarthy,Male,"2021-08-31",Active,Senior Security Guar
1473,Ruben Kirby,Female,"2020-09-25",Active,Senior Security Guar
1474,Alexia Hughes,Female,"2023-02-01",Voluntarily Terminat,Senior Security Guar
1475,Miles Gill,Male,"2023-01-17",Active,Senior Security Guar
1476,Kaden Woodard,Male,"2019-12-07",Voluntarily Terminat,Senior Security Guar
1477,Frida Wilkins,Female,"2018-11-21",Active,Security Guard
1478,Kamron Doyle,Female,"2021-02-15",Active,Security Guard
1479,Blaine Rose,Female,"2021-01-06",Active,Security Guard
1480,Elena Gilmore,Male,"2019-01-18",Active,Security Guard
1481,Ashlynn Moses,Male,"2023-03-15",Active,Security Guard
1482,Esmeralda Galvan,Female,"2019-11-11",Active,Security Guard
1483,Ignacio Wiley,Female,"2022-08-21",Active,Security Guard
1484,Lorena Mahoney,Female,"2020-05-05",Active,Security Guard
1485,Krystal Atkinson,Female,"2021-03-05",Active,Security Guard
1486,Soren Merritt,Female,"2019-03-07",Active,Security Guard
1487,Frida Salazar,Female,"2022-05-08",Active,Security Guard
1488,Annie Peters,Female,"2020-08-21",Future Start,Security Guard
1489,Zoie Mercado,Female,"2020-12-01",Active,Security Guard
1490,Joanna Arias,Female,"2019-08-13",Active,Security Guard
1491,Tristian Wilcox,Female,"2020-03-09",Active,Security Guard
1492,Zoey Spence,Male,"2020-05-06",Active,Senior Security Guar
1493,Bradley Barnes,Male,"2022-08-03",Active,Senior Security Guar
1494,Juliana Schroeder,Female,"2018-10-13",Voluntarily Terminat,Senior Security Guar
1495,Yasmin Warren,Male,"2021-07-04",Active,Senior Security Guar
1496,Izabella Barron,Male,"2019-04-30",Active,Senior Security Guar
1497,Victoria Soto,Male,"2020-11-03",Active,Senior Security Guar
1498,Cody Beard,Female,"2022-08-15",Active,Security Guard
1499,Abigayle Mccann,Female,"2022-02-26",Active,Security Guard
1500,Brenden Marks,Female,"2019-05-13",Active,Security Guard
1501,Jaqueline Gallagher,Male,"2021-10-24",Active,Security Guard
1502,Abagail Banks,Male,"2021-05-10",Active,Security Guard
1503,Nickolas Guzman,Female,"2021-06-13",Active,Security Guard
1504,Guillermo Rose,Female,"2019-11-04",Active,Security Guard
1505,Moises Brock,Female,"2020-01-29",Active,Security Guard
1506,Hayden Richmond,Female,"2018-09-05",Active,Security Guard
1507,Evelin Sellers,Female,"2021-07-21",Active,Security Guard
1508,Dereon Hayes,Female,"2023-05-20",Active,Security Guard
1509,Marlee Mathis,Female,"2022-05-16",Active,Security Guard
1510,Alice House,Female,"2021-03-15",Active,Security Guard
1511,Jonathon Thompson,Female,"2023-06-26",Future Start,Security Guard
1512,Kendal Abbott,Female,"2019-10-11",Leave of Absence,Security Guard
1513,Holly Taylor,Male,"2019-12-21",Active,Senior Security Guar
1514,Hadassah Blackburn,Male,"2022-07-15",Active,Senior Security Guar
1515,Shaylee Hall,Female,"2018-09-26",Active,Senior Security Guar
1516,Richard Nelson,Male,"2022-10-16",Active,Senior Security Guar
1517,Leyla Davila,Male,"2021-12-02",Active,Senior Security Guar
1518,Kolten Calhoun,Male,"2019-03-07",Voluntarily Terminat,Senior Security Guar
1519,Camille Livingston,Female,"2023-05-02",Active,Security Guard
1520,Lilianna Colon,Female,"2020-08-24",Active,Security Guard
1521,Chaim Patrick,Male,"2020-12-08",Active,Security Guard
1522,Amara Castillo,Male,"2021-02-15",Active,Security Guard
1523,Joel Eaton,Male,"2020-09-15",Active,Security Guard
1524,Priscilla Walters,Female,"2023-03-16",Active,Security Guard
1525,Nehemiah Leach,Female,"2021-11-14",Active,Security Guard
1526,Ashtyn Huynh,Female,"2021-04-23",Active,Security Guard
1527,Tristen Reed,Female,"2022-06-05",Active,Security Guard
1528,Braedon Chandler,Female,"2022-11-19",Active,Security Guard
1529,Nikolas Hancock,Female,"2023-04-14",Active,Security Guard
1530,Demetrius Sanders,Female,"2022-12-13",Active,Security Guard
1531,Tiana Perry,Female,"2023-03-11",Future Start,Security Guard
1532,Rene Pena,Female,"2019-11-22",Leave of Absence,Security Guard
1533,Angelo Fox,Female,"2021-03-13",Leave of Absence,Security Guard
1534,Ernesto Madden,Male,"2022-02-27",Active,Senior Security Guar
1535,Amari Christian,Female,"2021-05-08",Active,Senior Security Guar
1536,Lilly Turner,Female,"2022-12-27",Active,Senior Security Guar
1537,Rayne Simpson,Male,"2020-08-16",Active,Senior Security Guar
1538,Aaron Tapia,Male,"2023-01-20",Active,Senior Security Guar
1539,Aimee Santana,Male,"2020-12-28",Voluntarily Terminat,Senior Security Guar
1540,Raegan Stanton,Female,"2021-02-18",Active,Security Guard
1541,Johan Sosa,Female,"2021-01-16",Active,Security Guard
1542,Stacy Bonilla,Male,"2022-04-07",Active,Security Guard
1543,Valery Holder,Male,"2019-07-11",Active,Security Guard
1544,Skye Cochran,Female,"2020-08-09",Active,Security Guard
1545,Jerimiah Mendez,Female,"2018-09-20",Active,Security Guard
1546,Madden Lam,Female,"2020-01-21",Active,Security Guard
1547,Nicole Stone,Female,"2022-02-17",Active,Security Guard
1548,Brice Christian,Male,"2019-06-11",Active,Security Guard
1549,Sage Potter,Female,"2022-05-05",Active,Security Guard
1550,Kyle Peck,Female,"2018-09-19",Active,Security Guard
1551,Zaniyah Roman,Female,"2021-06-01",Future Start,Security Guard
1552,Katie Gutierrez,Female,"2023-07-05",Future Start,Security Guard
1553,Walker Baird,Female,"2022-12-17",Active,Security Guard
1554,Zackery Sutton,Male,"2021-07-06",Leave of Absence,Security Guard
1555,Hazel Ponce,Female,"2019-03-27",Active,Senior Security Guar
1556,Joey Alvarez,Female,"2023-05-08",Active,Senior Security Guar
1557,Titus Day,Male,"2018-12-12",Voluntarily Terminat,Senior Security Guar
1558,Bella Norris,Male,"2020-08-25",Active,Senior Security Guar
1559,Braden Ballard,Male,"2022-04-22",Voluntarily Terminat,Senior Security Guar
1560,Aron Graham,Male,"2021-12-20",Voluntarily Terminat,Senior Security Guar
1561,Shamar Cross,Female,"2021-02-12",Active,Security Guard
1562,Kailee Harmon,Female,"2020-09-29",Active,Security Guard
1563,Alice Kaufman,Female,"2022-09-10",Active,Security Guard
1564,Cesar House,Male,"2023-03-11",Active,Security Guard
1565,Guillermo Lynn,Male,"2022-04-28",Active,Security Guard
1566,Myles Hart,Female,"2022-03-20",Active,Security Guard
1567,Deborah Kline,Female,"2022-03-04",Active,Security Guard
1568,Patricia Pruitt,Female,"2023-02-01",Active,Security Guard
1569,Alice Craig,Male,"2021-02-05",Active,Security Guard
1570,Mariana Copeland,Male,"2022-11-23",Active,Security Guard
1571,Nick Merritt,Female,"2021-05-24",Active,Security Guard
1572,Chance Warner,Female,"2021-09-28",Active,Security Guard
1573,Ryann Tapia,Female,"2021-03-17",Active,Security Guard
1574,Diego Hays,Female,"2023-07-03",Future Start,Security Guard
1575,Gabriel Adams,Female,"2019-08-11",Leave of Absence,Security Guard
1576,Rohan Mcdowell,Male,"2019-11-11",Voluntarily Terminat,Security Guard
1577,Sullivan Whitehead,Female,"2020-12-15",Active,Senior Security Guar
1578,Lilliana Randolph,Male,"2021-05-06",Voluntarily Terminat,Senior Security Guar
1579,Presley Salazar,Male,"2021-07-08",Active,Senior Security Guar
1580,Lilianna Lynn,Male,"2023-04-04",Active,Senior Security Guar
1581,Gerardo Sampson,Male,"2022-08-05",Voluntarily Terminat,Senior Security Guar
1582,Miguel Kim,Female,"2020-04-06",Voluntarily Terminat,Senior Security Guar
1583,Muhammad Mcpherson,Female,"2023-03-02",Voluntarily Terminat,Security Guard
1584,Myles Jensen,Female,"2020-04-09",Active,Security Guard
1585,Alessandro Harris,Female,"2022-09-17",Active,Security Guard
1586,Eugene Reyes,Female,"2022-01-15",Active,Security Guard
1587,Shamar Guzman,Male,"2022-05-23",Active,Security Guard
1588,Mohammed Mcintyre,Male,"2021-07-15",Active,Security Guard
1589,Travis Morgan,Female,"2020-08-28",Active,Security Guard
1590,Alessandro Fuller,Male,"2021-09-09",Active,Security Guard
1591,Kamden Ochoa,Female,"2023-02-10",Active,Security Guard
1592,Charlee Wiggins,Male,"2020-06-14",Active,Security Guard
1593,Natalia Hamilton,Male,"2020-12-05",Active,Security Guard
1594,Kierra Boone,Female,"2022-07-16",Active,Security Guard
1595,Charlie Ramirez,Female,"2023-06-09",Active,Security Guard
1596,Chris Johnson,Female,"2020-03-02",Future Start,Security Guard
1597,John Bentley,Female,"2018-11-23",Future Start,Security Guard
1598,Myla Mcintyre,Female,"2019-05-27",Leave of Absence,Security Guard
1599,Demarcus Ware,Male,"2022-05-18",Voluntarily Terminat,Senior Security Guar
1600,Devon Daniels,Female,"2018-11-06",Active,Senior Security Guar
1601,Odin Heath,Male,"2022-03-29",Active,Senior Security Guar
1602,Bryanna Mahoney,Female,"2021-11-04",Active,Senior Security Guar
1603,Ashlynn Thompson,Male,"2023-04-27",Active,Senior Security Guar
1604,Ansley Duke,Male,"2020-03-08",Active,Senior Security Guar
1605,Izaiah Quinn,Female,"2019-04-27",Voluntarily Terminat,Security Guard
1606,Hillary Clements,Female,"2019-05-11",Active,Security Guard
1607,Diana Cameron,Female,"2021-03-09",Active,Security Guard
1608,Rhianna Allison,Female,"2020-11-05",Active,Security Guard
1609,Ramon Watson,Male,"2018-09-12",Active,Security Guard
1610,Raegan Spence,Female,"2019-11-09",Active,Security Guard
1611,Jacoby Singleton,Female,"2018-11-29",Active,Security Guard
1612,Kara Yates,Male,"2022-07-03",Active,Security Guard
1613,Beau Barron,Female,"2019-09-26",Active,Security Guard
1614,Giovanna Morton,Male,"2022-12-23",Active,Security Guard
1615,Braelyn Dominguez,Male,"2023-01-19",Active,Security Guard
1616,Rhett Andrews,Female,"2018-10-01",Active,Security Guard
1617,Terrell Crosby,Female,"2022-02-18",Active,Security Guard
1618,Corbin Roberson,Male,"2021-12-09",Active,Security Guard
1619,Micheal Drake,Female,"2019-01-01",Leave of Absence,Security Guard
1620,Evie Mclaughlin,Male,"2020-05-27",Active,Security Guard
1621,Robert Hubert,Male,"2021-09-21",Active,Intelligence Analyst
1622,Matthew Westinghouse,Male,"2021-08-30",Active,Intelligence Analyst
1623,Jason Smith,Male,"2023-06-19",Active,Intelligence Analyst
1624,Charlie Wang,Male,"2023-05-12",Active,Senior Intelligence 
1625,Kurt Navathe,Male,"2022-06-05",Active,Senior Intelligence 
1626,Katie Roper,Female,"2020-09-17",Active,Solutions Architect
1627,Maggie Rachael,Female,"2023-05-15",Active,Intelligence Analyst
1628,Binh Le,Female,"2018-12-15",Active,Senior Intelligence 
1629,Lucia Peterson,Female,"2019-11-06",Terminated for Cause,Intelligence Analyst
1630,Nola Moss,Female,"2021-04-25",Terminated for Cause,Intelligence Analyst
1631,Chance Braun,Female,"2023-06-17",Terminated for Cause,Intelligence Analyst
1632,Alma Pennington,Female,"2022-01-14",Active,Intelligence Analyst
1633,Miley French,Female,"2018-10-22",Active,Site Supervisor
1634,Kole Levine,Male,"2021-10-17",Active,Site Supervisor
1635,Azul Watkins,Male,"2021-10-19",Active,Site Supervisor
1636,Landen Blanchard,Male,"2018-10-16",Active,Business Development
1637,Leroy Norman,Male,"2020-04-26",Active,Business Development
1638,Nikhil Pineda,Male,"2020-01-22",Active,Business Development
1639,Kadence Simon,Male,"2022-03-30",Terminated for Cause,Intelligence Directo
1640,Elliot Phillips,Female,"2021-05-29",Terminated for Cause,Intelligence Analyst
1641,Taniya Daniels,Female,"2023-03-09",Terminated for Cause,Intelligence Analyst
1642,Julia Jimenez,Female,"2019-11-22",Terminated for Cause,Intelligence Analyst
1643,Kamden Paul,Male,"2019-04-07",Active,Site Supervisor
1644,Octavio Hicks,Male,"2023-03-23",Active,Site Supervisor
1645,Jaidyn Malone,Male,"2021-02-18",Active,Site Supervisor
1646,Cora Perez,Male,"2019-04-05",Active,Business Development
1647,Isis Ayala,Male,"2019-10-23",Active,Business Development
1648,Charlee Calhoun,Male,"2021-05-14",Active,Business Development
1649,Walter Pruitt,Male,"2019-03-19",Active,General Manager
1650,Julie Harrington,Male,"2019-05-08",Terminated for Cause,Intelligence Directo
1651,Amara Wood,Female,"2019-10-05",Terminated for Cause,Intelligence Analyst
1652,Nevaeh Ponce,Female,"2021-11-29",Terminated for Cause,Intelligence Analyst
1653,Greta Fields,Male,"2018-11-06",Active,Site Supervisor
1654,Zackery Hess,Male,"2021-07-27",Active,Site Supervisor
1655,Chloe Gould,Male,"2023-07-18",Active,Site Supervisor
1656,Elyse Chandler,Male,"2022-09-04",Active,Senior Intelligence 
1657,Isaias Briggs,Male,"2019-05-24",Active,Business Development
1658,Allison Frank,Male,"2019-11-03",Active,Business Development
1659,Joaquin Hahn,Female,"2019-11-26",Active,Business Development
1660,Drake Nicholson,Male,"2022-08-09",Terminated for Cause,General Manager
1661,Kenna Porter,Male,"2019-03-19",Active,Intelligence Directo
1662,Peter Wong,Female,"2018-11-25",Active,Intelligence Analyst
1663,Fatima Pennington,Female,"2022-04-10",Terminated for Cause,Intelligence Analyst
1664,Lainey Ayers,Male,"2021-04-02",Active,Site Supervisor
1665,Tania Jennings,Male,"2019-12-22",Active,Site Supervisor
1666,Kara Ferrell,Male,"2021-08-14",Active,Site Supervisor
1667,George Sheppard,Male,"2018-08-28",Active,Senior Intelligence 
1668,Taniyah Mcmillan,Male,"2023-07-10",Active,Senior Intelligence 
1669,Kole Avila,Male,"2020-09-18",Active,Business Development
1670,Ernest Munoz,Female,"2019-07-18",Active,Business Development
1671,Rose Jordan,Female,"2021-11-21",Active,Business Development
1672,Amaris Torres,Male,"2021-03-08",Active,General Manager
1673,Titus Lowe,Female,"2019-08-21",Active,Intelligence Directo
1674,Savanah Prince,Female,"2022-04-30",Terminated for Cause,Intelligence Analyst
1675,Dawson Pollard,Male,"2023-02-03",Active,Site Supervisor
1676,Moises Day,Male,"2023-05-08",Active,Site Supervisor
1677,Sadie Sheppard,Female,"2022-07-29",Active,Site Supervisor
1678,Soren Coleman,Female,"2020-11-18",Active,Senior Intelligence 
1679,Sage Morris,Male,"2021-05-16",Active,Senior Intelligence 
1680,Lillian Steele,Male,"2019-10-25",Active,Senior Intelligence 
1681,Deanna Meza,Female,"2023-03-05",Active,Business Development
1682,Troy Todd,Female,"2021-06-01",Active,Business Development
1683,Beckett Shea,Female,"2022-01-22",Voluntarily Terminat,Business Development
1684,Eve Barker,Male,"2023-07-09",Terminated for Cause,General Manager
1685,Lillie Wilkerson,Female,"2018-11-11",Terminated for Cause,Intelligence Directo
1686,Alexis Harrell,Male,"2021-01-05",Active,Intelligence Analyst
1687,Mylee Snow,Male,"2022-11-25",Active,Site Supervisor
1688,Elsa Mckenzie,Male,"2020-03-30",Active,Site Supervisor
1689,Kolby Reed,Male,"2021-01-02",Active,Senior Intelligence 
1690,Kyler Morales,Male,"2019-02-26",Active,Senior Intelligence 
1691,Jasiah Walton,Male,"2019-10-06",Active,Senior Intelligence 
1692,Urijah Brandt,Female,"2020-04-19",Active,Business Development
1693,Gianna Pope,Female,"2022-12-24",Active,Business Development
1694,Malia Reynolds,Male,"2021-04-09",Terminated for Cause,General Manager
1695,Claire Gordon,Female,"2018-09-04",Terminated for Cause,Intelligence Directo
1696,Joshua Hall,Male,"2021-11-07",Active,Intelligence Analyst
1697,Mattie Peters,Male,"2023-05-24",Active,Intelligence Analyst
1698,Makai Nolan,Male,"2021-02-15",Active,Site Supervisor
1699,Trevon Briggs,Male,"2021-11-03",Active,Senior Intelligence 
1700,Gretchen Weeks,Male,"2018-09-20",Active,Senior Intelligence 
1701,Corey Hurst,Male,"2019-07-23",Active,Senior Intelligence 
1702,Alison Pugh,Female,"2022-05-12",Active,Business Development
1703,Kadence Sandoval,Female,"2018-10-03",Active,Business Development
1704,Mckenzie Kim,Female,"2020-11-26",Active,General Manager
1705,Randall Miller,Female,"2018-10-04",Active,Intelligence Directo
1706,Lailah Hughes,Female,"2020-12-02",Active,Intelligence Analyst
1707,Quentin Calderon,Male,"2021-09-24",Active,Intelligence Analyst
1708,Molly Fischer,Male,"2020-09-10",Active,Intelligence Analyst
1709,Anaya Stanton,Male,"2022-05-25",Active,Site Supervisor
1710,Jaden Houston,Male,"2019-02-15",Active,Senior Intelligence 
1711,Lance Bailey,Male,"2018-09-28",Active,Senior Intelligence 
1712,Quintin Hicks,Female,"2018-12-12",Active,Senior Intelligence 
1713,Mauricio Meyers,Female,"2021-12-01",Active,Business Development
1714,Tess Reilly,Female,"2022-01-12",Active,Business Development
1715,Reece Callahan,Female,"2020-10-27",Active,General Manager
1716,Tyrell Fuentes,Female,"2020-11-02",Active,Intelligence Directo
1717,Benjamin Kaufman,Male,"2021-04-24",Active,Intelligence Analyst
1718,Ayla Mcgrath,Male,"2020-06-29",Active,Intelligence Analyst
1719,Katelyn Stevens,Male,"2021-07-15",Active,Intelligence Analyst
1720,Jaiden Christian,Male,"2023-06-20",Active,Senior Intelligence 
1721,Elliott Odonnell,Male,"2019-09-22",Active,Senior Intelligence 
1722,Ronnie Dillon,Female,"2022-02-22",Active,Senior Intelligence 
1723,Gideon Saunders,Female,"2020-07-01",Active,Business Development
1724,Valerie Davis,Female,"2021-05-13",Active,General Manager
1725,Jamarcus Thomas,Male,"2021-05-30",Active,Intelligence Analyst
1726,Alden Powers,Male,"2019-07-04",Active,Intelligence Analyst
1727,Haylie Arnold,Male,"2019-05-31",Active,Intelligence Analyst
1728,James Cockel,Male,"2020-03-13",Active,Security Guard
1729,Donna Brill,Female,"2020-01-06",Voluntarily Terminat,Security Guard
1730,Kristen Squatrito,Female,"2023-04-30",Active,Security Guard
1731,Erasumus Monkfish,Male,"2021-07-11",Active,Senior Security Guar
1732,May Roberson,Female,"2021-07-02",Voluntarily Terminat,Senior Security Guar
1733,Shana Maurice,Female,"2019-10-23",Active,Security Guard
1734,Raul Garcia,Male,"2019-01-19",Active,Security Guard
1735,Rachael Baczenski,Female,"2021-01-08",Voluntarily Terminat,Security Guard
1736,Enrico Langton,Male,"2019-01-29",Active,Security Guard
1737,Colleen Zima,Female,"2018-10-27",Active,Security Guard
1738,Phil Close,Male,"2023-05-30",Voluntarily Terminat,Senior Security Guar
1739,Hang T Wolk,Female,"2019-07-15",Active,Senior Security Guar
1740,Lei-Ming Nguyen,Female,"2020-03-17",Active,Security Guard
1741,Denisa S Dobrin,Female,"2022-09-16",Active,Security Guard
1742,Maryellen Jackson,Female,"2021-01-04",Active,Security Guard
1743,David Gordon,Male,"2018-11-30",Active,Security Guard
1744,Mei Trang,Female,"2022-07-24",Active,Security Guard
1745,Lindsey Langford,Female,"2022-02-05",Active,Senior Security Guar
1746,Brad Pitt,Male,"2020-04-23",Active,Security Guard
1747,Susan Good,Female,"2023-06-23",Leave of Absence,Senior Security Guar
1748,Ashley Rose,Female,"2022-01-13",Active,Security Guard
1749,Kaeden Gonzales,Female,"2020-11-26",Active,Security Guard
1750,Alissa Frey,Female,"2018-12-07",Active,Security Guard
1751,Presley Steele,Female,"2023-04-19",Active,Security Guard
1752,Boston Avila,Male,"2022-03-05",Active,Security Guard
1753,Rodolfo Michael,Male,"2019-06-20",Active,Security Guard
1754,Felix Fritz,Male,"2022-09-13",Active,Security Guard
1755,Amira Mcmillan,Male,"2019-01-02",Active,Security Guard
1756,Annabelle Graham,Male,"2022-06-06",Active,Security Guard
1757,Leia Mccann,Female,"2020-01-09",Active,Security Guard
1758,Henry Gray,Male,"2019-01-03",Active,Security Guard
1759,Jose Houston,Male,"2021-01-23",Active,Security Guard
1760,Janessa Mcconnell,Male,"2020-02-08",Active,Security Guard
1761,Samson Ellis,Female,"2021-10-29",Voluntarily Terminat,Security Guard
1762,Lauren Kent,Female,"2023-07-04",Voluntarily Terminat,Security Guard
1763,Mckenzie Mack,Female,"2023-04-06",Active,Security Guard
1764,Donavan Chavez,Female,"2023-01-17",Active,Security Guard
1765,Haiden Coffey,Female,"2019-10-17",Active,Senior Security Guar
1766,Kasey Alexander,Female,"2019-06-22",Active,Security Guard
1767,Kenneth Peters,Female,"2023-02-10",Active,Security Guard
1768,Lucia Hudson,Female,"2022-10-13",Active,Security Guard
1769,Rashad Randall,Male,"2023-03-07",Active,Security Guard
1770,Hayley York,Male,"2018-09-12",Active,Security Guard
1771,Salma Shepard,Male,"2020-06-27",Active,Security Guard
1772,Hallie Thornton,Male,"2018-12-28",Active,Security Guard
1773,Tiana Bishop,Male,"2021-01-20",Active,Security Guard
1774,Regina Garcia,Female,"2019-09-14",Active,Security Guard
1775,Julie Cochran,Male,"2018-10-06",Active,Security Guard
1776,Yamilet Pierce,Male,"2021-08-03",Active,Security Guard
1777,Amare Hartman,Female,"2019-07-05",Active,Security Guard
1778,Cannon Lee,Female,"2019-04-25",Active,Security Guard
1779,Yael Hodge,Female,"2023-07-15",Active,Security Guard
1780,Colton Booker,Female,"2022-12-10",Active,Security Guard
1781,Abril Cunningham,Female,"2019-05-02",Active,Security Guard
1782,Braxton House,Female,"2019-01-13",Voluntarily Terminat,Senior Security Guar
1783,Destiney Pearson,Female,"2021-06-09",Active,Security Guard
1784,Trystan Ramos,Female,"2023-08-02",Active,Security Guard
1785,Miley Gutierrez,Female,"2023-06-17",Active,Security Guard
1786,Tara Hoover,Male,"2022-03-31",Active,Security Guard
1787,Layla Gutierrez,Male,"2019-04-06",Active,Security Guard
1788,Jakayla Hall,Male,"2020-07-11",Active,Security Guard
1789,Jayson Ferguson,Male,"2023-04-22",Active,Security Guard
1790,Nick Daniels,Female,"2022-12-02",Active,Security Guard
1791,Marvin Abbott,Female,"2021-03-06",Active,Security Guard
1792,Sawyer Oliver,Male,"2019-05-21",Active,Security Guard
1793,Linda Barajas,Female,"2018-10-23",Active,Security Guard
1794,Chance Blackwell,Female,"2021-05-26",Active,Security Guard
1795,Antonio Mccoy,Female,"2019-12-01",Voluntarily Terminat,Security Guard
1796,Emmett Mercado,Female,"2021-06-07",Voluntarily Terminat,Security Guard
1797,Clara Wheeler,Female,"2020-10-13",Active,Security Guard
1798,Kieran Morse,Female,"2022-10-30",Active,Senior Security Guar
1799,Aliyah Schmitt,Male,"2022-09-04",Voluntarily Terminat,Senior Security Guar
1800,Kyan Morrison,Female,"2019-10-18",Active,Security Guard
1801,Rayan Stephenson,Female,"2021-07-25",Active,Security Guard
1802,Gael Jacobs,Female,"2020-03-31",Active,Security Guard
1803,Stephany Neal,Female,"2019-11-11",Active,Security Guard
1804,Trevon Deleon,Male,"2021-12-05",Active,Security Guard
1805,Phoenix Pitts,Male,"2018-12-17",Active,Security Guard
1806,Nola Gillespie,Male,"2022-03-06",Active,Security Guard
1807,Jeramiah Schwartz,Female,"2019-09-04",Active,Security Guard
1808,Aaden Mercer,Female,"2023-07-26",Active,Security Guard
1809,Nathalia Good,Female,"2022-12-19",Active,Security Guard
1810,Zaria Benton,Male,"2021-08-17",Active,Security Guard
1811,Miley Ortega,Female,"2022-06-11",Active,Security Guard
1812,Julia Farmer,Female,"2021-10-01",Voluntarily Terminat,Security Guard
1813,Valentin Lam,Female,"2020-08-04",Active,Security Guard
1814,Darnell Ritter,Female,"2022-02-11",Active,Security Guard
1815,Kierra Lozano,Female,"2020-06-22",Active,Security Guard
1816,Jamari Dunn,Female,"2020-08-28",Active,Senior Security Guar
1817,Zoey Page,Female,"2019-05-06",Active,Senior Security Guar
1818,Kendra Velez,Male,"2021-07-08",Active,Senior Security Guar
1819,Alison Fuller,Female,"2022-07-02",Active,Security Guard
1820,Toby Cooley,Female,"2023-05-04",Active,Security Guard
1821,Emilie Hood,Female,"2022-12-19",Active,Security Guard
1822,Cortez Pena,Female,"2022-03-26",Active,Security Guard
1823,Abbigail Blanchard,Male,"2021-05-09",Active,Security Guard
1824,Abby Curtis,Male,"2020-01-09",Active,Security Guard
1825,Giana Moore,Male,"2021-05-16",Active,Security Guard
1826,Giada Santos,Female,"2021-01-31",Active,Security Guard
1827,Jessie Church,Female,"2021-09-19",Active,Security Guard
1828,Kaylah Ramos,Male,"2020-03-01",Active,Security Guard
1829,Camille Fritz,Male,"2020-02-29",Active,Security Guard
1830,Deangelo Murillo,Female,"2018-12-08",Active,Security Guard
1831,Emerson Gallagher,Female,"2022-06-26",Voluntarily Terminat,Security Guard
1832,April Bentley,Female,"2019-11-03",Active,Security Guard
1833,Ainsley Booth,Female,"2023-01-01",Active,Security Guard
1834,Dereon Huffman,Female,"2020-07-31",Active,Senior Security Guar
1835,Colin Cherry,Female,"2021-09-10",Active,Senior Security Guar
1836,Karla Hines,Male,"2019-06-19",Active,Senior Security Guar
1837,Colton Decker,Female,"2021-08-16",Active,Senior Security Guar
1838,Jayleen Tran,Female,"2019-07-08",Active,Security Guard
1839,Aydin Perry,Female,"2021-08-17",Active,Security Guard
1840,Jenna Casey,Female,"2021-01-08",Active,Security Guard
1841,Remington Bullock,Female,"2018-08-14",Active,Security Guard
1842,Delaney Stewart,Male,"2021-07-30",Active,Security Guard
1843,Saige Jones,Male,"2023-04-08",Active,Security Guard
1844,Camryn Fritz,Female,"2019-09-11",Active,Security Guard
1845,Amanda Lambert,Female,"2020-03-05",Active,Security Guard
1846,Winston Callahan,Male,"2019-12-02",Active,Security Guard
1847,Maverick Lang,Male,"2022-12-03",Active,Security Guard
1848,Harold Reid,Male,"2021-12-23",Active,Security Guard
1849,Cindy York,Female,"2022-01-28",Active,Security Guard
1850,Breanna Cardenas,Female,"2019-12-15",Voluntarily Terminat,Security Guard
1851,Tripp Blake,Female,"2021-11-11",Voluntarily Terminat,Security Guard
1852,Elaine Moon,Female,"2019-02-15",Voluntarily Terminat,Security Guard
1853,Jaime Morrow,Female,"2022-03-31",Active,Senior Security Guar
1854,Leslie Potts,Female,"2020-10-25",Active,Senior Security Guar
1855,Keith Haas,Male,"2022-07-25",Voluntarily Terminat,Senior Security Guar
1856,Matteo Oneal,Female,"2021-08-02",Active,Senior Security Guar
1857,Erik Graham,Male,"2021-11-13",Voluntarily Terminat,Senior Security Guar
1858,Lailah Haney,Female,"2019-05-07",Active,Security Guard
1859,Mohamed Gay,Female,"2020-12-31",Active,Security Guard
1860,Frankie Banks,Female,"2019-12-10",Voluntarily Terminat,Security Guard
1861,Lorelei Glass,Male,"2020-06-11",Active,Security Guard
1862,Marie Moyer,Male,"2021-08-30",Active,Security Guard
1863,Amari Bowen,Female,"2019-11-04",Active,Security Guard
1864,Prince Dickerson,Female,"2023-06-03",Active,Security Guard
1865,Lane Church,Female,"2021-02-14",Active,Security Guard
1866,Cassie Nolan,Male,"2023-02-28",Active,Security Guard
1867,Mauricio Buchanan,Male,"2021-01-09",Active,Security Guard
1868,Briana Wang,Male,"2022-03-22",Active,Security Guard
1869,Salma Blackwell,Female,"2019-11-11",Active,Security Guard
1870,Shelby Frazier,Female,"2022-10-04",Active,Security Guard
1871,Lindsay Becker,Female,"2021-08-23",Active,Security Guard
1872,Reyna Good,Female,"2022-12-05",Active,Security Guard
1873,Nathalie Rivera,Female,"2019-07-20",Active,Senior Security Guar
1874,Saniyah Schroeder,Male,"2021-11-05",Active,Senior Security Guar
1875,Taylor Mann,Male,"2021-01-04",Voluntarily Terminat,Senior Security Guar
1876,Rylee Stevenson,Female,"2022-10-14",Leave of Absence,Senior Security Guar
1877,Waylon Pennington,Male,"2021-10-30",Active,Senior Security Guar
1878,Kobe Crosby,Female,"2022-10-02",Active,Security Guard
1879,Carmen Davidson,Female,"2018-11-25",Voluntarily Terminat,Security Guard
1880,Sidney Moran,Female,"2021-07-09",Voluntarily Terminat,Security Guard
1881,Alena Bonilla,Male,"2019-05-01",Active,Security Guard
1882,Baron Luna,Female,"2021-11-09",Active,Security Guard
1883,Giselle Butler,Female,"2018-08-27",Active,Security Guard
1884,Sophie Horne,Female,"2019-03-16",Active,Security Guard
1885,Jabari Guerrero,Male,"2022-01-07",Active,Security Guard
1886,Ahmed Montgomery,Male,"2022-10-04",Active,Security Guard
1887,Esther Spears,Male,"2022-03-23",Active,Security Guard
1888,Darian Wall,Female,"2020-05-05",Active,Security Guard
1889,Kaleb Cole,Female,"2020-11-23",Active,Security Guard
1890,Anthony Terrell,Female,"2022-03-28",Active,Security Guard
1891,William Douglas,Female,"2020-03-25",Active,Security Guard
1892,Saniya Buck,Female,"2018-08-07",Active,Senior Security Guar
1893,Kristopher Owen,Male,"2020-02-11",Active,Senior Security Guar
1894,Hadley Tapia,Male,"2023-01-01",Active,Senior Security Guar
1895,Lillie Bush,Female,"2022-12-07",Active,Senior Security Guar
1896,Lamont Cook,Female,"2023-03-13",Active,Senior Security Guar
1897,Danna Rollins,Male,"2021-11-14",Active,Senior Security Guar
1898,Shaun Velazquez,Female,"2019-06-05",Active,Security Guard
1899,Kolton Duarte,Female,"2020-12-12",Active,Security Guard
1900,Jonas Braun,Female,"2020-04-06",Active,Security Guard
1901,Meadow Howe,Female,"2023-01-30",Active,Security Guard
1902,Sarahi Raymond,Male,"2020-09-08",Active,Security Guard
1903,Taylor Wiggins,Female,"2020-12-14",Active,Security Guard
1904,Ezra Zhang,Female,"2022-11-07",Active,Security Guard
1905,Sonia Chung,Female,"2022-04-06",Active,Security Guard
1906,Bryce Mills,Male,"2021-02-22",Active,Security Guard
1907,Wade Wiggins,Male,"2022-05-16",Active,Security Guard
1908,Selina Gonzalez,Female,"2020-01-18",Active,Security Guard
1909,Tyree Parsons,Female,"2021-10-21",Active,Security Guard
1910,Adrian Murray,Female,"2019-01-05",Active,Security Guard
1911,Kael Fisher,Female,"2021-01-24",Voluntarily Terminat,Security Guard
1912,Erica French,Female,"2020-03-06",Active,Senior Security Guar
1913,Damaris Oneal,Male,"2022-11-19",Voluntarily Terminat,Senior Security Guar
1914,Rebecca Craig,Female,"2019-03-15",Voluntarily Terminat,Senior Security Guar
1915,Carley Waters,Female,"2023-05-11",Leave of Absence,Senior Security Guar
1916,Kadyn Harrison,Male,"2022-02-05",Leave of Absence,Senior Security Guar
1917,Megan Huang,Female,"2019-05-29",Active,Security Guard
1918,Callum Blair,Female,"2023-01-09",Active,Security Guard
1919,Emilie Donaldson,Female,"2022-05-01",Voluntarily Terminat,Security Guard
1920,Darius Duke,Female,"2021-01-26",Voluntarily Terminat,Security Guard
1921,Kenya Decker,Male,"2021-09-06",Active,Security Guard
1922,Tyrese Sloan,Male,"2020-07-29",Active,Security Guard
1923,Giana Roach,Female,"2023-03-31",Active,Security Guard
1924,Teagan Swanson,Female,"2023-05-16",Active,Security Guard
1925,Jerome Fischer,Male,"2023-04-29",Active,Security Guard
1926,Grayson Preston,Male,"2019-11-27",Active,Security Guard
1927,Turner Bradley,Male,"2022-11-03",Active,Security Guard
1928,Elvis Daniels,Female,"2022-08-08",Active,Security Guard
1929,Rose Travis,Female,"2023-07-27",Active,Security Guard
1930,Frank Williams,Female,"2023-07-15",Active,Security Guard
1931,Yurem Donovan,Female,"2022-11-09",Active,Security Guard
1932,John Smith,Male,"2019-12-24",Active,Business Development
1933,Lynn Daneault,Female,"2019-03-08",Active,Business Development
1934,Donysha Kampew,Female,"2019-06-25",Voluntarily Terminat,Business Development
1935,Jordin Lozano,Male,"2019-01-03",Active,Senior Security Guar
1936,Ronald Gross,Female,"2023-02-02",Active,Senior Security Guar
1937,Maryjane Choi,Female,"2022-03-30",Voluntarily Terminat,Senior Security Guar
1938,Madalynn Yates,Female,"2020-03-23",Active,Senior Security Guar
1939,Angelina Peck,Female,"2019-06-06",Active,Senior Security Guar
1940,Dario Shaw,Female,"2023-05-28",Active,Senior Security Guar
1941,Deven Frazier,Female,"2021-02-03",Active,Senior Security Guar
1942,Jett Kent,Female,"2019-07-30",Voluntarily Terminat,Senior Security Guar
1943,Zander Aguilar,Female,"2022-05-08",Voluntarily Terminat,Senior Security Guar
1944,Alessandro Chavez,Female,"2020-05-12",Active,Senior Security Guar
1945,Jaxson Brady,Female,"2019-03-28",Voluntarily Terminat,Business Development
1946,Giovanni Whitaker,Female,"2019-07-22",Active,Senior Security Guar
1947,Karen Goodman,Female,"2020-09-17",Active,Business Development
1948,Skyla Lambert,Female,"2022-07-02",Voluntarily Terminat,Senior Security Guar
1949,Ashlynn Duffy,Female,"2019-11-30",Active,Business Development
1950,Lilliana Walker,Female,"2023-07-21",Voluntarily Terminat,Senior Security Guar
1951,Lindsay Copeland,Female,"2020-08-26",Voluntarily Terminat,Business Development
1952,Kristin Mccarty,Female,"2020-05-16",Active,Business Development
1953,Barbara Sutwell,Female,"2023-04-06",Active,Security Guard
1954,Lenora Tejeda,Female,"2019-02-18",Voluntarily Terminat,Senior Security Guar
1955,Ludwick Harrell,Male,"2020-10-10",Active,Security Guard
1956,Courtney Beatrice,Female,"2021-05-15",Active,Security Guard
1957,Melisa Gerke,Female,"2019-05-13",Voluntarily Terminat,Security Guard
1958,Lin Chan,Female,"2019-07-04",Active,Security Guard
1959,Kamrin Sander,Female,"2022-04-01",Active,Security Guard
1960,Thomas Rhoads,Male,"2018-11-03",Active,Security Guard
1961,Nina Panjwani,Female,"2018-10-11",Voluntarily Terminat,Security Guard
1962,Megan Faller,Female,"2023-06-25",Active,Senior Security Guar
1963,Judy Jung,Female,"2020-09-14",Voluntarily Terminat,Security Guard
1964,April Evensen,Female,"2022-12-20",Terminated for Cause,Security Guard
1965,Julissa Hunts,Female,"2022-02-23",Active,Senior Security Guar
1966,Kristie Nowlan,Female,"2019-05-31",Active,Senior Security Guar
1967,Dawn Motlagh,Female,"2019-01-29",Active,Security Guard
1968,Theresa Wallace,Female,"2019-09-01",Active,Security Guard
1969,Allison Lydon,Female,"2021-01-17",Leave of Absence,Security Guard
1970,Trina Alagbe,Female,"2022-04-21",Active,Security Guard
1971,Betsy Bondwell,Female,"2018-09-15",Voluntarily Terminat,Senior Security Guar
1972,Joe Smith,Male,"2021-12-04",Active,Senior Security Guar
1973,Lisa Lunquist,Female,"2019-11-14",Active,Senior Security Guar
1974,Jene'ya Darson,Female,"2021-04-14",Active,Security Guard
1975,Hunter Cannon,Female,"2019-04-14",Active,Security Guard
1976,Jon Lynn,Female,"2021-01-09",Active,Security Guard
1977,Paxton Clarke,Female,"2022-12-26",Voluntarily Terminat,Security Guard
1978,Lillian Hines,Female,"2021-10-05",Voluntarily Terminat,Security Guard
1979,Liam Snow,Female,"2022-09-25",Active,Security Guard
1980,Arianna Horton,Female,"2021-11-10",Active,Security Guard
1981,Ayanna Short,Male,"2021-04-08",Active,Security Guard
1982,Steve Charles,Female,"2018-11-14",Active,Security Guard
1983,Ricardo Bruce,Female,"2020-03-14",Active,Security Guard
1984,Laura Gutierrez,Female,"2020-06-24",Active,Security Guard
1985,Braxton Rojas,Female,"2023-03-19",Active,Security Guard
1986,Sage Mercer,Female,"2022-08-15",Active,Security Guard
1987,Chase Horn,Female,"2018-11-09",Active,Security Guard
1988,Juliana Dyer,Female,"2018-11-23",Active,Security Guard
1989,Alec Stephens,Female,"2020-02-25",Active,Senior Security Guar
1990,Adriana Weber,Female,"2020-05-16",Active,Senior Security Guar
1991,Lola Hensley,Female,"2019-06-18",Active,Senior Security Guar
1992,Shamar Delgado,Female,"2019-05-20",Active,Senior Security Guar
1993,Emmanuel Huang,Female,"2020-10-16",Active,Senior Security Guar
1994,Brenna Decker,Female,"2022-07-01",Active,Senior Security Guar
1995,Averie Wolfe,Female,"2022-12-17",Active,Senior Security Guar
1996,Gaige Marsh,Female,"2021-10-24",Active,Senior Security Guar
1997,Karli Ross,Female,"2019-02-28",Active,Senior Security Guar
1998,Amiyah Beasley,Female,"2022-03-24",Active,Senior Security Guar
1999,Kayla Gibbs,Female,"2021-10-17",Active,Senior Security Guar
2000,Jocelyn Jackson,Female,"2022-05-13",Active,Security Guard
2001,Gilbert Newman,Female,"2019-10-09",Voluntarily Terminat,Security Guard
2002,Roberto Rosales,Female,"2018-10-12",Voluntarily Terminat,Security Guard
2003,Justice Rhodes,Female,"2020-04-13",Voluntarily Terminat,Security Guard
2004,Adyson Esparza,Female,"2021-04-25",Active,Security Guard
2005,Laci Baird,Female,"2018-12-21",Active,Security Guard
2006,Samson Meza,Male,"2021-09-19",Active,Security Guard
2007,Deacon Bass,Female,"2020-12-15",Active,Security Guard
2008,Kaila Johnston,Female,"2019-07-15",Active,Security Guard
2009,Cayden Maynard,Female,"2021-11-17",Active,Security Guard
2010,Araceli Mcguire,Female,"2023-02-04",Active,Security Guard
2011,Naomi Hardin,Female,"2022-07-03",Active,Security Guard
2012,Darnell Eaton,Female,"2020-01-24",Active,Security Guard
2013,Zariah Ritter,Female,"2019-07-07",Active,Security Guard
2014,Malaki Richards,Female,"2022-03-13",Active,Senior Security Guar
2015,Markus Robles,Female,"2023-06-02",Active,Senior Security Guar
2016,Angela Kaufman,Female,"2021-04-08",Active,Senior Security Guar
2017,Shaniya Wolfe,Female,"2019-12-02",Active,Senior Security Guar
2018,Anya Morton,Female,"2022-03-09",Active,Senior Security Guar
2019,Emery Peck,Female,"2022-03-26",Active,Senior Security Guar
2020,Angelique Mathis,Female,"2021-05-08",Active,Senior Security Guar
2021,Marlee Woods,Female,"2022-11-29",Active,Senior Security Guar
2022,Jocelyn Valentine,Female,"2019-05-24",Active,Senior Security Guar
2023,Sophie Moran,Female,"2022-01-29",Active,Senior Security Guar
2024,Yair Snyder,Female,"2021-07-06",Active,Senior Security Guar
2025,Shamar Herman,Female,"2021-01-29",Active,Senior Security Guar
2026,Ishaan Schaefer,Female,"2023-05-13",Active,Security Guard
2027,Liam Figueroa,Female,"2019-05-22",Active,Security Guard
2028,Linda Combs,Female,"2021-09-30",Voluntarily Terminat,Security Guard
2029,Marilyn Moss,Female,"2019-09-09",Active,Security Guard
2030,Yuliana Nelson,Female,"2019-04-26",Active,Security Guard
2031,August Wiley,Male,"2022-02-19",Active,Security Guard
2032,Lindsay Pennington,Male,"2022-04-16",Active,Security Guard
2033,Nico Villarreal,Female,"2022-05-12",Active,Security Guard
2034,Jaliyah Conway,Female,"2021-08-26",Active,Security Guard
2035,Raymond Gillespie,Female,"2020-06-06",Active,Security Guard
2036,Joey Montes,Female,"2022-06-26",Active,Security Guard
2037,Ian Hester,Female,"2021-01-09",Active,Security Guard
2038,Weston Rios,Female,"2018-09-02",Active,Security Guard
2039,Carson Pennington,Female,"2022-04-22",Active,Security Guard
2040,Brynlee Crawford,Female,"2021-12-05",Future Start,Senior Security Guar
2041,Sanai Rose,Female,"2022-09-13",Active,Senior Security Guar
2042,Luna Arroyo,Female,"2019-11-24",Active,Senior Security Guar
2043,Lorelai Hale,Female,"2020-03-19",Active,Senior Security Guar
2044,Darrell Horne,Female,"2022-09-14",Active,Senior Security Guar
2045,Itzel Nunez,Female,"2021-09-21",Active,Senior Security Guar
2046,Serena Lutz,Female,"2020-05-22",Active,Senior Security Guar
2047,Gwendolyn Gray,Female,"2022-12-13",Active,Senior Security Guar
2048,Khalil Lee,Female,"2022-02-07",Active,Senior Security Guar
2049,Corinne Navarro,Female,"2020-10-06",Active,Senior Security Guar
2050,Meadow Atkins,Female,"2022-01-11",Active,Senior Security Guar
2051,Jaden Charles,Female,"2022-02-26",Active,Security Guard
2052,Blaine Contreras,Female,"2020-06-10",Active,Security Guard
2053,Kolten Kim,Female,"2021-09-27",Active,Security Guard
2054,Erika Mata,Female,"2018-10-25",Active,Security Guard
2055,Beau Olsen,Female,"2020-11-25",Active,Security Guard
2056,Kelly Ellis,Female,"2020-04-17",Active,Security Guard
2057,Nikhil Rivas,Male,"2021-04-15",Active,Security Guard
2058,Brady Boyd,Male,"2022-04-17",Active,Security Guard
2059,Alfred Manning,Female,"2023-07-29",Voluntarily Terminat,Security Guard
2060,Angelina Russell,Female,"2023-01-26",Active,Security Guard
2061,King Garrison,Female,"2018-12-12",Active,Security Guard
2062,Kale Middleton,Female,"2018-10-25",Active,Security Guard
2063,Kailyn Montgomery,Female,"2021-05-20",Active,Security Guard
2064,Philip Cobb,Female,"2020-08-28",Active,Security Guard
2065,Bria Spence,Female,"2020-05-10",Active,Senior Security Guar
2066,Ellie Holder,Female,"2023-08-04",Active,Senior Security Guar
2067,Denzel Clark,Female,"2022-04-22",Active,Senior Security Guar
2068,Sidney Lewis,Female,"2021-06-05",Active,Senior Security Guar
2069,Simon Rivers,Female,"2022-06-29",Active,Senior Security Guar
2070,Branson Schneider,Female,"2022-07-02",Active,Senior Security Guar
2071,Maren Whitehead,Female,"2023-01-04",Active,Senior Security Guar
2072,Gilbert Hensley,Female,"2023-07-08",Active,Senior Security Guar
2073,Armani Barker,Female,"2023-03-03",Active,Senior Security Guar
2074,Tamia Byrd,Female,"2019-08-19",Active,Senior Security Guar
2075,Oliver Richardson,Female,"2018-10-30",Active,Security Guard
2076,Nathalia Larson,Female,"2021-12-07",Active,Security Guard
2077,Laurel Chan,Female,"2020-11-18",Active,Security Guard
2078,Alejandra Barnes,Female,"2018-09-26",Voluntarily Terminat,Security Guard
2079,Emilio Daniel,Female,"2022-06-19",Active,Security Guard
2080,Ellie Robbins,Female,"2022-09-15",Active,Security Guard
2081,Vicente Hansen,Female,"2020-05-09",Active,Security Guard
2082,Jordan Kemp,Male,"2021-02-17",Active,Security Guard
2083,Edith Richard,Female,"2020-04-12",Active,Security Guard
2084,Dustin Snow,Female,"2021-03-30",Active,Security Guard
2085,Layton Goodwin,Female,"2019-05-05",Active,Security Guard
2086,Eliza Munoz,Female,"2021-05-31",Active,Security Guard
2087,Arianna Durham,Female,"2019-11-21",Active,Security Guard
2088,Lia Orr,Female,"2019-07-19",Active,Security Guard
2089,Ethan Rhodes,Female,"2018-12-29",Active,Security Guard
2090,Alexis Nielsen,Female,"2023-01-12",Active,Senior Security Guar
2091,Adalyn Bass,Female,"2022-11-25",Active,Senior Security Guar
2092,Hadley Benson,Female,"2019-11-13",Active,Senior Security Guar
2093,Carlee Lang,Female,"2020-09-08",Active,Senior Security Guar
2094,Eli Flores,Female,"2019-06-16",Active,Senior Security Guar
2095,Lyric Solomon,Female,"2023-07-14",Active,Senior Security Guar
2096,Jerome Howard,Female,"2023-07-18",Active,Senior Security Guar
2097,Parker Fritz,Female,"2018-12-06",Active,Senior Security Guar
2098,Phillip Fuentes,Female,"2020-07-15",Active,Senior Security Guar
2099,Drake Wiggins,Female,"2018-10-30",Active,Security Guard
2100,Lucy Santos,Female,"2022-09-13",Active,Security Guard
2101,Justice Curry,Female,"2022-12-28",Voluntarily Terminat,Security Guard
2102,Valeria Zavala,Female,"2023-03-24",Active,Security Guard
2103,Nola Sellers,Female,"2020-10-02",Active,Security Guard
2104,Andre Fields,Female,"2020-09-14",Active,Security Guard
2105,Joel Hanson,Female,"2020-01-19",Active,Security Guard
2106,Tony Mendoza,Male,"2019-04-14",Active,Security Guard
2107,Jacqueline Black,Female,"2023-06-02",Active,Security Guard
2108,Denise Mccullough,Female,"2022-05-09",Voluntarily Terminat,Security Guard
2109,Zain Tanner,Female,"2021-02-23",Active,Security Guard
2110,Richard Deleon,Female,"2021-06-04",Active,Security Guard
2111,Carmelo Hayden,Female,"2022-03-29",Active,Security Guard
2112,Emilio Pierce,Female,"2019-07-30",Active,Security Guard
2113,Emerson Wood,Female,"2020-07-09",Active,Security Guard
2114,Abagail Moran,Female,"2019-08-24",Active,Senior Security Guar
2115,Nikhil Cummings,Female,"2019-04-15",Active,Senior Security Guar
2116,Stanley Bowen,Female,"2021-08-21",Active,Senior Security Guar
2117,Terrell Hanna,Female,"2020-06-22",Active,Senior Security Guar
2118,Dale Mendoza,Female,"2020-01-28",Active,Senior Security Guar
2119,Marcos Carey,Female,"2019-03-29",Active,Senior Security Guar
2120,Simeon Pittman,Female,"2018-10-05",Active,Senior Security Guar
2121,Jenna Cochran,Female,"2020-08-20",Active,Senior Security Guar
2122,Tia Kent,Female,"2021-06-11",Active,Security Guard
2123,Chace Farley,Female,"2021-09-10",Active,Security Guard
2124,Spencer Hicks,Female,"2023-02-21",Voluntarily Terminat,Security Guard
2125,Leslie Zamora,Female,"2019-08-09",Active,Security Guard
2126,Chasity Kennedy,Female,"2021-03-08",Active,Security Guard
2127,Makena Benitez,Female,"2019-07-20",Active,Security Guard
2128,Remington Walton,Female,"2023-03-27",Active,Security Guard
2129,Raina Best,Male,"2019-10-07",Active,Security Guard
2130,Paulina Henderson,Female,"2022-12-13",Active,Security Guard
2131,Kaiya Marsh,Female,"2020-06-06",Voluntarily Terminat,Security Guard
2132,Scarlett Brooks,Female,"2022-04-25",Active,Security Guard
2133,Makhi Kramer,Female,"2020-07-28",Active,Security Guard
2134,Beatrice Faulkner,Female,"2022-02-28",Active,Security Guard
2135,Valeria Mayo,Female,"2021-10-25",Active,Security Guard
2136,Darrell Vaughan,Female,"2018-09-12",Active,Security Guard
2137,Carlos Murphy,Female,"2022-12-31",Future Start,Senior Security Guar
2138,Wilson Sloan,Female,"2021-11-04",Active,Senior Security Guar
2139,Kaleb Elliott,Female,"2020-05-05",Active,Senior Security Guar
2140,Harley Jones,Female,"2020-12-08",Active,Senior Security Guar
2141,Casey Dixon,Female,"2018-09-29",Active,Senior Security Guar
2142,Josue Gentry,Female,"2020-01-09",Active,Senior Security Guar
2143,Adelaide Meyer,Female,"2020-07-01",Future Start,Senior Security Guar
2144,Pierre Craig,Female,"2022-08-25",Active,Senior Security Guar
2145,Leo Hickman,Female,"2019-02-27",Active,Senior Security Guar
2146,Frankie Franklin,Female,"2019-12-25",Voluntarily Terminat,Security Guard
2147,Vance Cain,Female,"2020-08-14",Active,Security Guard
2148,Joel Koch,Female,"2021-07-30",Active,Security Guard
2149,Cheyanne Hess,Female,"2021-05-02",Voluntarily Terminat,Security Guard
2150,Ishaan Sheppard,Female,"2023-01-21",Active,Security Guard
2151,Areli Mitchell,Female,"2021-01-20",Active,Security Guard
2152,Alexis Kirby,Female,"2020-10-07",Active,Security Guard
2153,Alfred Caldwell,Female,"2019-06-15",Active,Security Guard
2154,Julianna Vang,Male,"2022-04-28",Active,Security Guard
2155,Arthur Wilson,Female,"2019-06-29",Voluntarily Terminat,Security Guard
2156,Ariel Osborn,Female,"2018-09-11",Active,Security Guard
2157,Ansley Arias,Female,"2020-05-15",Active,Security Guard
2158,Melany Stafford,Female,"2023-02-23",Active,Security Guard
2159,Matias Burns,Female,"2021-03-23",Active,Security Guard
2160,Aden George,Female,"2022-11-07",Active,Security Guard
2161,Rodolfo Franklin,Female,"2021-05-19",Active,Security Guard
2162,Juliet Wall,Female,"2021-01-02",Active,Senior Security Guar
2163,London Contreras,Female,"2019-03-26",Active,Senior Security Guar
2164,Kyler Burton,Female,"2020-09-28",Active,Senior Security Guar
2165,Yasmine Hughes,Female,"2019-03-16",Active,Senior Security Guar
2166,Dillon Sullivan,Female,"2019-03-20",Active,Senior Security Guar
2167,Kendrick Ashley,Female,"2018-12-30",Future Start,Senior Security Guar
2168,Rashad Mayo,Female,"2018-08-08",Active,Senior Security Guar
2169,Larissa Warner,Female,"2020-07-04",Active,Senior Security Guar
2170,Delilah Cooke,Female,"2023-01-29",Active,Security Guard
2171,Simone Sharp,Female,"2021-08-09",Active,Security Guard
2172,Cristofer Mcbride,Female,"2021-05-16",Voluntarily Terminat,Security Guard
2173,Charlize Wong,Female,"2021-08-14",Voluntarily Terminat,Security Guard
2174,Adelaide Herman,Female,"2022-02-08",Active,Security Guard
2175,Kason Ellison,Female,"2019-12-16",Active,Security Guard
2176,Tyree Weaver,Female,"2021-10-07",Active,Security Guard
2177,Landen Figueroa,Male,"2020-12-23",Active,Security Guard
2178,Francis Robbins,Female,"2022-11-01",Active,Security Guard
2179,Raphael Solomon,Female,"2022-10-28",Voluntarily Terminat,Security Guard
2180,Zariah Castaneda,Female,"2018-11-03",Active,Security Guard
2181,Trevin Lambert,Female,"2019-03-05",Active,Security Guard
2182,Nathalie Hays,Female,"2021-03-14",Active,Security Guard
2183,Bria Bush,Female,"2018-12-13",Active,Security Guard
2184,Mason Brewer,Female,"2021-09-05",Active,Security Guard
2185,Salvatore Snyder,Female,"2020-05-17",Voluntarily Terminat,Senior Security Guar
2186,Vivian Hickman,Male,"2023-03-03",Active,Senior Security Guar
2187,Amaris Kirk,Female,"2020-02-28",Active,Senior Security Guar
2188,Grant York,Female,"2021-02-11",Active,Senior Security Guar
2189,Tyree Mahoney,Female,"2019-01-25",Active,Senior Security Guar
2190,Kimberly Horn,Female,"2023-04-25",Active,Senior Security Guar
2191,Paul Moreno,Female,"2021-02-14",Active,Senior Security Guar
2192,Macey Christian,Female,"2020-10-07",Active,Senior Security Guar
2193,Joel Bowen,Male,"2019-02-28",Voluntarily Terminat,Security Guard
2194,Isis Vega,Female,"2019-07-27",Active,Security Guard
2195,Josie Mercer,Female,"2023-06-02",Active,Security Guard
2196,Ellie Ortega,Male,"2022-11-14",Voluntarily Terminat,Security Guard
2197,Adrien Maddox,Female,"2018-08-22",Voluntarily Terminat,Security Guard
2198,Landyn Velez,Female,"2022-12-15",Active,Security Guard
2199,Lilly Haynes,Female,"2020-05-31",Active,Security Guard
2200,Bianca Cardenas,Female,"2022-07-19",Active,Security Guard
2201,Cayden Bartlett,Male,"2020-07-01",Active,Security Guard
2202,Desiree Walker,Female,"2020-11-18",Active,Security Guard
2203,Colton Le,Female,"2020-02-29",Voluntarily Terminat,Security Guard
2204,Leonidas Bridges,Female,"2021-09-24",Active,Security Guard
2205,Gia Franco,Female,"2022-04-13",Active,Security Guard
2206,Audrina Williams,Female,"2022-10-25",Active,Security Guard
2207,Sam Knight,Female,"2021-01-27",Active,Security Guard
2208,Lisa Galia,Female,"2018-09-21",Active,CCTV Operator
2209,Rick Clayton,Male,"2020-04-14",Active,CCTV Operator
2210,Julia Soto,Female,"2021-05-31",Active,CCTV Operator
2211,Leonara Lindsay,Female,"2020-04-10",Active,CCTV Operator
2212,Savanna Mayo,Female,"2022-07-03",Active,CCTV Operator
2213,Branden Khan,Female,"2023-03-15",Active,CCTV Operator
2214,Aiden Wade,Female,"2021-07-29",Active,CCTV Operator
2215,Conrad Ochoa,Female,"2022-02-05",Active,CCTV Operator
2216,Jaylyn Bruce,Female,"2022-11-09",Active,Security Operations 
2217,Kaylie Ayers,Female,"2020-11-23",Active,Infrastructure Manag
2218,Abdullah Arellano,Female,"2019-02-21",Active,Systems Manager
2219,Hazel Lane,Female,"2022-09-25",Active,CCTV Operator
2220,Lilah Harrison,Female,"2022-09-17",Active,CCTV Operator
2221,Cedric Sawyer,Female,"2019-05-31",Active,CCTV Operator
2222,Caiden Lam,Female,"2020-07-21",Active,CCTV Operator
2223,Isla Hawkins,Female,"2020-07-04",Active,Security Operations 
2224,Hadley Nash,Female,"2020-10-13",Active,Infrastructure Manag
2225,Milo Jensen,Male,"2023-05-01",Active,Systems Manager
2226,Zechariah Strong,Female,"2019-03-22",Active,CCTV Operator
2227,Raymond Maldonado,Female,"2021-12-27",Active,CCTV Operator
2228,Kayley Romero,Female,"2018-08-12",Active,CCTV Operator
2229,Antonio Gray,Female,"2022-12-28",Active,CCTV Operator
2230,Kane Mcfarland,Female,"2018-11-25",Active,Security Operations 
2231,Kylie Ellis,Female,"2020-12-26",Active,Infrastructure Manag
2232,Jovan Giles,Male,"2022-12-16",Active,Systems Manager
2233,Sheldon Castillo,Female,"2019-09-27",Active,CCTV Operator
2234,Ariel Barnes,Female,"2021-02-20",Active,CCTV Operator
2235,Kyson Grimes,Female,"2022-02-26",Active,CCTV Operator
2236,Princess Long,Female,"2018-12-23",Active,CCTV Operator
2237,Lyla Wong,Female,"2022-01-10",Active,Security Operations 
2238,Shyanne Livingston,Male,"2021-03-04",Active,Infrastructure Manag
2239,Dario Whitney,Male,"2023-03-10",Active,Systems Manager
2240,Pedro Nelson,Female,"2018-12-05",Active,CCTV Operator
2241,Carlo Carr,Female,"2021-06-24",Active,CCTV Operator
2242,Aileen Pacheco,Female,"2022-05-10",Active,CCTV Operator
2243,Dorian Wu,Female,"2023-04-13",Active,CCTV Operator
2244,Monica Pham,Female,"2022-08-04",Active,Security Operations 
2245,Londyn Underwood,Male,"2021-02-28",Active,Infrastructure Manag
2246,Britney Logan,Male,"2020-10-14",Active,Systems Manager
2247,Alessandra Novak,Female,"2018-09-10",Active,CCTV Operator
2248,Ariel Powers,Female,"2022-12-16",Active,CCTV Operator
2249,Jewel Bryant,Female,"2018-09-28",Active,CCTV Operator
2250,Irene Kim,Female,"2022-03-08",Active,CCTV Operator
2251,Carla Willis,Female,"2022-01-12",Active,Security Operations 
2252,Ricardo Fitzgerald,Male,"2020-12-08",Active,Infrastructure Manag
2253,Steven Jarvis,Female,"2020-11-17",Active,CCTV Operator
2254,Benjamin Marquez,Female,"2021-01-18",Active,CCTV Operator
2255,Gabrielle Mercer,Female,"2020-09-15",Active,CCTV Operator
2256,Kaylyn Pham,Female,"2019-12-11",Active,CCTV Operator
2257,Ingrid Lucero,Male,"2021-04-29",Active,Security Operations 
2258,Keshawn Gilmore,Male,"2021-04-03",Active,Infrastructure Manag
2259,Connor Wang,Female,"2022-02-01",Active,CCTV Operator
2260,Rocco Vaughan,Female,"2020-01-17",Active,CCTV Operator
2261,Samuel Jennings,Female,"2022-06-01",Active,CCTV Operator
2262,Shane Harper,Female,"2019-03-17",Active,CCTV Operator
2263,Kali Yates,Male,"2020-01-07",Active,Security Operations 
2264,Piper Guzman,Male,"2021-02-24",Active,Infrastructure Manag
2265,Halle Pena,Female,"2019-12-30",Active,CCTV Operator
2266,Jameson Eaton,Female,"2020-05-12",Active,CCTV Operator
2267,Antony Brandt,Female,"2023-04-04",Active,CCTV Operator
2268,Armani Rogers,Male,"2021-01-04",Active,CCTV Operator
2269,Jacoby Lyons,Male,"2020-04-28",Active,Security Operations 
2270,Dylan Livingston,Female,"2019-04-16",Active,CCTV Operator
2271,Raelynn Compton,Female,"2022-07-09",Active,CCTV Operator
2272,Darryl Richmond,Female,"2022-08-29",Active,CCTV Operator
2273,Ana Stafford,Male,"2020-01-26",Active,CCTV Operator
2274,Carlos Mccoy,Male,"2020-02-18",Active,Security Operations 
2275,Michael Albert,Male,"2022-01-25",Active,Operations Superviso
2276,Courtney E Wallace,Female,"2023-07-10",Active,Operations Superviso
2277,Amy Dunn,Female,"2022-04-14",Active,Operations Superviso
2278,Kissy Sullivan,Female,"2022-07-10",Active,Operations Superviso
2279,Walter Immediato,Male,"2022-06-27",Active,Operations Superviso
2280,Ebonee Peterson,Female,"2018-12-04",Voluntarily Terminat,Operations Superviso
2281,Elijiah Gray,Male,"2019-09-10",Active,Operations Superviso
2282,Charles Bozzi,Male,"2019-04-25",Active,Operations Superviso
2283,Sean Quinn,Male,"2018-10-03",Voluntarily Terminat,Administration Manag
2284,Jennifer Zamora,Female,"2022-06-14",Active,General Manager
2285,Webster L Butler,Male,"2022-02-15",Active,Operations Superviso
2286,Brannon Miller,Male,"2018-09-24",Active,Operations Superviso
2287,Ketsia Liebig,Female,"2022-03-09",Active,Operations Superviso
2288,Kelley Spirea,Female,"2018-11-07",Active,Operations Superviso
2289,Brandon R LeBlanc,Male,"2019-08-31",Active,Administration Manag
2290,Debra Houlihan,Female,"2020-11-27",Active,Business Development
2291,Elisa Bramante,Female,"2020-07-07",Active,Operations Manager
2292,Jonathan Hogland,Male,"2020-01-11",Active,Operations Superviso
2293,David Stanley,Male,"2020-06-15",Active,Operations Superviso
2294,Ariana Strickland,Male,"2020-10-10",Active,Operations Superviso
2295,Everett Jordan,Female,"2022-05-19",Active,Operations Superviso
2296,Ronnie Middleton,Female,"2021-08-25",Active,Operations Superviso
2297,Deandre Richard,Female,"2018-12-18",Voluntarily Terminat,Operations Superviso
2298,Terry Gay,Female,"2023-08-05",Active,Operations Superviso
2299,Emiliano Rich,Female,"2022-04-13",Active,Operations Superviso
2300,Wesley Nguyen,Female,"2020-09-26",Active,Operations Superviso
2301,Lauren Keith,Female,"2021-02-12",Active,Operations Superviso
2302,Marlene Rhodes,Female,"2019-01-02",Terminated for Cause,Operations Superviso
2303,Penelope Jordan,Female,"2019-10-26",Terminated for Cause,Operations Superviso
2304,Marlon Stanton,Female,"2021-04-11",Active,General Manager
2305,Rosemary Thornton,Female,"2019-12-11",Active,Electronic Security 
2306,Ayanna Lutz,Male,"2020-10-21",Active,Electronic Security 
2307,Case Hahn,Male,"2020-05-08",Active,Electronic Security 
2308,Asia Rivers,Male,"2022-05-24",Active,Intelligence Analyst
2309,Alexa Mercer,Male,"2019-06-05",Active,Intelligence Analyst
2310,Jade Sloan,Male,"2022-04-21",Active,Data Analyst
2311,Araceli Castillo,Female,"2019-12-10",Active,Intelligence Analyst
2312,Maximilian Carney,Male,"2019-11-26",Active,Intelligence Analyst
2313,Ayanna Bowman,Male,"2021-09-13",Active,Intelligence Analyst
2314,Lia Blair,Female,"2019-08-19",Active,Intelligence Analyst
2315,Marcelo Flowers,Female,"2022-06-12",Active,Operations Superviso
2316,Antwan Gay,Male,"2021-07-21",Active,Operations Superviso
2317,Jaydan Hoffman,Female,"2020-11-13",Active,Operations Superviso
2318,Faith Golden,Female,"2022-02-20",Active,Operations Superviso
2319,Kaylee Harvey,Female,"2019-03-28",Voluntarily Terminat,Operations Superviso
2320,Kristen Peters,Female,"2022-10-26",Voluntarily Terminat,Operations Superviso
2321,Hadassah Gallegos,Female,"2023-05-10",Active,Operations Superviso
2322,Ariel Cervantes,Female,"2022-09-01",Active,Operations Superviso
2323,Aubree Villanueva,Female,"2021-04-21",Active,Operations Superviso
2324,Aspen Dixon,Female,"2021-07-23",Terminated for Cause,Operations Superviso
2325,Keenan Jensen,Female,"2020-12-29",Active,Operations Superviso
2326,Malakai Whitehead,Female,"2022-08-08",Active,General Manager
2327,Parker Cunningham,Male,"2020-07-30",Active,Electronic Security 
2328,Kadyn Herring,Male,"2019-03-18",Active,Electronic Security 
2329,Aubree Anderson,Male,"2019-07-25",Active,Electronic Security 
2330,John Forbes,Male,"2021-10-16",Active,Intelligence Analyst
2331,Violet Willis,Male,"2019-12-06",Active,Intelligence Analyst
2332,Jaime Austin,Male,"2019-06-29",Active,Data Analyst
2333,Natalee Lane,Female,"2019-04-03",Active,Intelligence Analyst
2334,Iris Preston,Male,"2021-07-21",Active,Intelligence Analyst
2335,Magdalena Fischer,Male,"2022-07-27",Active,Intelligence Analyst
2336,Walter Dominguez,Female,"2019-10-06",Active,Operations Superviso
2337,Hallie Macias,Male,"2021-04-16",Active,Operations Superviso
2338,Ivan Hull,Female,"2018-10-10",Active,Operations Superviso
2339,India Kemp,Female,"2022-07-25",Voluntarily Terminat,Operations Superviso
2340,Alice Dudley,Female,"2021-03-17",Voluntarily Terminat,Operations Superviso
2341,Jesus Hendricks,Female,"2018-10-13",Active,Operations Superviso
2342,Eli Owens,Female,"2020-01-09",Active,Operations Superviso
2343,Emelia Mcintyre,Female,"2019-09-18",Active,Operations Superviso
2344,Jaden Bates,Female,"2019-10-26",Active,Operations Superviso
2345,Nyla Schwartz,Female,"2020-09-14",Terminated for Cause,Operations Superviso
2346,Taryn Black,Female,"2023-04-09",Active,Operations Superviso
2347,Karley Novak,Female,"2019-10-25",Active,General Manager
2348,Payten Harvey,Male,"2022-06-25",Active,Electronic Security 
2349,Reagan Atkinson,Male,"2023-01-26",Active,Electronic Security 
2350,Rey Werner,Male,"2020-02-19",Active,Electronic Security 
2351,Kendall Mcintyre,Male,"2019-12-24",Active,Intelligence Analyst
2352,Anahi Frye,Male,"2020-10-16",Active,Intelligence Analyst
2353,Dalia Booth,Female,"2018-09-07",Active,Data Analyst
2354,Charlee Navarro,Female,"2022-01-07",Active,Intelligence Analyst
2355,Karter Perry,Male,"2019-03-25",Active,Intelligence Analyst
2356,Sariah Little,Male,"2021-11-18",Active,Intelligence Analyst
2357,Antoine Murray,Female,"2022-12-31",Active,Operations Superviso
2358,Summer Huang,Male,"2020-05-14",Active,Operations Superviso
2359,Jaylyn Contreras,Female,"2020-12-13",Active,Operations Superviso
2360,Brenna York,Female,"2021-11-16",Voluntarily Terminat,Operations Superviso
2361,Braden Wiggins,Female,"2022-12-01",Voluntarily Terminat,Operations Superviso
2362,Nola Bullock,Female,"2020-10-30",Active,Operations Superviso
2363,Kaleigh Keller,Female,"2021-02-08",Active,Operations Superviso
2364,Milagros Jimenez,Male,"2019-08-05",Active,Operations Superviso
2365,Timothy Goodwin,Female,"2018-11-29",Terminated for Cause,Operations Superviso
2366,Reese Kennedy,Female,"2018-11-16",Terminated for Cause,Operations Superviso
2367,Mariam Doyle,Female,"2020-08-23",Active,Operations Superviso
2368,Clinton Brennan,Female,"2020-08-22",Active,General Manager
2369,Maximilian Moyer,Male,"2021-10-19",Active,Electronic Security 
2370,Salvador Robinson,Male,"2020-02-21",Active,Electronic Security 
2371,Ahmed Mcmahon,Male,"2022-11-21",Active,Intelligence Analyst
2372,Junior York,Female,"2019-08-05",Active,Intelligence Analyst
2373,Marilyn Wiley,Female,"2020-11-05",Active,Data Analyst
2374,Selena Hebert,Female,"2021-06-12",Active,Intelligence Analyst
2375,Selena Adkins,Male,"2018-09-13",Active,Intelligence Analyst
2376,Erica Sloan,Female,"2023-04-09",Active,Operations Superviso
2377,Payton Nolan,Male,"2021-01-09",Active,Operations Superviso
2378,Leticia Parks,Female,"2020-03-23",Active,Operations Superviso
2379,Carolyn Sosa,Female,"2019-10-19",Voluntarily Terminat,Operations Superviso
2380,German Higgins,Female,"2023-07-02",Active,Operations Superviso
2381,Heath Romero,Female,"2019-08-29",Active,Operations Superviso
2382,Davion Friedman,Male,"2023-07-17",Active,Operations Superviso
2383,Danny Thomas,Male,"2020-02-02",Active,Operations Superviso
2384,Matthias Dunlap,Female,"2021-10-14",Terminated for Cause,Operations Superviso
2385,Sawyer Little,Female,"2020-04-10",Active,Operations Superviso
2386,Uriel Brennan,Female,"2018-12-14",Active,Operations Superviso
2387,Gretchen Richards,Male,"2022-06-27",Active,General Manager
2388,Madden Roman,Male,"2020-09-07",Active,Electronic Security 
2389,Keshawn Singh,Male,"2019-11-03",Active,Intelligence Analyst
2390,Barrett Obrien,Female,"2020-05-15",Active,Intelligence Analyst
2391,Gisselle Villanueva,Female,"2023-04-28",Active,Data Analyst
2392,Demetrius Mendez,Male,"2019-08-05",Active,Intelligence Analyst
2393,Rhett Holmes,Female,"2018-12-05",Active,Operations Superviso
2394,Harold David,Male,"2022-04-25",Active,Operations Superviso
2395,Terrell Guerra,Male,"2019-12-10",Active,Operations Superviso
2396,Reginald Klein,Female,"2022-06-30",Voluntarily Terminat,Operations Superviso
2397,Marcos Sloan,Female,"2018-09-19",Active,Operations Superviso
2398,Davion Hahn,Female,"2019-07-08",Active,Operations Superviso
2399,Brice Phillips,Male,"2023-05-25",Active,Operations Superviso
2400,Alvaro Le,Male,"2018-11-03",Active,Operations Superviso
2401,Darien Young,Female,"2022-11-09",Terminated for Cause,Operations Superviso
2402,Hayley Chung,Female,"2022-04-14",Terminated for Cause,Operations Superviso
2403,Ellis Maldonado,Female,"2020-08-06",Active,Operations Superviso
2404,Alena Ibarra,Female,"2019-06-26",Active,Operations Superviso
2405,Emily Davidson,Male,"2020-09-13",Voluntarily Terminat,General Manager
2406,Nickolas Stephens,Male,"2018-11-13",Active,Electronic Security 
2407,Lamont Prince,Male,"2019-10-06",Active,Intelligence Analyst
2408,Gunner Boone,Female,"2021-09-15",Active,Intelligence Analyst
2409,Kaitlin Cooke,Female,"2020-02-06",Active,Data Analyst
2410,Sam Gross,Male,"2022-10-21",Active,Intelligence Analyst
2411,Nathaly Stuart,Female,"2022-10-11",Active,Operations Superviso
2412,Frankie Yang,Male,"2022-01-30",Active,Operations Superviso
2413,Alexus Greer,Female,"2022-07-27",Active,Operations Superviso
2414,Julianne Shaw,Female,"2022-05-26",Active,Operations Superviso
2415,Raelynn Lara,Female,"2021-02-08",Active,Operations Superviso
2416,Leland Chang,Male,"2022-06-06",Active,Operations Superviso
2417,Hayley Webb,Male,"2021-02-27",Active,Operations Superviso
2418,Teagan Rodriguez,Male,"2022-01-26",Terminated for Cause,Operations Superviso
2419,Kaylyn Joyce,Female,"2020-04-01",Active,Operations Superviso
2420,Carleigh Garrison,Female,"2020-06-03",Active,Operations Superviso
2421,Brycen York,Female,"2021-11-20",Active,Operations Superviso
2422,Rigoberto Gibson,Male,"2021-12-21",Voluntarily Terminat,Operations Superviso
2423,Yael Garcia,Male,"2018-10-10",Active,General Manager
2424,Jonathon Montes,Male,"2019-02-26",Active,Electronic Security 
2425,Alexzander Guzman,Male,"2022-06-19",Active,Operations Manager
2426,Gunnar Gray,Female,"2020-07-20",Active,Intelligence Analyst
2427,Emilee Thompson,Female,"2020-01-17",Active,Intelligence Analyst
2428,Emmett Chandler,Female,"2021-06-04",Active,Data Analyst
2429,Vincent Ramsey,Male,"2019-04-19",Active,Operations Superviso
2430,Dallas Ross,Male,"2018-11-17",Active,Operations Superviso
2431,Elvis Kaufman,Female,"2022-08-18",Active,Operations Superviso
2432,Rayna Gates,Female,"2023-02-10",Voluntarily Terminat,Operations Superviso
2433,Darryl Wiley,Male,"2020-04-22",Active,Operations Superviso
2434,Liam Blevins,Male,"2023-01-14",Active,Operations Superviso
2435,Easton Zavala,Male,"2023-03-13",Terminated for Cause,Operations Superviso
2436,Susan Wiggins,Male,"2022-12-30",Terminated for Cause,Operations Superviso
2437,Alison Evans,Female,"2020-06-04",Terminated for Cause,Operations Superviso
2438,Humberto Rocha,Female,"2022-03-13",Active,Operations Superviso
2439,Cordell Vazquez,Female,"2021-08-21",Active,Operations Superviso
2440,Teagan Fletcher,Male,"2021-05-15",Active,Operations Superviso
2441,Camden Mcclure,Male,"2021-07-14",Active,General Manager
2442,Larissa Garza,Female,"2023-01-31",Active,Operations Manager
2443,Camron Jenkins,Female,"2020-07-27",Active,Intelligence Analyst
2444,America Buchanan,Female,"2023-04-16",Active,Intelligence Analyst
2445,Avery Koch,Female,"2019-12-30",Active,Operations Superviso
2446,Devan Hall,Male,"2021-12-06",Active,Operations Superviso
2447,Jensen Mccullough,Female,"2020-02-02",Active,Operations Superviso
2448,Kristin Hickman,Female,"2020-10-23",Voluntarily Terminat,Operations Superviso
2449,Chana Fox,Female,"2020-04-29",Voluntarily Terminat,Operations Superviso
2450,Vivian Bright,Male,"2022-08-18",Active,Operations Superviso
2451,Rosa Rosales,Male,"2020-09-08",Active,Operations Superviso
2452,Fabian Mullins,Male,"2022-10-14",Active,Operations Superviso
2453,Mila Poole,Male,"2023-05-13",Active,Operations Superviso
2454,Callum Mccormick,Female,"2021-02-28",Active,Operations Superviso
2455,Jakob Luna,Female,"2020-03-03",Active,Operations Superviso
2456,Odin Sampson,Male,"2021-11-29",Active,Operations Superviso
2457,George Meyers,Male,"2018-08-24",Active,Operations Superviso
2458,Angelica Gamble,Male,"2020-10-21",Active,General Manager
2459,Bradyn Pham,Female,"2020-12-15",Active,Operations Manager
2460,Konner Pierce,Female,"2018-09-05",Active,Intelligence Analyst
2461,Tucker Haas,Male,"2021-09-27",Active,Administration Manag
2462,Lainey York,Female,"2020-01-09",Active,Operations Superviso
2463,Ava Chan,Female,"2018-12-06",Active,Operations Superviso
2464,Marquise Pacheco,Male,"2022-08-11",Active,Operations Superviso
2465,Callum Miles,Female,"2020-04-13",Active,Operations Superviso
2466,Natasha Valdez,Female,"2021-11-14",Voluntarily Terminat,Operations Superviso
2467,Talia Barrett,Female,"2022-03-17",Voluntarily Terminat,Operations Superviso
2468,Kailyn Torres,Male,"2019-05-06",Active,Operations Superviso
2469,Uriah Pennington,Male,"2021-11-27",Active,Operations Superviso
2470,Cesar Hunter,Male,"2021-02-09",Active,Operations Superviso
2471,Brianna Hurley,Male,"2022-01-06",Active,Operations Superviso
2472,Ariel May,Female,"2023-07-28",Active,Operations Superviso
2473,Anastasia Hardy,Male,"2021-03-27",Active,Operations Superviso
2474,Aliana Blake,Male,"2023-03-12",Active,Operations Superviso
2475,Houston Burnett,Male,"2022-10-05",Voluntarily Terminat,Operations Superviso
2476,Case Conley,Male,"2021-10-01",Active,General Manager
2477,Trevin Shannon,Female,"2022-01-31",Active,Business Development
2478,Braden Nicholson,Female,"2020-06-01",Active,Operations Manager
2479,Mireya Sutton,Female,"2023-04-18",Active,Intelligence Analyst
2480,Jason Foss,Male,"2020-07-25",Active,Technical Director
2481,Simon Roup,Male,"2018-12-12",Active,Systems Manager
2482,Eric Dougall,Male,"2018-09-01",Active,Security Operations 
2483,Peter Monroe,Male,"2019-11-24",Active,Infrastructure Manag
2484,Brian Champaigne,Male,"2021-12-26",Active,Intelligence Directo
2485,Alex Sweetwater,Male,"2020-03-04",Active,Technical Manager
2486,Ricardo Ruiz,Male,"2020-05-03",Active,Systems Manager
2487,Leo Cooper,Male,"2019-07-20",Active,Systems Manager
2488,Braedon Welch,Male,"2022-05-26",Active,Technical Director
2489,Graham Villa,Male,"2021-07-24",Active,Business Development
2490,Kyle Ali,Male,"2021-09-27",Active,Operations Manager
2491,Giovanna Romero,Male,"2019-04-07",Active,Security Systems Eng
2492,Natalya Norman,Male,"2019-07-20",Active,Security Systems Eng
2493,Connor Carrillo,Male,"2022-12-03",Active,Security Systems Eng
2494,Owen Burch,Male,"2020-04-04",Active,Systems Manager
2495,Abel Bush,Male,"2020-03-08",Active,Technical Director
2496,Selina Mullins,Male,"2020-09-28",Active,Business Development
2497,Marilyn Chaney,Male,"2021-07-14",Active,Operations Manager
2498,Camron Keller,Female,"2019-10-17",Terminated for Cause,Intelligence Analyst
2499,Ali Benjamin,Male,"2023-04-08",Active,Security Systems Eng
2500,Annabelle Frederick,Male,"2019-07-25",Active,Security Systems Eng
2501,Joy Sellers,Male,"2022-12-25",Active,Security Systems Eng
2502,Charlie Brady,Male,"2019-01-27",Active,Security Systems Eng
2503,Ally Goodman,Male,"2021-12-26",Active,Systems Manager
2504,Vanessa Zuniga,Male,"2023-01-12",Active,Technical Director
2505,Carleigh Hendricks,Male,"2019-07-02",Active,Business Development
2506,Trey Johnston,Male,"2022-06-30",Active,Operations Manager
2507,Adalyn Hess,Female,"2023-01-05",Terminated for Cause,Intelligence Analyst
2508,Selina Tapia,Male,"2018-11-18",Active,Intelligence Analyst
2509,Madeleine Paul,Female,"2020-09-21",Active,Security Systems Eng
2510,Ronald Lamb,Male,"2019-11-25",Active,Security Systems Eng
2511,Ernesto Beltran,Male,"2021-02-05",Active,Security Systems Eng
2512,Lawrence Obrien,Male,"2023-04-16",Active,Security Systems Eng
2513,Trinity Estes,Male,"2021-08-19",Active,Systems Manager
2514,Amina Bush,Male,"2022-01-14",Active,Technical Director
2515,Mayra Lynn,Male,"2018-09-11",Active,Business Development
2516,Ally Brennan,Male,"2022-02-18",Active,Operations Manager
2517,Alina Benson,Male,"2019-12-01",Active,Intelligence Analyst
2518,Rebekah Delacruz,Male,"2021-02-28",Active,Intelligence Analyst
2519,Melody Wright,Female,"2021-11-13",Active,Security Systems Eng
2520,Richard Oconnell,Male,"2020-09-27",Active,Security Systems Eng
2521,Olivia Goodman,Male,"2022-09-03",Active,Security Systems Eng
2522,Zaniyah Parks,Male,"2020-10-09",Active,Systems Manager
2523,Maximilian Williamson,Male,"2021-11-06",Active,Technical Director
2524,Serena Barajas,Male,"2023-06-24",Active,Business Development
2525,Larry Novak,Male,"2021-09-15",Active,Operations Manager
2526,Kadyn Marsh,Female,"2022-10-14",Active,Intelligence Analyst
2527,Nylah Hood,Male,"2019-07-22",Active,Intelligence Analyst
2528,Rigoberto Allen,Male,"2023-03-20",Active,Intelligence Analyst
2529,Gabriella Clements,Female,"2022-05-02",Active,Security Systems Eng
2530,Hana Lucero,Male,"2022-10-20",Active,Security Systems Eng
2531,Luciana Gill,Male,"2023-07-24",Active,Security Systems Eng
2532,Demetrius Cooley,Male,"2020-07-18",Active,Systems Manager
2533,Chandler Reynolds,Male,"2021-05-05",Active,Systems Manager
2534,Iyana Benjamin,Male,"2019-04-15",Active,Technical Director
2535,Antoine Haney,Male,"2020-08-24",Active,Business Development
2536,Alfred Rivas,Male,"2022-12-31",Active,Operations Manager
2537,Darien Sawyer,Female,"2022-09-18",Active,Intelligence Analyst
2538,Isaias Pineda,Female,"2019-09-14",Active,Intelligence Analyst
2539,Casey Bradford,Male,"2019-03-19",Active,Intelligence Analyst
2540,London Bautista,Female,"2022-10-18",Active,Technical Manager
2541,Kayleigh Davenport,Female,"2022-07-31",Active,Security Systems Eng
2542,Koen Flores,Male,"2023-03-06",Active,Security Systems Eng
2543,Ernest Finley,Male,"2019-01-30",Voluntarily Terminat,Security Systems Eng
2544,Wade Hernandez,Male,"2023-05-22",Active,Systems Manager
2545,Odin Key,Male,"2018-12-22",Active,Systems Manager
2546,Deven Huff,Male,"2022-11-08",Active,Technical Director
2547,Kenna Simon,Male,"2021-07-03",Active,Business Development
2548,Luz Garza,Female,"2018-11-14",Active,Intelligence Analyst
2549,Tristan Reed,Female,"2021-09-18",Active,Intelligence Analyst
2550,Beckett Beck,Female,"2020-11-19",Active,Technical Manager
2551,Coby Giles,Female,"2023-05-04",Active,Security Systems Eng
2552,Jalen Jennings,Male,"2023-01-21",Active,Security Systems Eng
2553,Ralph Barrera,Male,"2022-08-19",Active,Systems Manager
2554,Shania Caldwell,Male,"2022-07-18",Active,Systems Manager
2555,Colby Horne,Male,"2019-08-14",Active,Technical Director
2556,Kaiden Cunningham,Male,"2020-12-10",Active,Business Development
2557,Davion Vasquez,Female,"2019-09-20",Active,Intelligence Analyst
2558,Maeve Gordon,Female,"2021-11-19",Active,Technical Manager
2559,Monserrat Ferguson,Male,"2022-04-29",Active,Security Systems Eng
2560,Nathan Schmitt,Male,"2021-06-30",Active,Infrastructure Manag
2561,Ashly Mullen,Male,"2021-07-15",Active,Systems Manager
2562,Angelique Cochran,Male,"2021-04-12",Active,Systems Manager
2563,Kenny Rojas,Male,"2020-12-08",Active,Technical Director
2564,Deandre Oneal,Male,"2019-10-31",Active,Business Development
2565,Adison Huerta,Female,"2020-01-22",Active,Intelligence Analyst
2566,Elisabeth Bradley,Male,"2022-09-20",Active,Technical Manager
2567,Sylvia Price,Male,"2022-12-22",Active,Infrastructure Manag
2568,Eden Choi,Male,"2019-03-12",Active,Systems Manager
2569,Emerson Grimes,Male,"2021-10-07",Active,Systems Manager
2570,Ayden Wu,Male,"2019-06-16",Active,Technical Director
2571,Hayley Keller,Female,"2021-03-17",Active,Intelligence Directo
2572,Alannah Rivas,Male,"2022-08-07",Active,Intelligence Analyst
2573,Jessica Bunbury,Female,"2020-01-17",Voluntarily Terminat,Site Supervisor
2574,Giovanni Leruth,Male,"2022-06-11",Active,Site Supervisor
2575,Ricardo Gonzales,Male,"2021-03-03",Active,Site Supervisor
2576,Caitrin Strong,Female,"2020-04-16",Active,Site Supervisor
2577,Jenna Dietrich,Female,"2022-09-22",Active,Site Supervisor
2578,Michelle Carter,Female,"2023-05-30",Active,Site Supervisor
2579,Jackie Valentin,Female,"2021-01-14",Active,Site Supervisor
2580,Alfred Digitale,Male,"2020-04-29",Active,Site Supervisor
2581,Howard Mullaney,Male,"2021-07-07",Active,Site Supervisor
2582,Whitney Gill,Female,"2020-07-28",Active,Site Supervisor
2583,Gerry Friedman,Male,"2020-09-16",Active,Site Supervisor
2584,Noah Villanueva,Male,"2023-04-23",Active,Site Supervisor
2585,Mike Guilianno,Male,"2021-06-04",Active,Site Supervisor
2586,Travis Ozark,Male,"2020-04-15",Active,Site Supervisor
2587,Rylee Frye,Male,"2019-09-04",Active,Site Supervisor
2588,Callum Ford,Male,"2020-08-18",Active,Site Supervisor
2589,Jabari Frank,Male,"2020-12-05",Active,Site Supervisor
2590,Stephanie Wilkinson,Male,"2023-01-13",Active,Site Supervisor
2591,Cruz Arellano,Male,"2019-09-17",Active,Site Supervisor
2592,Rubi Shields,Male,"2020-10-15",Active,Site Supervisor
2593,Sage Booker,Male,"2018-12-01",Active,Site Supervisor
2594,Aileen Wright,Male,"2023-07-24",Active,Site Supervisor
2595,Karly Ho,Male,"2019-10-08",Active,Site Supervisor
2596,Thaddeus Lutz,Male,"2021-10-16",Active,Site Supervisor
2597,Layla Kane,Male,"2020-04-03",Active,Site Supervisor
2598,Yesenia Payne,Male,"2020-01-08",Active,Site Supervisor
2599,Jase Waters,Female,"2022-03-27",Active,Control Room Operato
2600,Thomas Sloan,Female,"2018-09-18",Active,Control Room Operato
2601,Anya Baldwin,Female,"2019-11-29",Active,Control Room Operato
2602,Jacquelyn Austin,Female,"2019-04-16",Active,Finance Officer
2603,Kaitlynn Aguirre,Male,"2019-03-05",Active,Site Supervisor
2604,Saniyah Cantu,Male,"2018-12-20",Active,Site Supervisor
2605,Jakayla Dickson,Male,"2021-03-08",Active,Site Supervisor
2606,Aspen Freeman,Male,"2020-10-23",Active,Site Supervisor
2607,Lamont Summers,Male,"2019-03-29",Active,Site Supervisor
2608,Lewis Hobbs,Male,"2020-10-25",Active,Site Supervisor
2609,Harrison Camacho,Male,"2019-12-06",Active,Site Supervisor
2610,Ronald Marquez,Male,"2022-09-23",Active,Site Supervisor
2611,Arabella Hunter,Male,"2019-12-26",Active,Site Supervisor
2612,Amiya Richardson,Male,"2018-08-27",Active,Site Supervisor
2613,Raquel Sosa,Male,"2022-12-12",Active,Site Supervisor
2614,Andy Stewart,Male,"2021-05-13",Active,Site Supervisor
2615,Patrick Padilla,Female,"2021-03-31",Active,Control Room Operato
2616,Destiney Navarro,Female,"2019-08-14",Active,Control Room Operato
2617,Yadira Barron,Female,"2020-08-02",Active,Control Room Operato
2618,Anika Bender,Female,"2019-06-04",Active,Finance Officer
2619,Carlo Giles,Male,"2020-06-17",Active,Site Supervisor
2620,Kaylin Dillon,Male,"2021-03-04",Active,Site Supervisor
2621,Laura Bullock,Male,"2018-09-14",Active,Site Supervisor
2622,Mary Moore,Male,"2020-07-20",Active,Site Supervisor
2623,Harper Clark,Male,"2020-05-21",Active,Site Supervisor
2624,Charles Howard,Male,"2023-06-11",Active,Site Supervisor
2625,Jaron Rojas,Male,"2022-11-27",Active,Site Supervisor
2626,Jordyn Mcguire,Male,"2020-03-02",Active,Site Supervisor
2627,Valentino Myers,Male,"2023-01-29",Active,Site Supervisor
2628,Charles Coleman,Male,"2021-12-07",Active,Site Supervisor
2629,Kamden Cummings,Male,"2023-03-19",Active,Site Supervisor
2630,Kiley Wagner,Male,"2022-06-10",Active,Site Supervisor
2631,Darien Young,Female,"2021-03-03",Active,Site Supervisor
2632,Madeline Suarez,Female,"2022-03-06",Active,Control Room Operato
2633,Zain Nolan,Female,"2022-08-08",Active,Control Room Operato
2634,Hezekiah Mcgee,Female,"2023-03-12",Active,Control Room Operato
2635,Maxim Phillips,Female,"2019-05-01",Active,Finance Officer
2636,Gwendolyn Hogan,Male,"2018-09-13",Active,Site Supervisor
2637,Kaia Hernandez,Male,"2022-11-16",Active,Site Supervisor
2638,Mathias Tran,Male,"2021-11-20",Active,Site Supervisor
2639,Simeon Roy,Male,"2020-09-29",Active,Site Supervisor
2640,Magdalena Whitehead,Male,"2021-08-28",Active,Site Supervisor
2641,Gwendolyn Mccall,Male,"2021-04-28",Active,Site Supervisor
2642,Demarion Harrington,Male,"2022-06-15",Active,Site Supervisor
2643,Katelyn Brown,Male,"2022-04-15",Active,Site Supervisor
2644,Miranda Keith,Male,"2020-07-19",Active,Site Supervisor
2645,Breanna Kerr,Male,"2020-07-02",Active,Site Supervisor
2646,Saniya Ho,Male,"2019-08-04",Active,Site Supervisor
2647,Rylan Key,Male,"2019-01-09",Active,Site Supervisor
2648,Nathaly Stevens,Male,"2022-10-01",Active,Site Supervisor
2649,Maximus Delgado,Female,"2020-09-28",Active,Site Supervisor
2650,Karley Long,Female,"2018-11-15",Active,Control Room Operato
2651,Demarcus Frazier,Female,"2020-11-24",Active,Control Room Operato
2652,Fernando Richard,Female,"2023-07-09",Active,Control Room Operato
2653,Keon Gonzalez,Male,"2023-04-20",Active,Site Supervisor
2654,Lauryn Anthony,Male,"2019-08-22",Active,Site Supervisor
2655,Amanda Allison,Male,"2022-08-02",Active,Site Supervisor
2656,Urijah Houston,Male,"2018-10-31",Active,Site Supervisor
2657,Trace Brandt,Male,"2021-11-23",Active,Site Supervisor
2658,Yuliana Levine,Male,"2023-07-01",Active,Site Supervisor
2659,Bailey Hays,Male,"2022-07-18",Active,Site Supervisor
2660,Sanaa Valenzuela,Male,"2019-08-09",Active,Site Supervisor
2661,Avah Hayes,Male,"2021-07-06",Active,Site Supervisor
2662,Cody Bates,Male,"2021-02-02",Active,Site Supervisor
2663,Eli Grant,Male,"2023-01-06",Active,Site Supervisor
2664,Felipe Rollins,Male,"2021-11-13",Active,Site Supervisor
2665,Abdiel Good,Male,"2020-03-15",Active,Site Supervisor
2666,Kaylyn Frye,Female,"2018-11-07",Active,Site Supervisor
2667,Marisol Alvarez,Female,"2019-10-03",Active,Control Room Operato
2668,Lane Willis,Female,"2022-08-12",Active,Control Room Operato
2669,Jade Becker,Female,"2018-12-22",Active,Control Room Operato
2670,Vincent Logan,Male,"2021-03-27",Active,Site Supervisor
2671,Nasir Glass,Male,"2022-07-18",Active,Site Supervisor
2672,Quincy Shannon,Male,"2020-04-09",Active,Site Supervisor
2673,Alena Walter,Male,"2022-01-07",Active,Site Supervisor
2674,Clay Compton,Male,"2022-07-15",Active,Site Supervisor
2675,Kayden Fernandez,Male,"2020-11-29",Active,Site Supervisor
2676,Bryson Giles,Male,"2019-03-20",Active,Site Supervisor
2677,Demarcus Small,Male,"2019-03-16",Active,Site Supervisor
2678,Presley Dodson,Male,"2021-05-30",Active,Site Supervisor
2679,Christine Giles,Male,"2022-11-17",Active,Site Supervisor
2680,Jasmine Rogers,Male,"2020-12-25",Active,Site Supervisor
2681,Jaime Greer,Male,"2020-06-16",Active,Site Supervisor
2682,Keagan Hutchinson,Male,"2020-07-28",Active,Site Supervisor
2683,Charlize Ballard,Female,"2021-12-31",Active,Site Supervisor
2684,Kendrick Pollard,Female,"2022-02-07",Active,Control Room Operato
2685,Meadow Reed,Female,"2021-11-23",Active,Control Room Operato
2686,Ryker Hopkins,Male,"2021-08-15",Active,Site Supervisor
2687,Bruno Ashley,Male,"2021-06-21",Active,Site Supervisor
2688,Luciana Steele,Male,"2021-02-13",Active,Site Supervisor
2689,Johnathon Serrano,Male,"2020-12-28",Active,Site Supervisor
2690,Joaquin Cuevas,Male,"2022-04-12",Active,Site Supervisor
2691,Soren Downs,Male,"2019-01-02",Active,Site Supervisor
2692,Ralph Stone,Male,"2020-08-01",Active,Site Supervisor
2693,Malcolm Rivas,Male,"2020-10-14",Active,Site Supervisor
2694,Adam Beltran,Male,"2023-05-26",Active,Site Supervisor
2695,Isis Ortega,Male,"2021-08-26",Active,Site Supervisor
2696,Meadow Delgado,Male,"2022-11-20",Active,Site Supervisor
2697,Benjamin Goodman,Male,"2020-02-22",Active,Site Supervisor
2698,Jaycee Alexander,Male,"2021-04-04",Active,Site Supervisor
2699,Cannon Gray,Female,"2023-08-05",Active,Site Supervisor
2700,Brynn Kennedy,Female,"2023-01-10",Active,Control Room Operato
2701,Branden Ali,Female,"2019-04-19",Active,Control Room Operato
2702,Sophie Carrillo,Male,"2019-10-02",Active,Site Supervisor
2703,Saul Shaw,Male,"2018-11-14",Active,Site Supervisor
2704,Isla Mcdaniel,Male,"2020-01-27",Active,Site Supervisor
2705,Lea Cantu,Female,"2018-11-04",Active,Site Supervisor
2706,Yadiel Riggs,Male,"2018-12-13",Active,Site Supervisor
2707,Annalise Olsen,Male,"2022-11-28",Active,Site Supervisor
2708,Theodore Castro,Male,"2022-06-08",Active,Site Supervisor
2709,Emily Freeman,Male,"2022-04-03",Active,Site Supervisor
2710,Madyson Yates,Male,"2022-02-28",Active,Site Supervisor
2711,Rachel Bowers,Male,"2021-08-19",Active,Site Supervisor
2712,Helen Humphrey,Male,"2018-08-19",Active,Site Supervisor
2713,Abagail Villanueva,Male,"2019-10-15",Active,Site Supervisor
2714,Julie Lloyd,Male,"2023-02-23",Active,Site Supervisor
2715,Alejandro Wilkinson,Female,"2023-02-01",Active,Site Supervisor
2716,Yadiel Mata,Female,"2023-05-07",Active,Control Room Operato
2717,Colt Sutton,Male,"2020-05-26",Active,Site Supervisor
2718,Madalyn Prince,Male,"2022-02-09",Active,Site Supervisor
2719,Clara Stewart,Male,"2022-06-20",Active,Site Supervisor
2720,Cheyenne Herman,Female,"2022-01-08",Active,Site Supervisor
2721,Emerson Zavala,Male,"2020-03-01",Active,Site Supervisor
2722,Sawyer Oneal,Male,"2020-10-05",Active,Site Supervisor
2723,Kyleigh Mathis,Male,"2021-05-12",Active,Site Supervisor
2724,Maximus Mcdowell,Male,"2023-01-01",Active,Site Supervisor
2725,Dean Little,Male,"2019-11-18",Active,Site Supervisor
2726,Martin Herrera,Male,"2021-05-12",Active,Site Supervisor
2727,Uriah Briggs,Male,"2020-02-14",Active,Site Supervisor
2728,Kianna Little,Male,"2020-05-08",Active,Site Supervisor
2729,David Kirk,Female,"2018-12-10",Active,Site Supervisor
2730,Alexandra Bryant,Female,"2021-12-08",Active,Site Supervisor
2731,Denzel Jensen,Female,"2019-01-31",Active,Control Room Operato
2732,Fletcher Maxwell,Male,"2022-08-31",Active,Site Supervisor
2733,Davian Davis,Male,"2022-02-01",Active,Site Supervisor
2734,Maxim Mooney,Female,"2020-12-02",Active,Site Supervisor
2735,Santiago Rosales,Female,"2020-10-16",Active,Site Supervisor
2736,Zara Werner,Male,"2020-05-27",Active,Site Supervisor
2737,Darian Hansen,Male,"2021-08-20",Active,Site Supervisor
2738,Kaeden Branch,Male,"2019-02-07",Active,Site Supervisor
2739,Gabriel Swanson,Male,"2021-02-18",Active,Site Supervisor
2740,Madyson Chapman,Male,"2022-12-02",Active,Site Supervisor
2741,Kellen Hill,Male,"2021-07-29",Active,Site Supervisor
2742,Samir Gray,Male,"2022-04-23",Active,Site Supervisor
2743,Stephanie Hampton,Male,"2021-07-31",Active,Site Supervisor
2744,Walter Mayo,Female,"2020-06-12",Active,Site Supervisor
2745,Harley Greer,Female,"2019-01-25",Active,Site Supervisor
2746,Misael Pratt,Female,"2020-10-24",Voluntarily Terminat,Control Room Operato
2747,Sneha Jhaveri,Female,"2018-08-18",Active,Security Guard
2748,Melinda Saar-Beckles,Female,"2022-07-11",Active,Security Guard
2749,Elizabeth Meads,Female,"2018-11-15",Voluntarily Terminat,Security Guard
2750,Patrick Moran,Male,"2022-06-04",Active,Senior Security Guar
2751,Mathew Linden,Male,"2018-10-27",Leave of Absence,Senior Security Guar
2752,Adeel Osturnka,Male,"2022-10-21",Active,Security Guard
2753,Lisa Cornett,Female,"2023-01-13",Active,Security Guard
2754,Louis Punjabhi,Male,"2020-04-05",Active,Security Guard
2755,Michael Carey,Male,"2022-05-26",Active,Security Guard
2756,Earnest Hankard,Male,"2021-05-05",Active,Senior Security Guar
2757,Kimberly Beak,Female,"2023-07-01",Future Start,Senior Security Guar
2758,Jonathan R LeBel,Male,"2018-12-20",Terminated for Cause,Security Guard
2759,Rick Stoica,Male,"2018-08-26",Active,Security Guard
2760,Adil Sahoo,Male,"2020-12-06",Active,Senior Security Guar
2761,Barbara Gaul,Female,"2021-12-13",Active,Security Guard
2762,Carla Demita,Female,"2021-06-27",Voluntarily Terminat,Senior Security Guar
2763,Paula Gross,Female,"2019-10-19",Active,Security Guard
2764,Francesco A Barone,Male,"2022-11-26",Active,Security Guard
2765,Rex England,Male,"2019-08-19",Active,Security Guard
2766,Trina Hendrickson,Female,"2018-08-22",Voluntarily Terminat,Senior Security Guar
2767,Colleen Volk,Female,"2022-05-04",Active,Security Guard
2768,Jean Engdahl,Male,"2022-06-12",Active,Security Guard
2769,Paris Blake,Male,"2018-11-08",Active,Security Guard
2770,Neveah Bird,Male,"2021-07-05",Active,Security Guard
2771,Tia Potter,Male,"2020-07-08",Terminated for Cause,Security Guard
2772,Alexandra Bean,Male,"2020-03-13",Active,Security Guard
2773,Tony Grimes,Male,"2022-12-28",Active,Security Guard
2774,Macy Nielsen,Male,"2020-03-17",Active,Security Guard
2775,Toby Yates,Female,"2023-01-07",Active,Security Guard
2776,Karlee Davies,Male,"2021-12-22",Active,Security Guard
2777,Hector Escobar,Male,"2020-04-29",Active,Security Guard
2778,Javon Mckenzie,Male,"2020-12-02",Active,Security Guard
2779,Lilly Huynh,Male,"2021-12-08",Active,Security Guard
2780,Anika Robbins,Male,"2022-04-13",Active,Security Guard
2781,Ishaan Robinson,Male,"2020-12-23",Voluntarily Terminat,Security Guard
2782,Paola Macdonald,Female,"2019-03-31",Active,Security Guard
2783,Lorelei Sellers,Male,"2023-06-11",Active,Senior Security Guar
2784,Gillian Riddle,Male,"2021-05-20",Active,Senior Security Guar
2785,Atticus White,Male,"2020-11-14",Active,Senior Security Guar
2786,Virginia Nunez,Female,"2018-12-29",Active,Senior Security Guar
2787,Caden Taylor,Female,"2021-04-22",Active,Senior Security Guar
2788,Brooks Leach,Female,"2023-06-03",Voluntarily Terminat,Senior Security Guar
2789,Isabel Wyatt,Male,"2021-04-26",Active,Security Guard
2790,Angelo Henry,Male,"2019-04-30",Active,Security Guard
2791,Joselyn Moss,Male,"2021-07-04",Active,Security Guard
2792,Diamond Mcclain,Male,"2023-02-24",Active,Security Guard
2793,Eden Dalton,Male,"2021-03-02",Active,Security Guard
2794,Emely Parks,Male,"2021-12-27",Active,Security Guard
2795,Corinne Hopkins,Female,"2022-07-10",Active,Security Guard
2796,Destiny Blake,Female,"2022-09-19",Active,Security Guard
2797,Zaria Kidd,Male,"2021-05-30",Active,Security Guard
2798,Adam Ingram,Male,"2020-04-07",Active,Security Guard
2799,Makenna Foster,Male,"2021-04-20",Active,Security Guard
2800,Nayeli Keith,Male,"2019-08-02",Active,Security Guard
2801,Devon Shannon,Male,"2022-01-11",Active,Security Guard
2802,Lucy Harrington,Female,"2020-11-15",Active,Security Guard
2803,Rebecca Francis,Female,"2020-05-08",Active,Security Guard
2804,Salma Frederick,Male,"2019-03-10",Active,Senior Security Guar
2805,Avery Vance,Male,"2022-04-19",Active,Senior Security Guar
2806,Stephany Jenkins,Female,"2019-11-30",Active,Senior Security Guar
2807,Brian Kelly,Female,"2021-07-06",Voluntarily Terminat,Senior Security Guar
2808,Keagan Villa,Female,"2018-11-27",Active,Senior Security Guar
2809,Kendra Foley,Male,"2023-01-30",Active,Security Guard
2810,Jabari Stanton,Male,"2022-11-17",Active,Security Guard
2811,Phoenix Farley,Male,"2018-08-13",Active,Security Guard
2812,Aurora Bass,Male,"2021-07-02",Terminated for Cause,Security Guard
2813,Enrique Parks,Male,"2022-06-28",Active,Security Guard
2814,Kylie Cox,Male,"2019-01-25",Active,Security Guard
2815,Luke Burke,Female,"2023-07-23",Active,Security Guard
2816,Ricardo Mcdonald,Female,"2022-07-25",Active,Security Guard
2817,Camila Hodges,Male,"2023-01-11",Active,Security Guard
2818,Tripp Sanders,Male,"2023-07-28",Active,Security Guard
2819,Davin Wade,Male,"2023-05-06",Active,Security Guard
2820,Pierce Bender,Male,"2022-09-18",Active,Security Guard
2821,Marin Mosley,Male,"2019-09-08",Active,Security Guard
2822,Barrett Sosa,Female,"2019-08-30",Active,Security Guard
2823,Eliezer Briggs,Female,"2023-05-22",Active,Security Guard
2824,Talan Garrett,Male,"2021-03-02",Active,Senior Security Guar
2825,Van Griffin,Male,"2023-02-13",Active,Senior Security Guar
2826,Roger Kaufman,Female,"2022-08-11",Leave of Absence,Senior Security Guar
2827,Ignacio Mcintyre,Female,"2020-02-19",Voluntarily Terminat,Senior Security Guar
2828,Jaydon Lambert,Female,"2021-10-15",Voluntarily Terminat,Senior Security Guar
2829,Serenity Carlson,Male,"2022-11-16",Active,Security Guard
2830,Leslie Maynard,Male,"2022-06-30",Active,Security Guard
2831,Craig Sherman,Male,"2021-07-28",Active,Security Guard
2832,Lilyana Huffman,Male,"2021-11-21",Active,Security Guard
2833,Jacey Reeves,Male,"2020-10-12",Active,Security Guard
2834,Madyson Silva,Female,"2018-10-02",Active,Security Guard
2835,Liberty Poole,Female,"2021-07-17",Active,Security Guard
2836,Antonio Romero,Female,"2022-04-13",Active,Security Guard
2837,Jaylen Butler,Male,"2021-03-20",Active,Security Guard
2838,Gloria Marks,Male,"2021-09-09",Active,Security Guard
2839,Jaylee Cunningham,Male,"2019-12-06",Active,Security Guard
2840,Jordon Wyatt,Male,"2023-04-26",Active,Security Guard
2841,Darien Doyle,Male,"2019-04-06",Active,Security Guard
2842,Ryan Rollins,Female,"2020-10-19",Voluntarily Terminat,Security Guard
2843,Manuel Haley,Male,"2021-11-22",Active,Senior Security Guar
2844,Litzy Lloyd,Male,"2020-12-30",Leave of Absence,Senior Security Guar
2845,Jett York,Female,"2020-09-03",Active,Senior Security Guar
2846,Natalia Bush,Female,"2019-10-14",Voluntarily Terminat,Senior Security Guar
2847,Mallory Carey,Female,"2021-02-19",Future Start,Senior Security Guar
2848,Pierre Tate,Male,"2022-03-13",Terminated for Cause,Security Guard
2849,Shannon Hurst,Male,"2018-10-02",Active,Security Guard
2850,Carleigh Schultz,Male,"2022-10-06",Active,Security Guard
2851,Rihanna Briggs,Male,"2020-09-21",Active,Security Guard
2852,Eden Levy,Male,"2021-12-06",Active,Security Guard
2853,Nathanial Davis,Male,"2022-11-16",Terminated for Cause,Security Guard
2854,Eileen Beard,Female,"2022-08-02",Active,Security Guard
2855,Kale Potter,Female,"2022-01-19",Active,Security Guard
2856,Sage Boyer,Female,"2022-04-09",Active,Security Guard
2857,Dane Owens,Male,"2019-07-19",Active,Security Guard
2858,Colin Simpson,Male,"2021-09-02",Active,Security Guard
2859,Rachel Buckley,Male,"2019-02-01",Active,Security Guard
2860,Maria Cameron,Male,"2023-04-13",Active,Security Guard
2861,Judith Savage,Male,"2018-10-06",Active,Security Guard
2862,Randall West,Male,"2020-03-24",Active,Senior Security Guar
2863,Caitlin Palmer,Male,"2021-10-08",Active,Senior Security Guar
2864,Luke Heath,Male,"2022-05-16",Active,Senior Security Guar
2865,Esperanza Horne,Female,"2022-05-10",Voluntarily Terminat,Senior Security Guar
2866,Jadon Mata,Female,"2021-11-16",Active,Senior Security Guar
2867,Gillian Hawkins,Female,"2019-02-25",Active,Senior Security Guar
2868,Lisa Griffin,Male,"2022-07-01",Active,Security Guard
2869,Nelson Carpenter,Male,"2022-12-17",Active,Security Guard
2870,Sanai Sweeney,Male,"2023-07-26",Active,Security Guard
2871,Tania Taylor,Male,"2022-03-11",Active,Security Guard
2872,Greta Horne,Male,"2020-06-29",Active,Security Guard
2873,Jordyn Snyder,Male,"2022-03-28",Active,Security Guard
2874,Alex Collins,Male,"2022-02-14",Active,Security Guard
2875,Harley Walker,Female,"2020-12-25",Active,Security Guard
2876,Luka Novak,Female,"2023-04-27",Active,Security Guard
2877,Skylar Riggs,Female,"2022-11-11",Active,Security Guard
2878,Shania Barrera,Male,"2021-05-04",Active,Security Guard
2879,Trystan Fernandez,Male,"2018-12-20",Active,Security Guard
2880,Aimee Berg,Female,"2021-06-11",Active,Security Guard
2881,Kyson Scott,Male,"2023-06-07",Active,Security Guard
2882,Lamar Kirk,Male,"2019-05-21",Voluntarily Terminat,Security Guard
2883,Slade Lynn,Male,"2019-03-01",Active,Senior Security Guar
2884,Riley Leon,Male,"2022-02-26",Active,Senior Security Guar
2885,Humberto Yoder,Male,"2022-04-14",Leave of Absence,Senior Security Guar
2886,Michelle Pearson,Male,"2020-08-06",Active,Senior Security Guar
2887,Natalya Reyes,Female,"2020-01-28",Voluntarily Terminat,Senior Security Guar
2888,Celia Mcpherson,Female,"2021-04-17",Future Start,Senior Security Guar
2889,Matias Barton,Female,"2019-09-29",Future Start,Senior Security Guar
2890,Caitlyn Vaughan,Male,"2022-10-07",Active,Security Guard
2891,Addyson Pollard,Male,"2021-08-11",Active,Security Guard
2892,Laila Wiggins,Male,"2021-04-10",Active,Security Guard
2893,Terrance Wiggins,Male,"2022-02-24",Active,Security Guard
2894,Aliza Pace,Male,"2022-07-01",Active,Security Guard
2895,Mauricio Stein,Male,"2023-04-04",Terminated for Cause,Security Guard
2896,Gia Winters,Male,"2021-10-25",Active,Security Guard
2897,Aidyn Cuevas,Female,"2022-03-04",Active,Security Guard
2898,Angel Santos,Female,"2019-12-20",Active,Security Guard
2899,Johnathan Huerta,Male,"2020-09-11",Active,Security Guard
2900,Katelyn Garner,Male,"2021-10-31",Active,Security Guard
2901,Deshawn Ayers,Female,"2018-10-21",Active,Security Guard
2902,Siena Meadows,Female,"2021-01-07",Active,Security Guard
2903,Presley Padilla,Male,"2023-02-09",Active,Security Guard
2904,Marquis Atkinson,Female,"2020-02-15",Voluntarily Terminat,Security Guard
2905,Gillian Williams,Male,"2022-10-14",Active,Senior Security Guar
2906,Anabel Hanna,Male,"2018-10-02",Active,Senior Security Guar
2907,Celeste Branch,Male,"2020-06-22",Active,Senior Security Guar
2908,Shyanne Cooper,Male,"2021-03-19",Active,Senior Security Guar
2909,Nancy Barrett,Female,"2019-03-28",Active,Senior Security Guar
2910,Ronan Burke,Female,"2022-05-01",Active,Senior Security Guar
2911,Estrella Ho,Male,"2018-08-07",Active,Security Guard
2912,Conor Petty,Male,"2022-05-01",Active,Security Guard
2913,Cheyanne Munoz,Male,"2019-12-03",Active,Security Guard
2914,Jaycee Osborn,Male,"2020-01-02",Active,Security Guard
2915,Jordyn Patel,Male,"2022-04-30",Terminated for Cause,Security Guard
2916,Michael Acosta,Male,"2020-07-04",Terminated for Cause,Security Guard
2917,Janiah Ball,Male,"2020-02-05",Active,Security Guard
2918,Brice Medina,Female,"2018-12-22",Active,Security Guard
2919,Ismael Bowers,Female,"2019-04-21",Active,Security Guard
2920,Caden Silva,Male,"2020-04-03",Active,Security Guard
2921,Yadira Dean,Female,"2018-09-22",Active,Security Guard
2922,Miles Roberts,Female,"2022-10-14",Active,Security Guard
2923,Joel Spence,Female,"2022-02-12",Active,Security Guard
2924,Kole Garrison,Male,"2021-03-23",Voluntarily Terminat,Security Guard
2925,Kaylin Andersen,Male,"2018-08-30",Active,Senior Security Guar
2926,Yareli Valdez,Male,"2022-12-10",Leave of Absence,Senior Security Guar
2927,Rubi Sanford,Male,"2023-02-04",Leave of Absence,Senior Security Guar
2928,Jayden Bolton,Female,"2021-01-10",Active,Senior Security Guar
2929,Izabella Watson,Female,"2020-08-19",Voluntarily Terminat,Senior Security Guar
2930,Jon Galvan,Female,"2023-04-21",Active,Senior Security Guar
2931,Halle Chan,Male,"2020-01-29",Terminated for Cause,Security Guard
2932,Braeden Moss,Male,"2021-08-19",Terminated for Cause,Security Guard
2933,Fernando Mcdowell,Male,"2021-03-18",Active,Security Guard
2934,Triston Ewing,Male,"2021-10-24",Active,Security Guard
2935,Pablo Yates,Male,"2020-10-03",Active,Security Guard
2936,Jordan Hayes,Male,"2023-02-21",Active,Security Guard
2937,Kianna Wilkerson,Male,"2020-08-01",Active,Security Guard
2938,Paul Steele,Male,"2023-01-08",Active,Security Guard
2939,Jason Moyer,Female,"2022-07-26",Active,Security Guard
2940,Larissa Taylor,Female,"2020-08-31",Active,Security Guard
2941,Aryanna Larson,Male,"2022-11-05",Active,Security Guard
2942,Eliana Hammond,Female,"2019-05-30",Active,Security Guard
2943,Adrien Krause,Female,"2019-12-09",Active,Security Guard
2944,Annie Galloway,Female,"2019-05-10",Active,Security Guard
2945,Kamryn Mckinney,Male,"2019-09-03",Voluntarily Terminat,Security Guard
2946,Dahlia Waller,Male,"2018-09-13",Active,Senior Security Guar
2947,Alonzo Bradley,Male,"2021-06-10",Active,Senior Security Guar
2948,Harley Soto,Male,"2019-10-08",Leave of Absence,Senior Security Guar
2949,Belen Vasquez,Female,"2021-06-03",Leave of Absence,Senior Security Guar
2950,Charlize Rocha,Female,"2018-09-14",Voluntarily Terminat,Senior Security Guar
2951,Aleena David,Female,"2019-05-26",Active,Senior Security Guar
2952,Bridger Alvarado,Female,"2019-07-05",Active,Senior Security Guar
2953,Cannon Morgan,Male,"2019-11-05",Active,Security Guard
2954,Weston Ramsey,Female,"2019-07-22",Active,Security Guard
2955,Adison Ray,Male,"2020-09-21",Active,Security Guard
2956,Aarav Espinoza,Male,"2019-11-11",Active,Security Guard
2957,Destiney Barry,Male,"2021-02-08",Active,Security Guard
2958,Ulises Herring,Male,"2020-06-01",Active,Security Guard
2959,Marquis Cardenas,Male,"2022-10-26",Terminated for Cause,Security Guard
2960,Miya Cruz,Female,"2019-02-12",Active,Security Guard
2961,Erin Floyd,Female,"2022-10-19",Active,Security Guard
2962,Gerald Johnston,Female,"2019-12-12",Active,Security Guard
2963,Kendrick Snyder,Male,"2021-11-29",Active,Security Guard
2964,Alyssa Proctor,Female,"2021-05-15",Active,Security Guard
2965,Manuel Stout,Female,"2023-01-27",Active,Security Guard
2966,Joanna Bradley,Male,"2020-07-03",Active,Security Guard
2967,Sade Smith,Female,"2022-12-26",Active,Security Guard
2968,Lowan M Biden,Female,"2018-12-23",Active,Security Guard
2969,Lauren Peters,Female,"2020-09-28",Voluntarily Terminat,Senior Security Guar
2970,Shenice Gold,Female,"2020-09-16",Active,Security Guard
2971,Brigit McCarthy,Female,"2020-02-09",Active,Senior Security Guar
2972,Cherly Robinson,Female,"2023-02-13",Active,Security Guard
2973,Jacquelyn Williams,Female,"2019-12-01",Active,Security Guard
2974,Kayla Peterson,Female,"2022-11-04",Active,Security Guard
2975,Bradley J Knapp,Male,"2021-04-14",Active,Security Guard
2976,Richard Newman,Male,"2021-08-13",Leave of Absence,Security Guard
2977,Benjamin Burkett,Male,"2020-08-28",Active,Senior Security Guar
2978,Sam Athwal,Male,"2022-08-16",Active,Security Guard
2979,Lauren Mahoney,Female,"2022-02-26",Active,Security Guard
2980,Theresa Tinto,Female,"2019-12-30",Active,Security Guard
2981,Caroline Cierpiszewski,Female,"2022-07-23",Active,Security Guard
2982,Tanya Foreman,Female,"2018-10-14",Active,Senior Security Guar
2983,Roger Walker,Male,"2021-02-20",Active,Senior Security Guar
2984,Tayana Jeannite,Female,"2020-03-28",Active,Senior Security Guar
2985,Anthony Heitzman,Male,"2019-02-05",Active,Security Guard
2986,Violeta Ferreira,Female,"2023-04-19",Active,Security Guard
2987,Geoff Dickinson,Male,"2020-09-24",Active,Security Guard
2988,Justice Gentry,Male,"2020-11-14",Active,Security Guard
2989,Kason Kramer,Female,"2021-09-16",Active,Security Guard
2990,Alfredo Perry,Female,"2019-04-21",Active,Security Guard
2991,Skyler Drake,Female,"2020-03-13",Active,Security Guard
2992,Moshe Copeland,Female,"2022-04-16",Active,Security Guard
2993,Harley Nunez,Male,"2019-03-18",Active,Security Guard
2994,Sammy Walter,Male,"2022-02-18",Active,Security Guard
2995,Ronnie Haas,Male,"2018-09-03",Active,Security Guard
2996,Kira Robertson,Female,"2022-06-15",Active,Security Guard
2997,Jaqueline Ford,Female,"2022-02-14",Active,Security Guard
2998,Trace Cherry,Male,"2023-07-09",Active,Security Guard
2999,Travis Cardenas,Male,"2018-10-28",Active,Security Guard
3000,Reyna Hicks,Male,"2022-07-09",Active,Security Guard
3001,Trent Sandoval,Male,"2018-09-27",Active,Security Guard
3002,Reginald Dougherty,Female,"2020-10-27",Active,Senior Security Guar
3003,Paul Greer,Female,"2021-10-01",Active,Senior Security Guar
3004,Tiara Velez,Female,"2019-08-29",Active,Senior Security Guar
3005,Mareli Wilson,Female,"2020-12-29",Active,Senior Security Guar
3006,Efrain Underwood,Female,"2022-10-04",Active,Senior Security Guar
3007,Madeline Powell,Female,"2019-03-21",Active,Senior Security Guar
3008,Alfred Goodman,Female,"2020-04-03",Active,Senior Security Guar
3009,Aracely Kelly,Male,"2019-06-02",Active,Security Guard
3010,Morgan Velazquez,Male,"2019-05-31",Leave of Absence,Security Guard
3011,Isla Becker,Female,"2020-01-06",Leave of Absence,Security Guard
3012,Scott Sanford,Female,"2018-08-19",Leave of Absence,Security Guard
3013,Deja Ritter,Female,"2019-05-18",Active,Security Guard
3014,Amelia Gamble,Male,"2022-11-23",Active,Security Guard
3015,Pranav Middleton,Male,"2020-12-02",Active,Security Guard
3016,Moshe Hunter,Male,"2022-01-05",Active,Security Guard
3017,Arjun Gibson,Female,"2023-04-16",Active,Security Guard
3018,Alaina Jenkins,Female,"2020-10-10",Active,Security Guard
3019,Elyse Morrow,Female,"2022-04-15",Active,Security Guard
3020,Lincoln Brady,Male,"2023-07-25",Active,Security Guard
3021,Allisson Braun,Male,"2020-08-31",Active,Security Guard
3022,Leonel Chang,Male,"2018-10-10",Active,Security Guard
3023,Marshall Lucas,Female,"2019-01-15",Voluntarily Terminat,Senior Security Guar
3024,Haiden Scott,Female,"2021-12-26",Active,Senior Security Guar
3025,Kyan Miranda,Female,"2022-05-23",Active,Senior Security Guar
3026,Ayanna Garrison,Female,"2022-08-23",Active,Senior Security Guar
3027,Alan Woods,Female,"2023-05-27",Active,Senior Security Guar
3028,Teagan Phelps,Female,"2018-08-10",Voluntarily Terminat,Senior Security Guar
3029,Malachi Burnett,Female,"2021-10-24",Active,Senior Security Guar
3030,Kadin Mcdowell,Female,"2022-07-05",Active,Senior Security Guar
3031,Reed Brandt,Male,"2022-01-22",Active,Security Guard
3032,Cristofer Schwartz,Male,"2023-03-27",Leave of Absence,Security Guard
3033,Jaelynn Salazar,Male,"2019-08-26",Leave of Absence,Security Guard
3034,Macie Hayes,Female,"2021-10-16",Active,Security Guard
3035,Rodney Snow,Female,"2019-06-14",Active,Security Guard
3036,Reece Potts,Female,"2020-07-05",Active,Security Guard
3037,Catalina Eaton,Male,"2020-03-02",Active,Security Guard
3038,Heidi Manning,Male,"2020-11-11",Active,Security Guard
3039,Marquis Johns,Female,"2019-12-22",Active,Security Guard
3040,Areli Torres,Female,"2020-12-14",Active,Security Guard
3041,Rey Morton,Female,"2020-06-20",Active,Security Guard
3042,Deven Gillespie,Female,"2023-06-09",Active,Security Guard
3043,Rowan Gilbert,Male,"2022-09-25",Active,Security Guard
3044,Cullen Ruiz,Male,"2020-08-26",Active,Security Guard
3045,Kamron Goodwin,Male,"2019-08-28",Active,Security Guard
3046,Claudia Melton,Female,"2023-06-02",Voluntarily Terminat,Senior Security Guar
3047,Francesca Lowe,Female,"2018-09-12",Active,Senior Security Guar
3048,Violet Horn,Female,"2023-07-15",Active,Senior Security Guar
3049,Carlie Wagner,Female,"2023-07-02",Active,Senior Security Guar
3050,Harmony Pruitt,Female,"2020-02-10",Active,Senior Security Guar
3051,Briley Huerta,Female,"2021-08-27",Voluntarily Terminat,Senior Security Guar
3052,Ean Barajas,Female,"2020-01-25",Active,Senior Security Guar
3053,Dayana Gregory,Female,"2020-03-26",Active,Senior Security Guar
3054,Zaniyah Mccarthy,Male,"2020-10-23",Active,Security Guard
3055,Matthias Simon,Male,"2020-12-27",Leave of Absence,Security Guard
3056,Lyric Butler,Female,"2022-06-21",Active,Security Guard
3057,Bridger Duran,Female,"2022-11-09",Leave of Absence,Security Guard
3058,Amirah Cline,Male,"2019-02-11",Leave of Absence,Security Guard
3059,Izaiah Gallagher,Female,"2021-03-28",Active,Security Guard
3060,Marcelo Galvan,Male,"2020-08-29",Active,Security Guard
3061,Kaylynn Odom,Male,"2023-01-03",Active,Security Guard
3062,Oliver Dalton,Female,"2022-11-28",Active,Security Guard
3063,Patience Henry,Female,"2021-12-22",Active,Security Guard
3064,London Pennington,Female,"2023-07-08",Active,Security Guard
3065,Anna Salazar,Female,"2021-04-21",Active,Security Guard
3066,Vicente Davis,Male,"2022-07-28",Active,Security Guard
3067,Annabel Lewis,Male,"2019-11-05",Active,Security Guard
3068,Alana Nunez,Male,"2022-05-22",Terminated for Cause,Security Guard
3069,Jaylen Donaldson,Female,"2019-10-19",Active,Senior Security Guar
3070,Malakai Shelton,Female,"2019-12-25",Active,Senior Security Guar
3071,Erick Wood,Female,"2022-11-04",Active,Senior Security Guar
3072,Daniel Frye,Female,"2023-04-26",Active,Senior Security Guar
3073,Jayvon Simpson,Female,"2022-10-26",Voluntarily Terminat,Senior Security Guar
3074,Bryant Singleton,Female,"2020-07-14",Voluntarily Terminat,Senior Security Guar
3075,Adam Meza,Female,"2023-03-12",Active,Senior Security Guar
3076,Omari Keller,Male,"2023-04-26",Active,Senior Security Guar
3077,Asher Miles,Male,"2022-09-17",Active,Security Guard
3078,Makaila Baxter,Male,"2021-01-08",Active,Security Guard
3079,Tommy Carter,Female,"2020-12-18",Leave of Absence,Security Guard
3080,Zavier Reese,Female,"2020-09-12",Leave of Absence,Security Guard
3081,Colt Kemp,Male,"2020-10-20",Active,Security Guard
3082,Marco Robles,Female,"2022-11-18",Active,Security Guard
3083,Nick Palmer,Male,"2023-01-14",Active,Security Guard
3084,Mekhi Hopkins,Male,"2020-10-27",Active,Security Guard
3085,Eileen Oneal,Female,"2020-08-29",Active,Security Guard
3086,Alani Cooley,Female,"2019-12-23",Active,Security Guard
3087,Corinne Campos,Female,"2023-07-03",Active,Security Guard
3088,Heaven Nelson,Female,"2022-09-26",Active,Security Guard
3089,Baylee Castaneda,Female,"2020-05-09",Active,Security Guard
3090,Morgan Roth,Male,"2023-03-08",Active,Security Guard
3091,Kali Hensley,Male,"2019-02-27",Terminated for Cause,Security Guard
3092,Beckett Sandoval,Female,"2020-01-12",Active,Senior Security Guar
3093,Isabell Meadows,Female,"2019-06-29",Active,Senior Security Guar
3094,Jordin Alexander,Female,"2021-07-15",Active,Senior Security Guar
3095,Frederick Carney,Female,"2022-08-19",Active,Senior Security Guar
3096,Baron Lindsey,Female,"2019-09-23",Voluntarily Terminat,Senior Security Guar
3097,Rigoberto Gentry,Female,"2020-10-11",Voluntarily Terminat,Senior Security Guar
3098,Rayne Chambers,Male,"2021-08-18",Active,Senior Security Guar
3099,Laila Simmons,Male,"2022-12-17",Active,Security Guard
3100,Carsen Schmidt,Female,"2020-10-25",Active,Security Guard
3101,Bethany Mckay,Female,"2023-01-23",Active,Security Guard
3102,Eden Robles,Male,"2019-03-15",Leave of Absence,Security Guard
3103,Abel Snow,Male,"2023-07-06",Leave of Absence,Security Guard
3104,Ashton Winters,Female,"2022-05-29",Active,Security Guard
3105,Josie Melton,Male,"2020-06-07",Active,Security Guard
3106,Bruno Jimenez,Male,"2020-03-21",Active,Security Guard
3107,Elijah Barr,Female,"2021-06-21",Active,Security Guard
3108,Oswaldo Hanson,Female,"2021-10-22",Active,Security Guard
3109,Samara Roberson,Female,"2018-10-20",Active,Security Guard
3110,Luis Frazier,Female,"2022-03-16",Active,Security Guard
3111,Jaquan Hancock,Female,"2018-12-13",Active,Security Guard
3112,Emanuel George,Male,"2021-10-08",Terminated for Cause,Security Guard
3113,Giselle Calderon,Female,"2019-02-03",Active,Senior Security Guar
3114,Cullen French,Female,"2018-09-30",Active,Senior Security Guar
3115,Braiden Kirby,Female,"2021-07-12",Active,Senior Security Guar
3116,Johnathan Harmon,Female,"2021-03-04",Active,Senior Security Guar
3117,Camren Bridges,Female,"2019-10-27",Active,Senior Security Guar
3118,Jeramiah Chandler,Female,"2019-01-28",Voluntarily Terminat,Senior Security Guar
3119,Dana Stevenson,Male,"2021-01-10",Active,Security Guard
3120,Angelique Hogan,Female,"2021-08-05",Active,Security Guard
3121,Moriah Dodson,Female,"2022-11-07",Active,Security Guard
3122,Connor Bray,Female,"2022-01-23",Leave of Absence,Security Guard
3123,Zaiden Leblanc,Male,"2021-07-12",Active,Security Guard
3124,Taliyah Yang,Female,"2019-01-05",Leave of Absence,Security Guard
3125,Boston Cochran,Male,"2020-04-07",Leave of Absence,Security Guard
3126,Amelia Mueller,Male,"2022-04-27",Active,Security Guard
3127,Lillianna Hull,Male,"2022-06-14",Active,Security Guard
3128,Laci Frederick,Female,"2019-01-13",Active,Security Guard
3129,Jayda Chapman,Female,"2019-06-21",Active,Security Guard
3130,Kennedy Beard,Female,"2020-08-10",Active,Security Guard
3131,Alma Hanna,Female,"2021-04-13",Active,Security Guard
3132,Ximena Suarez,Female,"2020-04-27",Active,Security Guard
3133,Aydin Dixon,Male,"2022-02-25",Terminated for Cause,Security Guard
3134,Heidi Joyce,Female,"2018-12-06",Active,Senior Security Guar
3135,Elle Spears,Female,"2020-03-12",Active,Senior Security Guar
3136,Cesar Anderson,Female,"2022-11-16",Active,Senior Security Guar
3137,Dean Mckenzie,Female,"2018-12-09",Voluntarily Terminat,Senior Security Guar
3138,Isabell Wu,Female,"2022-12-25",Voluntarily Terminat,Senior Security Guar
3139,Kenny Blanchard,Female,"2021-11-19",Active,Senior Security Guar
3140,Evie Beard,Male,"2022-03-01",Active,Security Guard
3141,Aliya Morton,Male,"2021-03-17",Active,Security Guard
3142,Ingrid Wilkins,Female,"2021-02-10",Active,Security Guard
3143,Morgan Elliott,Female,"2018-09-28",Active,Security Guard
3144,Shannon Lambert,Male,"2021-02-09",Active,Security Guard
3145,Prince Petty,Male,"2020-09-27",Leave of Absence,Security Guard
3146,Abril Joseph,Female,"2018-12-16",Active,Security Guard
3147,Bobby Levy,Male,"2023-07-17",Active,Security Guard
3148,Gustavo Durham,Male,"2020-05-28",Active,Security Guard
3149,Teagan Stevens,Female,"2021-03-01",Active,Security Guard
3150,Neil Patton,Female,"2022-02-12",Active,Security Guard
3151,Khalil Guzman,Female,"2022-02-26",Active,Security Guard
3152,Alaina Mayo,Female,"2022-07-05",Active,Security Guard
3153,Jagger Morgan,Female,"2019-11-29",Active,Security Guard
3154,Donavan Kennedy,Female,"2019-02-22",Active,Security Guard
3155,Amy Frederick,Male,"2020-07-16",Terminated for Cause,Security Guard
3156,Pierce Charles,Female,"2019-07-18",Voluntarily Terminat,Senior Security Guar
3157,Deegan Pham,Female,"2019-03-10",Active,Senior Security Guar
3158,Seth Oneill,Female,"2023-05-30",Active,Senior Security Guar
3159,Mollie Woodward,Female,"2018-08-23",Active,Senior Security Guar
3160,Baylee Warner,Female,"2019-03-06",Active,Senior Security Guar
3161,Celeste Allison,Female,"2023-08-01",Voluntarily Terminat,Senior Security Guar
3162,Camryn Clark,Male,"2020-02-24",Active,Senior Security Guar
3163,Geovanni Crawford,Male,"2019-09-26",Active,Security Guard
3164,Danielle Blanchard,Female,"2022-12-07",Voluntarily Terminat,Security Guard
3165,Kasey Pineda,Female,"2019-03-08",Active,Security Guard
3166,Kenzie Friedman,Female,"2019-08-06",Active,Security Guard
3167,Destinee Mejia,Male,"2019-06-19",Active,Security Guard
3168,Deshawn Henry,Male,"2022-02-08",Leave of Absence,Security Guard
3169,Cristian Ritter,Female,"2019-06-08",Active,Security Guard
3170,Demarcus Huffman,Male,"2022-01-28",Active,Security Guard
3171,Regina Lopez,Female,"2020-08-26",Active,Security Guard
3172,Justice Clark,Female,"2019-04-22",Active,Security Guard
3173,Tucker Sweeney,Female,"2022-12-21",Active,Security Guard
3174,Roy Pratt,Female,"2022-10-12",Active,Security Guard
3175,Raphael Whitney,Female,"2023-07-23",Active,Security Guard
3176,Cade Palmer,Female,"2018-12-13",Active,Security Guard
3177,Abel Potts,Female,"2019-09-30",Terminated for Cause,Security Guard
3178,Wayne Leon,Female,"2020-01-24",Voluntarily Terminat,Senior Security Guar
3179,Amya Armstrong,Male,"2020-12-23",Active,Senior Security Guar
3180,Johnny Whitehead,Female,"2019-06-07",Voluntarily Terminat,Senior Security Guar
3181,Antwan Clayton,Female,"2019-12-25",Active,Senior Security Guar
3182,Dexter Preston,Female,"2023-01-26",Active,Senior Security Guar
3183,Uriah Guerrero,Male,"2022-11-03",Voluntarily Terminat,Senior Security Guar
3184,Dakota Oliver,Female,"2022-05-13",Active,Security Guard
3185,Selena Yoder,Female,"2020-09-23",Voluntarily Terminat,Security Guard
3186,Kaila Flowers,Female,"2021-08-29",Active,Security Guard
3187,Dashawn Ramirez,Female,"2022-12-13",Active,Security Guard
3188,Meghan Ray,Male,"2022-11-06",Active,Security Guard
3189,Jasiah Palmer,Female,"2023-08-04",Active,Security Guard
3190,Jaiden Hawkins,Male,"2020-11-15",Active,Security Guard
3191,Monserrat Miranda,Male,"2022-07-06",Active,Security Guard
3192,Johnathon Lynch,Female,"2019-04-21",Active,Security Guard
3193,Dayanara Murray,Female,"2021-08-28",Active,Security Guard
3194,Alessandro Sawyer,Female,"2021-03-25",Active,Security Guard
3195,Kaylen Hogan,Female,"2020-07-16",Active,Security Guard
3196,Karley Michael,Female,"2018-11-28",Active,Security Guard
3197,Erik Parks,Female,"2019-06-27",Active,Security Guard
3198,Violet Bennett,Female,"2023-01-04",Active,Security Guard
3199,Hannah Jacobi,Female,"2018-11-22",Active,Security Guard
3200,Peter Robertson,Male,"2021-01-08",Active,Senior Security Guar
3201,Josephine Bugali,Female,"2022-11-18",Active,Security Guard
3202,Dallas Leach,Female,"2020-06-21",Voluntarily Terminat,Security Guard
3203,Marianne Eaton,Female,"2021-01-19",Voluntarily Terminat,Security Guard
3204,Bruno Rossetti,Male,"2023-06-04",Active,Security Guard
3205,Roxana Goyal,Female,"2020-08-13",Leave of Absence,Security Guard
3206,Thomas Barbara,Male,"2019-09-06",Active,Security Guard
3207,Lynn O'hare,Female,"2022-03-27",Active,Security Guard
3208,Abdellah Veera,Male,"2020-12-25",Voluntarily Terminat,Security Guard
3209,Daniel Davis,Male,"2021-04-24",Active,Senior Security Guar
3210,Barbara M Stanford,Female,"2020-05-12",Active,Security Guard
3211,Phylicia Gosciminski,Female,"2023-05-23",Active,Senior Security Guar
3212,Mohammed Latif,Male,"2020-12-27",Voluntarily Terminat,Senior Security Guar
3213,Hamish Garneau,Male,"2018-11-17",Active,Security Guard
3214,Morissa Power,Female,"2019-07-16",Active,Security Guard
3215,Jason Woodson,Male,"2020-01-25",Active,Senior Security Guar
3216,Janine Purinton,Female,"2021-08-16",Active,Security Guard
3217,Sarah Akinkuolie,Female,"2019-01-20",Voluntarily Terminat,Senior Security Guar
3218,Spencer Cole,Male,"2018-09-04",Active,Security Guard
3219,Luisa Monterro,Female,"2019-09-20",Active,Senior Security Guar
3220,Sandy Mckenna,Female,"2023-07-24",Active,Security Guard
3221,Savanah Baker,Male,"2023-07-05",Active,Security Guard
3222,Gloria Small,Female,"2021-01-11",Active,Security Guard
3223,Alisa Aguirre,Female,"2022-11-06",Active,Security Guard
3224,Sterling Davila,Female,"2023-04-03",Active,Security Guard
3225,Saniya Bradley,Female,"2021-06-07",Active,Security Guard
3226,Drake Ashley,Female,"2019-01-20",Active,Security Guard
3227,Rosemary Manning,Female,"2021-11-20",Leave of Absence,Security Guard
3228,Adrianna Johnston,Male,"2019-05-27",Voluntarily Terminat,Security Guard
3229,Ruby Bean,Male,"2022-12-18",Active,Security Guard
3230,Annalise Avila,Female,"2021-05-13",Leave of Absence,Security Guard
3231,Carley Irwin,Female,"2021-05-24",Active,Security Guard
3232,Makenzie Mercer,Male,"2021-10-06",Leave of Absence,Security Guard
3233,Julia Vargas,Male,"2020-08-22",Leave of Absence,Security Guard
3234,Parker Harrison,Male,"2021-08-23",Active,Security Guard
3235,Emmett York,Male,"2021-12-23",Active,Security Guard
3236,Landin Walton,Female,"2022-01-24",Active,Senior Security Guar
3237,Landon Mayo,Male,"2022-11-21",Active,Senior Security Guar
3238,Abby Estes,Male,"2018-12-04",Voluntarily Terminat,Senior Security Guar
3239,Rachael Pena,Male,"2019-06-02",Active,Senior Security Guar
3240,Kyan Fritz,Female,"2018-08-12",Voluntarily Terminat,Senior Security Guar
3241,Lana Vega,Female,"2022-05-15",Active,Senior Security Guar
3242,Alma Fischer,Male,"2021-11-23",Voluntarily Terminat,Security Guard
3243,Harley Peterson,Male,"2020-12-13",Active,Security Guard
3244,Kade Stokes,Female,"2021-07-28",Active,Security Guard
3245,Leonel Tanner,Female,"2019-06-07",Terminated for Cause,Security Guard
3246,Natalia Burns,Female,"2019-06-12",Terminated for Cause,Security Guard
3247,Hailee Raymond,Female,"2023-04-20",Active,Security Guard
3248,Micah Douglas,Female,"2018-08-07",Active,Security Guard
3249,Kaley Pollard,Male,"2018-12-06",Active,Security Guard
3250,Seth Fletcher,Male,"2021-03-25",Active,Security Guard
3251,Elliana Thomas,Male,"2019-02-15",Voluntarily Terminat,Security Guard
3252,Edward Chung,Female,"2023-03-14",Active,Security Guard
3253,Tessa Estes,Female,"2019-09-01",Leave of Absence,Security Guard
3254,Charlie Carson,Male,"2021-02-23",Leave of Absence,Security Guard
3255,Lawson Zuniga,Male,"2023-03-22",Active,Security Guard
3256,Coleman Huffman,Male,"2019-01-24",Active,Security Guard
3257,Sanaa Reilly,Female,"2020-11-19",Active,Senior Security Guar
3258,Slade Randolph,Male,"2023-02-15",Active,Senior Security Guar
3259,Dania Hale,Male,"2022-05-09",Voluntarily Terminat,Senior Security Guar
3260,Roland Orozco,Male,"2021-10-06",Active,Senior Security Guar
3261,Kaylen Fisher,Male,"2021-01-17",Leave of Absence,Senior Security Guar
3262,Kasey Preston,Female,"2022-03-22",Active,Senior Security Guar
3263,Cruz Davila,Male,"2022-04-20",Voluntarily Terminat,Security Guard
3264,Alani Phillips,Male,"2021-12-31",Terminated for Cause,Security Guard
3265,Giovanni Klein,Female,"2018-10-31",Active,Security Guard
3266,Max Mahoney,Female,"2020-07-24",Active,Security Guard
3267,Perla Terry,Female,"2019-12-12",Active,Security Guard
3268,Makai Ochoa,Female,"2023-06-22",Active,Security Guard
3269,Caiden Hogan,Male,"2021-06-20",Active,Security Guard
3270,Brandon Dickerson,Male,"2019-10-31",Active,Security Guard
3271,Taryn Snow,Male,"2019-07-02",Voluntarily Terminat,Security Guard
3272,Monserrat Cooke,Male,"2023-02-10",Active,Security Guard
3273,Zaria Mcintosh,Female,"2022-09-16",Active,Security Guard
3274,Arely May,Female,"2020-01-21",Leave of Absence,Security Guard
3275,Gina Kent,Male,"2022-11-16",Active,Security Guard
3276,Catherine Anthony,Male,"2021-01-25",Active,Security Guard
3277,Wade Beltran,Female,"2023-06-16",Active,Senior Security Guar
3278,Mina Bryant,Female,"2020-09-08",Active,Senior Security Guar
3279,Jonas Everett,Male,"2019-01-23",Active,Senior Security Guar
3280,Makaila Pham,Male,"2023-05-29",Voluntarily Terminat,Senior Security Guar
3281,Gloria Rose,Male,"2019-08-16",Active,Senior Security Guar
3282,Rebekah Carpenter,Female,"2020-06-04",Active,Senior Security Guar
3283,Iris Reynolds,Female,"2020-07-21",Active,Senior Security Guar
3284,Kennedi Howell,Male,"2022-08-21",Voluntarily Terminat,Security Guard
3285,Rashad Sutton,Male,"2021-07-16",Terminated for Cause,Security Guard
3286,Regan Conrad,Female,"2019-11-06",Active,Security Guard
3287,Litzy Arias,Female,"2021-01-01",Active,Security Guard
3288,Eden Silva,Female,"2019-09-24",Active,Security Guard
3289,Kinley Serrano,Female,"2020-05-17",Active,Security Guard
3290,Jaiden Middleton,Male,"2018-08-07",Active,Security Guard
3291,Shamar Serrano,Male,"2023-08-01",Active,Security Guard
3292,Nadia Romero,Male,"2019-01-12",Voluntarily Terminat,Security Guard
3293,Lillianna Hill,Female,"2021-04-09",Voluntarily Terminat,Security Guard
3294,Brent Henry,Female,"2022-06-04",Leave of Absence,Security Guard
3295,Emmanuel Perkins,Female,"2019-05-31",Active,Security Guard
3296,Isis Brooks,Male,"2019-01-07",Leave of Absence,Security Guard
3297,Axel Dunlap,Male,"2020-07-18",Leave of Absence,Security Guard
3298,Tatum Petty,Female,"2020-11-19",Active,Senior Security Guar
3299,Devyn Pace,Male,"2022-11-10",Active,Senior Security Guar
3300,Rosemary Becker,Male,"2021-03-25",Active,Senior Security Guar
3301,Amiah Sweeney,Male,"2019-05-13",Voluntarily Terminat,Senior Security Guar
3302,Maya Mccoy,Female,"2019-06-07",Leave of Absence,Senior Security Guar
3303,Ty Page,Female,"2023-02-18",Active,Senior Security Guar
3304,Destiney Kirby,Female,"2019-04-02",Active,Senior Security Guar
3305,Jace Galloway,Female,"2020-11-30",Voluntarily Terminat,Security Guard
3306,Justice Guerra,Male,"2022-09-24",Voluntarily Terminat,Security Guard
3307,Quincy Cardenas,Male,"2019-06-21",Active,Security Guard
3308,Alyvia Mitchell,Female,"2022-06-10",Active,Security Guard
3309,Lillie Potter,Female,"2020-10-18",Active,Security Guard
3310,George Fritz,Female,"2022-02-02",Active,Security Guard
3311,William Avila,Female,"2021-06-17",Active,Security Guard
3312,Saniya Mosley,Male,"2018-12-01",Active,Security Guard
3313,Aimee Davila,Male,"2021-05-09",Active,Security Guard
3314,German Hobbs,Male,"2019-01-01",Active,Security Guard
3315,Amy Pace,Female,"2018-10-13",Voluntarily Terminat,Security Guard
3316,Bronson Houston,Female,"2020-04-25",Leave of Absence,Security Guard
3317,Shyann Hurst,Female,"2022-03-17",Active,Security Guard
3318,Maddison Dixon,Male,"2019-11-18",Leave of Absence,Security Guard
3319,Madelynn Murillo,Female,"2019-10-09",Active,Senior Security Guar
3320,Zachery Moreno,Male,"2020-05-18",Active,Senior Security Guar
3321,Tatum Terrell,Male,"2019-02-17",Active,Senior Security Guar
3322,Roland Berg,Male,"2020-07-31",Voluntarily Terminat,Senior Security Guar
3323,Lilliana Cowan,Female,"2023-06-17",Leave of Absence,Senior Security Guar
3324,Beatrice Vance,Female,"2019-06-30",Leave of Absence,Senior Security Guar
3325,Andrea Khan,Female,"2021-07-13",Voluntarily Terminat,Senior Security Guar
3326,Keagan Vaughan,Male,"2022-01-14",Active,Security Guard
3327,Selah Ibarra,Female,"2020-01-01",Active,Security Guard
3328,Braylen Cruz,Male,"2020-10-24",Voluntarily Terminat,Security Guard
3329,Gabriel Smith,Male,"2020-10-24",Active,Security Guard
3330,Esther Willis,Female,"2020-08-09",Active,Security Guard
3331,Sydney Chang,Female,"2019-03-24",Active,Security Guard
3332,Will Morse,Female,"2022-10-29",Active,Security Guard
3333,Yael Sexton,Male,"2023-05-16",Active,Security Guard
3334,Brendon Ryan,Male,"2023-05-30",Active,Security Guard
3335,Abbigail Solis,Male,"2019-06-28",Voluntarily Terminat,Security Guard
3336,Sincere Preston,Male,"2023-03-25",Voluntarily Terminat,Security Guard
3337,Jorge Pineda,Female,"2022-08-26",Active,Security Guard
3338,Aspen Underwood,Female,"2019-11-15",Active,Security Guard
3339,Alyson Hickman,Male,"2021-08-22",Active,Security Guard
3340,Mina Hancock,Male,"2022-11-29",Active,Security Guard
3341,Konner Sheppard,Female,"2022-10-15",Active,Senior Security Guar
3342,London Nunez,Male,"2021-07-31",Active,Senior Security Guar
3343,Seth Huff,Male,"2022-02-21",Active,Senior Security Guar
3344,Justine Villanueva,Male,"2021-08-29",Active,Senior Security Guar
3345,Moshe Anderson,Male,"2021-12-13",Voluntarily Terminat,Senior Security Guar
3346,Kadyn Bush,Female,"2021-03-30",Leave of Absence,Senior Security Guar
3347,Ahmed Lindsey,Female,"2021-02-02",Leave of Absence,Senior Security Guar
3348,Ryder Bray,Female,"2019-10-31",Active,Senior Security Guar
3349,Taylor Bonilla,Male,"2022-11-07",Active,Security Guard
3350,Jalen Richmond,Female,"2022-11-20",Active,Security Guard
3351,Kayden Hill,Male,"2021-12-15",Voluntarily Terminat,Security Guard
3352,Aubree Mooney,Male,"2023-02-22",Active,Security Guard
3353,Haven Donaldson,Female,"2020-03-29",Active,Security Guard
3354,Neil Dunn,Female,"2021-08-09",Active,Security Guard
3355,Darryl Ponce,Female,"2023-01-02",Active,Security Guard
3356,Cade Heath,Female,"2018-11-10",Active,Security Guard
3357,Sidney Hooper,Male,"2022-08-30",Active,Security Guard
3358,Johnathan Mayo,Male,"2021-07-30",Leave of Absence,Security Guard
3359,Anika Arroyo,Male,"2020-11-29",Active,Security Guard
3360,Fatima Kemp,Female,"2021-03-24",Active,Security Guard
3361,Lilianna Conway,Female,"2020-12-29",Voluntarily Terminat,Security Guard
3362,Tony Cooke,Female,"2021-08-02",Active,Security Guard
3363,Trevor Barry,Male,"2022-03-30",Active,Security Guard
3364,Marisa Frank,Female,"2021-03-05",Active,Senior Security Guar
3365,Shania Flores,Male,"2020-12-02",Active,Senior Security Guar
3366,Andre Allison,Male,"2019-01-20",Voluntarily Terminat,Senior Security Guar
3367,Destiny Bright,Male,"2020-05-30",Voluntarily Terminat,Senior Security Guar
3368,Karli Parks,Male,"2019-11-14",Leave of Absence,Senior Security Guar
3369,Mylie Callahan,Female,"2022-07-27",Leave of Absence,Senior Security Guar
3370,Jadiel Dickson,Female,"2022-06-20",Active,Senior Security Guar
3371,Aliya Moss,Female,"2022-12-20",Voluntarily Terminat,Senior Security Guar
3372,Kylie Roman,Female,"2023-01-14",Voluntarily Terminat,Security Guard
3373,Karter Thornton,Male,"2018-09-22",Active,Security Guard
3374,Ronald Bullock,Male,"2022-09-24",Voluntarily Terminat,Security Guard
3375,Sharon Beltran,Female,"2020-06-08",Voluntarily Terminat,Security Guard
3376,Maren Anderson,Female,"2023-07-06",Active,Security Guard
3377,Cruz Ashley,Female,"2020-02-24",Active,Security Guard
3378,Enzo Carney,Female,"2021-05-26",Active,Security Guard
3379,Marquis Joseph,Female,"2023-04-09",Leave of Absence,Security Guard
3380,Victor Ibarra,Male,"2023-06-27",Active,Security Guard
3381,Annabelle Marquez,Male,"2022-12-20",Active,Security Guard
3382,Romeo Gordon,Male,"2018-11-10",Active,Security Guard
3383,Aimee Hughes,Female,"2020-08-13",Voluntarily Terminat,Security Guard
3384,Dennis Hays,Female,"2019-03-07",Active,Security Guard
3385,Kelly Fritz,Female,"2022-03-13",Active,Security Guard
3386,Darnell Shelton,Female,"2019-11-25",Active,Senior Security Guar
3387,Sabrina Holt,Male,"2019-03-06",Active,Senior Security Guar
3388,Zoie Logan,Male,"2019-04-19",Active,Senior Security Guar
3389,Finley Medina,Male,"2020-08-12",Active,Senior Security Guar
3390,Lizeth Middleton,Female,"2022-10-21",Leave of Absence,Senior Security Guar
3391,Odin Camacho,Female,"2020-01-13",Active,Senior Security Guar
3392,Dakota Lowery,Female,"2019-11-18",Voluntarily Terminat,Senior Security Guar
3393,Skyla Santiago,Female,"2018-08-25",Active,Security Guard
3394,Harley Beard,Male,"2021-05-24",Active,Security Guard
3395,Summer Barber,Female,"2021-06-09",Voluntarily Terminat,Security Guard
3396,Stephen Mcmillan,Female,"2021-04-05",Voluntarily Terminat,Security Guard
3397,Rylan Garrison,Female,"2022-11-05",Active,Security Guard
3398,Kyler Cherry,Female,"2019-11-09",Active,Security Guard
3399,Corinne Reeves,Female,"2022-06-05",Active,Security Guard
3400,Lorenzo Short,Female,"2021-09-21",Active,Security Guard
3401,Taniya Kane,Male,"2021-11-10",Leave of Absence,Security Guard
3402,Nevaeh Mcmillan,Male,"2021-03-03",Voluntarily Terminat,Security Guard
3403,Dillon Larson,Female,"2021-02-19",Voluntarily Terminat,Security Guard
3404,Willie Howe,Female,"2019-04-25",Leave of Absence,Security Guard
3405,Selina Jefferson,Female,"2020-01-13",Leave of Absence,Security Guard
3406,Serenity Montgomery,Female,"2020-03-25",Voluntarily Terminat,Security Guard
3407,Kamila Sanders,Female,"2021-04-15",Active,Senior Security Guar
3408,Rose Mcguire,Male,"2022-12-15",Voluntarily Terminat,Senior Security Guar
3409,Brenton Zavala,Male,"2022-10-08",Active,Senior Security Guar
3410,Laci Klein,Male,"2018-12-18",Active,Senior Security Guar
3411,Brenda Boone,Female,"2022-10-06",Active,Senior Security Guar
3412,Andrea Walters,Female,"2019-12-28",Active,Senior Security Guar
3413,Jovanny Matthews,Female,"2019-11-25",Active,Senior Security Guar
3414,Hunter Silva,Female,"2022-06-03",Active,Security Guard
3415,Julien Cisneros,Male,"2022-09-09",Voluntarily Terminat,Security Guard
3416,Aron Waters,Male,"2020-10-02",Active,Security Guard
3417,Brayden Singh,Female,"2022-02-07",Active,Security Guard
3418,Karma Palmer,Female,"2022-10-14",Active,Security Guard
3419,Stanley Reyes,Female,"2019-10-14",Active,Security Guard
3420,Levi Hayden,Female,"2020-10-10",Active,Security Guard
3421,Brenden Leach,Female,"2022-05-09",Active,Security Guard
3422,Jakobe Erickson,Female,"2022-06-22",Leave of Absence,Security Guard
3423,Adyson Strickland,Male,"2020-12-28",Active,Security Guard
3424,Annabel Wilkins,Male,"2020-12-09",Voluntarily Terminat,Security Guard
3425,Kendra Braun,Female,"2019-05-28",Voluntarily Terminat,Security Guard
3426,Chace Kerr,Female,"2022-04-27",Active,Security Guard
3427,Uriah Bridges,Female,"2019-09-20",Active,Security Guard
3428,Paula Small,Male,"2023-02-11",Active,Security Guard
3429,Edward Buck,Male,"2018-12-10",Active,Site Supervisor
3430,Michael Riordan,Male,"2021-06-21",Active,Site Supervisor
3431,Jasmine Onque,Female,"2019-06-29",Active,Site Supervisor
3432,Maruk Fraval,Male,"2020-01-17",Active,Site Supervisor
3433,Latia Costa,Female,"2022-04-06",Active,Site Supervisor
3434,Sharlene Terry,Female,"2020-11-06",Active,Site Supervisor
3435,Jac McKinzie,Male,"2018-08-18",Active,Site Supervisor
3436,Joseph Martins,Male,"2022-01-21",Active,Site Supervisor
3437,Myriam Givens,Female,"2023-08-04",Active,Site Supervisor
3438,Dheepa Nguyen,Female,"2018-08-10",Active,Site Supervisor
3439,Bartholemew Khemmich,Male,"2022-05-25",Active,Site Supervisor
3440,Xana Potts,Female,"2019-12-05",Active,Site Supervisor
3441,Prater Jeremy,Male,"2019-04-28",Active,Site Supervisor
3442,Kaylah Moon,Male,"2019-07-09",Active,Site Supervisor
3443,Kristen Tate,Male,"2021-04-05",Active,Site Supervisor
3444,Bobby Rodgers,Male,"2021-11-28",Active,Site Supervisor
3445,Reid Park,Female,"2021-01-16",Active,Site Supervisor
3446,Hector Dalton,Female,"2021-08-24",Active,Site Supervisor
3447,Mariela Schultz,Female,"2020-05-26",Future Start,Site Supervisor
3448,Angela Molina,Male,"2019-10-01",Future Start,Site Supervisor
3449,Gerald Preston,Male,"2023-05-10",Future Start,Site Supervisor
3450,Reilly Moyer,Male,"2020-09-01",Active,Site Supervisor
3451,Carlee French,Male,"2021-02-18",Active,Site Supervisor
3452,Jaydon Blackburn,Male,"2022-11-08",Active,Site Supervisor
3453,Bridger Carter,Male,"2022-10-13",Active,Site Supervisor
3454,Leon Beard,Male,"2022-09-11",Active,Site Supervisor
3455,Charity Miranda,Male,"2021-06-29",Active,Site Supervisor
3456,Axel Howe,Female,"2023-03-06",Active,Site Supervisor
3457,Milton Wall,Female,"2020-09-25",Active,Site Supervisor
3458,Cory Robinson,Female,"2022-04-28",Future Start,Site Supervisor
3459,Saniya Yu,Male,"2021-04-18",Future Start,Site Supervisor
3460,Alisa James,Male,"2020-02-19",Active,Site Supervisor
3461,Lincoln Compton,Male,"2019-07-18",Future Start,Site Supervisor
3462,Aliana Nolan,Male,"2018-09-13",Active,Site Supervisor
3463,Kayden Dodson,Male,"2020-04-30",Active,Site Supervisor
3464,James Duke,Male,"2018-12-03",Active,Site Supervisor
3465,Willow Stuart,Male,"2021-11-08",Active,Site Supervisor
3466,Clayton Walker,Male,"2022-04-13",Active,Site Supervisor
3467,Celia Curtis,Female,"2020-05-06",Active,Site Supervisor
3468,Valentin Reilly,Female,"2019-09-09",Active,Site Supervisor
3469,Ryland Shepherd,Female,"2020-07-29",Future Start,Site Supervisor
3470,Esteban Gilbert,Female,"2018-11-14",Future Start,Site Supervisor
3471,Jonathan Adkins,Male,"2020-02-29",Active,Site Supervisor
3472,Nevaeh Soto,Male,"2023-01-15",Active,Site Supervisor
3473,Chaim Mata,Male,"2023-06-29",Active,Site Supervisor
3474,Arely Patton,Male,"2020-03-09",Active,Site Supervisor
3475,Vance Trujillo,Male,"2021-09-21",Active,Site Supervisor
3476,Charlie Koch,Male,"2023-06-12",Active,Site Supervisor
3477,Sonny Horne,Female,"2019-04-07",Active,Site Supervisor
3478,Thomas Chandler,Female,"2018-09-17",Active,Site Supervisor
3479,Sarai Stone,Female,"2022-08-02",Active,Site Supervisor
3480,Jerimiah Harmon,Female,"2022-09-08",Future Start,Site Supervisor
3481,Leland Allen,Male,"2019-03-07",Future Start,Site Supervisor
3482,Cristal Bolton,Male,"2019-10-29",Future Start,Site Supervisor
3483,Jaslene Harding,Male,"2021-09-26",Active,Site Supervisor
3484,Albert Gonzalez,Male,"2018-08-29",Active,Site Supervisor
3485,Jaiden Johnson,Male,"2021-10-26",Active,Site Supervisor
3486,Brendon Mcconnell,Male,"2022-10-31",Active,Site Supervisor
3487,Kimora Parsons,Female,"2023-03-15",Active,Site Supervisor
3488,Willie Patterson,Female,"2022-09-09",Active,Site Supervisor
3489,Devyn Powers,Female,"2022-03-04",Active,Site Supervisor
3490,Weston Preston,Female,"2019-02-11",Active,Site Supervisor
3491,Lennon Buchanan,Male,"2021-01-26",Active,Site Supervisor
3492,Vicente Merritt,Male,"2019-11-26",Active,Site Supervisor
3493,Hugo Clay,Male,"2019-07-15",Active,Site Supervisor
3494,Cohen Raymond,Male,"2020-06-18",Active,Site Supervisor
3495,Tia Ellis,Male,"2023-06-22",Active,Site Supervisor
3496,Aspen Bentley,Male,"2021-12-02",Active,Site Supervisor
3497,Graham Rodriguez,Female,"2021-12-08",Active,Site Supervisor
3498,Joel Mcmillan,Female,"2023-04-26",Active,Site Supervisor
3499,Maci Frost,Female,"2018-09-25",Active,Site Supervisor
3500,Nevaeh Lucas,Female,"2018-11-20",Active,Site Supervisor
3501,Garrett Zimmerman,Male,"2020-08-30",Future Start,Site Supervisor
3502,Eugene Marks,Male,"2019-10-01",Active,Site Supervisor
3503,Geovanni Pugh,Male,"2022-01-20",Active,Site Supervisor
3504,Javon Kelley,Male,"2021-10-10",Active,Site Supervisor
3505,Amaya Hicks,Male,"2020-08-29",Active,Site Supervisor
3506,Laila Woodard,Male,"2019-08-27",Active,Site Supervisor
3507,Ivan Huff,Male,"2021-02-25",Active,Site Supervisor
3508,Aidan Harding,Male,"2021-07-13",Active,Site Supervisor
3509,Cruz Boyer,Female,"2021-04-14",Active,Site Supervisor
3510,Raven Koch,Female,"2020-02-10",Active,Site Supervisor
3511,Karli Barker,Female,"2021-08-17",Active,Site Supervisor
3512,Tyrone Sosa,Female,"2023-04-17",Future Start,Site Supervisor
3513,Damaris Cisneros,Male,"2022-09-02",Future Start,Site Supervisor
3514,Alexus Estes,Male,"2020-04-15",Active,Site Supervisor
3515,Kinsley Flowers,Male,"2022-03-09",Future Start,Site Supervisor
3516,Deborah Love,Male,"2022-04-07",Active,Site Supervisor
3517,Milagros Francis,Male,"2020-02-19",Active,Site Supervisor
3518,Roberto Michael,Female,"2021-04-10",Active,Site Supervisor
3519,Elaine Ewing,Male,"2021-12-19",Active,Site Supervisor
3520,Caiden Munoz,Female,"2020-12-13",Active,Site Supervisor
3521,Jocelyn Bradford,Female,"2019-02-26",Active,Site Supervisor
3522,Marques Armstrong,Female,"2020-03-02",Active,Site Supervisor
3523,Rohan Chapman,Female,"2021-06-25",Active,Site Supervisor
3524,Emmanuel Franklin,Male,"2021-07-26",Future Start,Site Supervisor
3525,Clayton Mccormick,Male,"2022-07-03",Future Start,Site Supervisor
3526,Darius Krause,Male,"2022-09-15",Active,Site Supervisor
3527,Ahmed Hawkins,Male,"2020-05-01",Active,Site Supervisor
3528,Kymani Benjamin,Male,"2022-10-13",Active,Site Supervisor
3529,Callum Mcdaniel,Male,"2020-01-03",Active,Site Supervisor
3530,Zariah Black,Female,"2019-11-13",Active,Site Supervisor
3531,Ronnie Mayer,Male,"2023-06-17",Active,Site Supervisor
3532,Marlon Ford,Female,"2021-10-14",Active,Site Supervisor
3533,Slade Griffith,Male,"2021-06-01",Active,Site Supervisor
3534,Lee Frye,Female,"2018-09-14",Active,Site Supervisor
3535,Veronica Rowe,Female,"2018-12-11",Active,Site Supervisor
3536,Aylin Berg,Female,"2022-08-06",Active,Site Supervisor
3537,Neveah Rowe,Male,"2022-05-28",Future Start,Site Supervisor
3538,Keith Baxter,Male,"2019-06-16",Future Start,Site Supervisor
3539,Chaz Bruce,Male,"2019-12-08",Active,Site Supervisor
3540,Maya Mccann,Male,"2020-03-12",Active,Site Supervisor
3541,Aaron Weber,Male,"2020-04-06",Active,Site Supervisor
3542,Ellie Gill,Male,"2023-04-15",Active,Site Supervisor
3543,Rayne Kerr,Female,"2020-11-10",Active,Site Supervisor
3544,Samara Mcbride,Male,"2023-06-29",Active,Site Supervisor
3545,Ryann Rubio,Female,"2022-03-07",Active,Site Supervisor
3546,Paris Carr,Male,"2021-07-31",Active,Site Supervisor
3547,Adriel Wiggins,Female,"2022-01-20",Active,Site Supervisor
3548,Sanaa Glass,Female,"2021-07-11",Active,Site Supervisor
3549,Ryan Lynch,Female,"2018-10-15",Active,Site Supervisor
3550,Charlie Atkinson,Male,"2021-11-26",Future Start,Site Supervisor
3551,Emery Roach,Male,"2018-08-11",Active,Site Supervisor
3552,Harper Ramos,Male,"2020-02-16",Active,Site Supervisor
3553,Khalil Mendez,Male,"2020-01-20",Active,Site Supervisor
3554,Lizeth Holland,Male,"2019-03-31",Active,Site Supervisor
3555,Matilda Randall,Female,"2023-01-06",Active,Site Supervisor
3556,Damien Howe,Male,"2019-07-18",Active,Site Supervisor
3557,Nicholas Obrien,Male,"2019-02-13",Active,Site Supervisor
3558,Mildred Gentry,Female,"2018-12-30",Active,Security Guard
3559,Wilson K Adinolfi,Male,"2019-11-06",Active,Security Guard
3560,Joanne Handschiegl,Female,"2022-06-01",Active,Security Guard
3561,Dianna Blount,Female,"2023-03-28",Active,Senior Security Guar
3562,Jean Crimmings,Female,"2019-05-21",Future Start,Security Guard
3563,Nore Sadki,Male,"2019-01-01",Active,Security Guard
3564,Susan Lundy,Female,"2019-01-26",Voluntarily Terminat,Senior Security Guar
3565,Kramer Keatts,Male,"2021-09-11",Active,Security Guard
3566,Maliki Moumanil,Male,"2021-09-26",Active,Senior Security Guar
3567,Nader Barton,Male,"2023-03-04",Active,Security Guard
3568,Quinn Rarrick,Male,"2023-07-11",Voluntarily Terminat,Security Guard
3569,Beatrice Chace,Female,"2019-02-09",Active,Security Guard
3570,Adrienne J Homberger,Female,"2019-04-19",Voluntarily Terminat,Senior Security Guar
3571,Marilyn Linares,Female,"2022-07-07",Voluntarily Terminat,Security Guard
3572,Timothy Sullivan,Male,"2019-03-12",Active,Security Guard
3573,Jennifer Medeiros,Female,"2020-03-09",Active,Security Guard
3574,Anna Von Massenbach,Female,"2021-05-18",Future Start,Security Guard
3575,George Johnson,Male,"2021-04-28",Voluntarily Terminat,Security Guard
3576,Angela Erilus,Female,"2021-07-21",Active,Senior Security Guar
3577,Miguel Estremera,Male,"2019-09-15",Active,Security Guard
3578,Clinton Owad,Male,"2019-05-04",Active,Security Guard
3579,Constance Sloan,Female,"2021-05-20",Active,Senior Security Guar
3580,Davion Sanchez,Male,"2019-12-16",Active,Security Guard
3581,Ross Strickland,Male,"2020-11-20",Active,Security Guard
3582,Augustus Drake,Male,"2020-08-19",Active,Security Guard
3583,Gracelyn Huynh,Female,"2021-04-28",Active,Security Guard
3584,Orlando Armstrong,Female,"2020-08-14",Active,Security Guard
3585,Edward Everett,Female,"2021-12-22",Active,Security Guard
3586,Jaqueline Terrell,Female,"2019-02-01",Active,Security Guard
3587,Quinn Mccullough,Male,"2021-05-10",Active,Security Guard
3588,Selena Greer,Male,"2019-06-25",Active,Security Guard
3589,Giovani Roy,Male,"2019-04-25",Active,Security Guard
3590,Dominik Mullen,Male,"2021-02-25",Future Start,Security Guard
3591,Abdullah Ellison,Female,"2021-11-23",Future Start,Security Guard
3592,Andre Guzman,Male,"2021-10-05",Future Start,Security Guard
3593,Brayden Malone,Male,"2020-05-30",Active,Security Guard
3594,Maribel Morrison,Male,"2018-12-11",Active,Security Guard
3595,Fisher Stafford,Male,"2020-09-22",Active,Security Guard
3596,Kellen Medina,Male,"2019-07-28",Active,Security Guard
3597,Brenton Monroe,Female,"2020-06-06",Future Start,Senior Security Guar
3598,Derick Rocha,Female,"2018-09-28",Voluntarily Terminat,Senior Security Guar
3599,Elaine Weeks,Female,"2020-04-12",Active,Senior Security Guar
3600,Marely Dixon,Female,"2022-11-01",Active,Senior Security Guar
3601,Keagan Henson,Female,"2022-11-21",Active,Senior Security Guar
3602,Helena Davenport,Female,"2021-04-11",Voluntarily Terminat,Senior Security Guar
3603,Houston Aguirre,Female,"2018-11-29",Voluntarily Terminat,Senior Security Guar
3604,Kane Owen,Female,"2019-01-16",Active,Senior Security Guar
3605,Emerson Pitts,Male,"2019-09-18",Active,Security Guard
3606,Clarissa Winters,Male,"2019-08-01",Voluntarily Terminat,Security Guard
3607,Frankie Atkins,Male,"2019-06-18",Active,Security Guard
3608,Ally Zhang,Male,"2019-02-13",Active,Security Guard
3609,Kayleigh Harmon,Female,"2021-06-02",Active,Security Guard
3610,Kayley Myers,Female,"2018-10-11",Active,Security Guard
3611,Rowan Cobb,Female,"2021-03-09",Active,Security Guard
3612,Edward Mann,Male,"2022-01-23",Active,Security Guard
3613,Amirah Johnson,Male,"2019-02-24",Active,Security Guard
3614,Bridget Deleon,Male,"2020-01-08",Active,Security Guard
3615,Martin Weber,Male,"2021-05-13",Future Start,Security Guard
3616,Ruben Lewis,Female,"2022-02-12",Active,Security Guard
3617,Bailey Collier,Female,"2023-02-01",Active,Security Guard
3618,Charlee Roth,Male,"2023-02-04",Active,Security Guard
3619,Karissa Bowers,Male,"2023-03-23",Active,Security Guard
3620,Noel Ramirez,Male,"2023-03-22",Active,Security Guard
3621,Victoria Franco,Male,"2018-11-28",Active,Security Guard
3622,Danika Fleming,Female,"2020-07-09",Active,Senior Security Guar
3623,Jocelyn Kline,Female,"2019-02-11",Active,Senior Security Guar
3624,Cesar Higgins,Female,"2020-01-09",Active,Senior Security Guar
3625,Gabriel Dodson,Female,"2021-11-11",Voluntarily Terminat,Senior Security Guar
3626,Raphael Sandoval,Female,"2021-05-15",Active,Senior Security Guar
3627,Ruth Harrell,Female,"2019-08-21",Voluntarily Terminat,Senior Security Guar
3628,Peyton Barber,Female,"2020-09-18",Active,Senior Security Guar
3629,Reginald Lowery,Male,"2022-08-27",Voluntarily Terminat,Security Guard
3630,Stephanie Briggs,Male,"2019-02-23",Active,Security Guard
3631,Shaniya Becker,Male,"2022-08-08",Active,Security Guard
3632,Ryan Oconnell,Male,"2022-09-24",Active,Security Guard
3633,Emma Ware,Female,"2022-03-21",Active,Security Guard
3634,Keyon Haley,Female,"2023-06-23",Active,Security Guard
3635,Kylee Bates,Female,"2020-10-26",Active,Security Guard
3636,Marc Chandler,Male,"2020-01-29",Active,Security Guard
3637,Abdullah Pruitt,Male,"2022-04-23",Active,Security Guard
3638,Shamar Roth,Male,"2023-06-15",Active,Security Guard
3639,Jaylen Acosta,Female,"2019-09-19",Future Start,Security Guard
3640,Kale House,Female,"2023-01-07",Active,Security Guard
3641,Kiersten Ellis,Male,"2020-02-07",Future Start,Security Guard
3642,Karissa Carrillo,Male,"2020-04-29",Future Start,Security Guard
3643,Issac Whitehead,Male,"2020-04-16",Active,Security Guard
3644,Madisyn Andrews,Male,"2022-06-16",Active,Security Guard
3645,Madyson Rhodes,Male,"2019-07-22",Active,Security Guard
3646,Brenton Rodriguez,Female,"2023-04-22",Active,Senior Security Guar
3647,Nathen Arias,Female,"2020-12-28",Voluntarily Terminat,Senior Security Guar
3648,Keyon Hensley,Female,"2022-02-23",Active,Senior Security Guar
3649,Elisha Ruiz,Female,"2022-08-13",Active,Senior Security Guar
3650,Amirah Stanley,Female,"2019-10-03",Voluntarily Terminat,Senior Security Guar
3651,Jeremy Meyer,Female,"2019-10-14",Active,Senior Security Guar
3652,Owen Dillon,Male,"2019-08-30",Voluntarily Terminat,Security Guard
3653,Bridget Bray,Male,"2021-02-04",Voluntarily Terminat,Security Guard
3654,Cassius Gates,Male,"2022-11-23",Active,Security Guard
3655,Martha Kemp,Male,"2023-02-25",Active,Security Guard
3656,Francesca Mcmahon,Male,"2019-12-15",Active,Security Guard
3657,Lorelei Walls,Female,"2021-08-29",Active,Security Guard
3658,Emery Gillespie,Female,"2022-11-04",Active,Security Guard
3659,Kaylee Baldwin,Male,"2019-10-02",Active,Security Guard
3660,Aron Hester,Male,"2019-05-24",Active,Security Guard
3661,Reagan Brennan,Male,"2022-02-28",Active,Security Guard
3662,Hugh Berry,Male,"2023-06-13",Active,Security Guard
3663,Brandon Anderson,Female,"2019-10-07",Future Start,Security Guard
3664,Diana Garza,Female,"2020-10-06",Future Start,Security Guard
3665,Dalton Bowen,Male,"2019-11-22",Active,Security Guard
3666,Davin Peters,Male,"2022-04-29",Active,Security Guard
3667,Leyla Warren,Male,"2022-12-11",Active,Security Guard
3668,Victoria Allen,Male,"2023-08-06",Active,Security Guard
3669,Tyler Hines,Male,"2020-03-28",Voluntarily Terminat,Security Guard
3670,Sandra Atkinson,Female,"2022-08-11",Active,Senior Security Guar
3671,Simone Hayes,Female,"2023-01-26",Voluntarily Terminat,Senior Security Guar
3672,Rhett Valenzuela,Female,"2019-01-14",Active,Senior Security Guar
3673,Lane Zuniga,Female,"2022-06-11",Voluntarily Terminat,Senior Security Guar
3674,Isabelle Shields,Female,"2020-06-25",Voluntarily Terminat,Senior Security Guar
3675,Mario Mays,Female,"2020-06-08",Active,Senior Security Guar
3676,Leah Robinson,Male,"2018-08-29",Active,Security Guard
3677,Dayami Bailey,Male,"2022-10-01",Active,Security Guard
3678,Ramon Fleming,Male,"2021-07-22",Active,Security Guard
3679,Pedro Harrison,Male,"2019-12-14",Active,Security Guard
3680,Harrison Hudson,Female,"2020-03-27",Active,Security Guard
3681,Taniya Lane,Female,"2021-11-25",Active,Security Guard
3682,Rene Wallace,Female,"2023-07-08",Active,Security Guard
3683,Kai Gaines,Male,"2021-11-02",Active,Security Guard
3684,Noelle Levy,Male,"2019-12-01",Active,Security Guard
3685,Kylie Jimenez,Male,"2022-08-16",Active,Security Guard
3686,Carly Figueroa,Male,"2021-04-25",Future Start,Security Guard
3687,Bria Mcpherson,Female,"2019-05-17",Active,Security Guard
3688,Brynn Harding,Female,"2019-05-04",Future Start,Security Guard
3689,Rashad Wells,Male,"2021-07-16",Active,Security Guard
3690,Jaylene Deleon,Male,"2020-08-04",Active,Security Guard
3691,Chace Church,Male,"2020-11-23",Active,Security Guard
3692,Zayne Hunter,Male,"2019-11-11",Active,Security Guard
3693,Amya Vega,Female,"2019-05-20",Active,Senior Security Guar
3694,Nickolas West,Female,"2019-11-05",Voluntarily Terminat,Senior Security Guar
3695,Cason Neal,Female,"2018-09-20",Voluntarily Terminat,Senior Security Guar
3696,Aldo Dyer,Female,"2020-09-02",Voluntarily Terminat,Senior Security Guar
3697,Sonia Skinner,Female,"2020-06-28",Active,Senior Security Guar
3698,Julien Banks,Female,"2023-03-22",Active,Senior Security Guar
3699,Madelyn Mcdonald,Male,"2022-08-30",Voluntarily Terminat,Security Guard
3700,Brenden Nash,Male,"2019-10-24",Active,Security Guard
3701,Genesis Coleman,Male,"2019-11-09",Active,Security Guard
3702,Justice Branch,Male,"2019-07-13",Active,Security Guard
3703,Addisyn Guerrero,Female,"2020-08-31",Active,Security Guard
3704,Addisyn Aguilar,Female,"2019-01-25",Active,Security Guard
3705,Marcos Gallagher,Female,"2020-11-21",Active,Security Guard
3706,Mareli Parker,Male,"2019-09-23",Active,Security Guard
3707,Joshua Mitchell,Male,"2022-12-11",Active,Security Guard
3708,Case Gaines,Male,"2020-08-21",Active,Security Guard
3709,Jacey Reyes,Male,"2019-02-04",Active,Security Guard
3710,Dean Middleton,Female,"2021-10-29",Active,Security Guard
3711,Marlene Bates,Female,"2021-07-17",Active,Security Guard
3712,Kyra Ray,Male,"2019-04-28",Future Start,Security Guard
3713,Melanie Kennedy,Male,"2020-07-21",Active,Security Guard
3714,Aleena Mercer,Male,"2020-01-19",Active,Security Guard
3715,Jake White,Male,"2021-09-12",Active,Security Guard
3716,Chaim Chase,Female,"2022-07-31",Voluntarily Terminat,Senior Security Guar
3717,Keshawn Le,Female,"2023-05-18",Active,Senior Security Guar
3718,Dalton Frazier,Female,"2021-05-25",Voluntarily Terminat,Senior Security Guar
3719,Cannon Hester,Female,"2022-07-22",Active,Senior Security Guar
3720,Crystal Brandt,Female,"2019-05-23",Active,Senior Security Guar
3721,Johnny Goodman,Male,"2020-02-12",Active,Security Guard
3722,Nehemiah Hancock,Male,"2020-02-16",Voluntarily Terminat,Security Guard
3723,Elliana Villanueva,Male,"2022-04-29",Voluntarily Terminat,Security Guard
3724,Essence Schwartz,Male,"2019-10-10",Voluntarily Terminat,Security Guard
3725,Ryker Cox,Male,"2019-04-07",Active,Security Guard
3726,Averi Stevenson,Female,"2020-07-13",Active,Security Guard
3727,Katherine Russo,Female,"2021-08-26",Active,Security Guard
3728,Aydan Robbins,Male,"2021-12-23",Active,Security Guard
3729,Heaven Walls,Male,"2022-12-08",Active,Security Guard
3730,Bobby Chung,Male,"2022-01-18",Active,Security Guard
3731,Maximus Fields,Male,"2020-02-28",Active,Security Guard
3732,Orion Ochoa,Male,"2020-05-31",Active,Security Guard
3733,Halle Boyd,Female,"2020-04-20",Future Start,Security Guard
3734,Lindsey Rocha,Male,"2019-03-07",Active,Security Guard
3735,Chace Gray,Male,"2019-05-29",Active,Security Guard
3736,Carsen Wheeler,Male,"2020-10-18",Active,Security Guard
3737,Arielle Escobar,Male,"2018-11-19",Active,Security Guard
3738,Kaitlynn Blair,Female,"2022-04-15",Voluntarily Terminat,Senior Security Guar
3739,Amir Melendez,Female,"2018-08-24",Voluntarily Terminat,Senior Security Guar
3740,Monique Buckley,Female,"2022-10-15",Voluntarily Terminat,Senior Security Guar
3741,Clark Blanchard,Female,"2023-02-27",Voluntarily Terminat,Senior Security Guar
3742,Gabriel Pearson,Female,"2021-09-22",Active,Senior Security Guar
3743,Mercedes Cook,Male,"2020-05-30",Active,Security Guard
3744,Skyler Blankenship,Female,"2020-09-11",Active,Security Guard
3745,Jordan Davis,Male,"2019-05-31",Voluntarily Terminat,Security Guard
3746,Bridget Wu,Male,"2020-07-13",Active,Security Guard
3747,Gabriel Kirk,Male,"2021-09-09",Voluntarily Terminat,Security Guard
3748,Aron Ali,Male,"2019-04-06",Active,Security Guard
3749,Kayden Soto,Female,"2021-02-16",Active,Security Guard
3750,Micaela Conner,Male,"2020-02-17",Active,Security Guard
3751,Arthur Mitchell,Male,"2021-10-15",Active,Security Guard
3752,Deven Morse,Male,"2022-07-06",Active,Security Guard
3753,George Villegas,Male,"2019-03-05",Active,Security Guard
3754,Arielle Potts,Male,"2020-06-02",Active,Security Guard
3755,Maxwell Howell,Female,"2020-11-26",Future Start,Security Guard
3756,Junior Bridges,Female,"2021-05-24",Active,Security Guard
3757,Salvatore Noble,Male,"2022-10-17",Future Start,Security Guard
3758,Heath Hodges,Male,"2022-11-16",Voluntarily Terminat,Security Guard
3759,Gabriella Warner,Male,"2022-05-01",Active,Security Guard
3760,Ryan Tate,Male,"2021-08-24",Active,Security Guard
3761,Hazel Vincent,Female,"2023-06-22",Active,Senior Security Guar
3762,Gavyn Riggs,Female,"2020-07-18",Active,Senior Security Guar
3763,Giancarlo Cross,Female,"2023-01-12",Voluntarily Terminat,Senior Security Guar
3764,Cristal Bradshaw,Female,"2022-02-16",Active,Senior Security Guar
3765,Guadalupe Burke,Female,"2022-09-02",Active,Senior Security Guar
3766,Elisa Henry,Female,"2019-02-02",Active,Senior Security Guar
3767,Kale Fischer,Female,"2021-08-26",Voluntarily Terminat,Security Guard
3768,Morgan Blackwell,Female,"2020-12-31",Active,Security Guard
3769,Ivan Wright,Male,"2020-12-12",Active,Security Guard
3770,Nayeli Hood,Male,"2022-01-13",Voluntarily Terminat,Security Guard
3771,Marilyn Smith,Male,"2021-01-24",Voluntarily Terminat,Security Guard
3772,Zoie Rowland,Female,"2022-02-08",Active,Security Guard
3773,Ann Nguyen,Female,"2020-10-11",Voluntarily Terminat,Security Guard
3774,Ramiro Savage,Male,"2019-06-20",Active,Security Guard
3775,Karma Koch,Male,"2021-07-13",Active,Security Guard
3776,Jacqueline Hendrix,Male,"2021-10-14",Active,Security Guard
3777,Kaitlin Barker,Male,"2021-11-09",Active,Security Guard
3778,Semaj Griffith,Male,"2023-04-02",Active,Security Guard
3779,Damian Burke,Female,"2022-10-19",Future Start,Security Guard
3780,Jessie Smith,Female,"2020-05-09",Future Start,Security Guard
3781,Hezekiah Cummings,Male,"2019-08-18",Future Start,Security Guard
3782,Brody House,Male,"2019-03-09",Voluntarily Terminat,Security Guard
3783,Aaliyah Watts,Male,"2020-05-09",Active,Security Guard
3784,Ashton Larsen,Female,"2022-08-14",Active,Security Guard
3785,Joshua Gibson,Female,"2022-01-18",Active,Senior Security Guar
3786,Kyleigh Bauer,Female,"2021-06-22",Voluntarily Terminat,Senior Security Guar
3787,Ramon Schultz,Female,"2023-01-19",Voluntarily Terminat,Senior Security Guar
3788,Maxim Houston,Female,"2023-05-17",Voluntarily Terminat,Senior Security Guar
3789,Deanna Sellers,Female,"2020-06-07",Active,Senior Security Guar
3790,Frankie Figueroa,Female,"2023-07-07",Active,Senior Security Guar
3791,Bentley Rush,Female,"2020-03-28",Active,Security Guard
3792,Alexia Pham,Male,"2019-05-23",Active,Security Guard
3793,Roselyn Roberts,Male,"2019-04-20",Active,Security Guard
3794,Ayden Chambers,Male,"2018-09-09",Active,Security Guard
3795,Kaitlynn Serrano,Male,"2022-07-14",Active,Security Guard
3796,Jefferson White,Female,"2019-04-17",Active,Security Guard
3797,Maria Grant,Female,"2020-05-15",Active,Security Guard
3798,Bryanna Ibarra,Male,"2020-04-04",Active,Security Guard
3799,Sophie Zavala,Male,"2022-10-15",Active,Security Guard
3800,Amya Grant,Male,"2019-07-11",Active,Security Guard
3801,Jaydan Neal,Female,"2019-10-02",Active,Security Guard
3802,Amiyah Ramirez,Male,"2021-03-04",Active,Security Guard
3803,Kai Holt,Female,"2021-02-10",Future Start,Security Guard
3804,Brendon Wilson,Female,"2019-05-15",Active,Security Guard
3805,Nancy Short,Male,"2022-04-28",Active,Security Guard
3806,Isabella Wilkins,Male,"2021-09-23",Active,Security Guard
3807,Mayra Moss,Male,"2021-09-15",Active,Security Guard
3808,Maria Gonzalez,Female,"2019-04-27",Active,CCTV Operator
3809,Jumil Turpin,Male,"2019-10-06",Active,Electronic Security 
3810,Ann Daniele,Female,"2020-02-16",Active,Senior Electronic Se
3811,Joe South,Male,"2022-05-14",Active,Senior Electronic Se
3812,Sarah Warfield,Female,"2019-02-13",Active,Senior Electronic Se
3813,Alejandro Bacong,Male,"2022-08-24",Active,CCTV Operator
3814,Jyoti Lajiri,Male,"2019-01-07",Leave of Absence,Senior Electronic Se
3815,Neville Tredinnick,Male,"2021-03-26",Active,Electronic Security 
3816,Anthony Cisco,Male,"2021-05-01",Active,CCTV Operator
3817,Linda Dolan,Female,"2021-10-10",Active,CCTV Operator
3818,Carlos Merlos,Male,"2020-01-02",Active,Electronic Security 
3819,Tanya Morway,Female,"2020-01-20",Active,Electronic Security 
3820,Anita Shepard,Female,"2018-08-11",Active,Electronic Security 
3821,Jeremiah Semizoglou,Male,"2021-12-18",Active,Senior Electronic Se
3822,Katrina Lambert,Male,"2019-09-24",Active,Electronic Security 
3823,Alexzander Pope,Male,"2022-10-17",Active,Electronic Security 
3824,Derek Holmes,Male,"2020-01-07",Active,CCTV Operator
3825,Danika Deleon,Male,"2022-11-05",Active,CCTV Operator
3826,Sabrina Durham,Male,"2023-04-26",Active,CCTV Operator
3827,Frankie Carrillo,Male,"2019-05-29",Active,CCTV Operator
3828,Quintin Solomon,Male,"2019-09-12",Active,Senior Electronic Se
3829,Jaqueline Pittman,Male,"2019-01-27",Active,Senior Electronic Se
3830,Mariana Glass,Male,"2019-08-20",Active,Solutions Architect
3831,Payton Cross,Female,"2018-09-14",Active,Enterprise Solutions
3832,Sloane Rasmussen,Female,"2021-08-02",Leave of Absence,Senior Systems Admin
3833,Elise Vazquez,Male,"2022-01-26",Active,Electronic Security 
3834,Monique Pierce,Male,"2019-05-10",Active,Electronic Security 
3835,Axel Higgins,Male,"2019-01-02",Active,CCTV Operator
3836,Marcos Petty,Male,"2021-08-13",Active,CCTV Operator
3837,Mia Cowan,Male,"2022-10-02",Active,CCTV Operator
3838,Tanya Leonard,Female,"2018-12-17",Active,CCTV Operator
3839,Dereon Page,Male,"2021-10-11",Active,Senior Electronic Se
3840,Meadow Boyer,Male,"2023-04-01",Active,Senior Electronic Se
3841,Paris Simpson,Male,"2021-03-20",Active,Solutions Architect
3842,Kyla Durham,Female,"2020-08-20",Leave of Absence,Enterprise Solutions
3843,Cassidy Maddox,Female,"2023-07-16",Leave of Absence,Senior Systems Admin
3844,Edgar Underwood,Male,"2021-06-10",Active,Electronic Security 
3845,Jaiden Underwood,Male,"2019-08-25",Active,Electronic Security 
3846,Eugene Potts,Male,"2020-05-04",Active,CCTV Operator
3847,Gilbert Klein,Male,"2019-02-24",Active,CCTV Operator
3848,Nathaly Huffman,Male,"2019-09-24",Active,CCTV Operator
3849,Nancy Clay,Female,"2021-02-13",Active,CCTV Operator
3850,Kylie Cantrell,Male,"2020-01-05",Active,Senior Electronic Se
3851,Vance Marquez,Male,"2019-01-18",Leave of Absence,Senior Electronic Se
3852,Dante Wyatt,Female,"2019-03-01",Leave of Absence,Solutions Architect
3853,Rey Monroe,Female,"2021-08-14",Leave of Absence,Enterprise Solutions
3854,Jayden Mckee,Male,"2019-06-06",Active,Electronic Security 
3855,Brady Yoder,Male,"2021-05-25",Active,Electronic Security 
3856,Darwin Allen,Male,"2023-03-17",Active,Electronic Security 
3857,Jasper Harrison,Male,"2022-10-02",Active,CCTV Operator
3858,Bailey Humphrey,Male,"2022-01-22",Active,CCTV Operator
3859,Clare English,Female,"2019-11-29",Active,CCTV Operator
3860,Amy Sherman,Female,"2020-07-01",Active,CCTV Operator
3861,Lizbeth Hunt,Male,"2022-03-24",Active,Senior Electronic Se
3862,Eden Armstrong,Male,"2019-05-13",Leave of Absence,Senior Electronic Se
3863,Eugene Mueller,Female,"2019-06-07",Active,Solutions Architect
3864,Tiffany Washington,Female,"2022-12-05",Leave of Absence,Enterprise Solutions
3865,Sloane Moss,Male,"2020-09-29",Active,Electronic Security 
3866,Kaeden Vargas,Male,"2020-09-04",Active,Electronic Security 
3867,Lena Sandoval,Male,"2018-08-26",Active,Electronic Security 
3868,Adrien Olsen,Male,"2019-08-17",Active,Electronic Security 
3869,Damari Brewer,Male,"2019-09-25",Active,CCTV Operator
3870,Annalise Gross,Male,"2023-03-11",Active,CCTV Operator
3871,Kamari Mcgrath,Female,"2022-12-15",Active,CCTV Operator
3872,Lorena Rice,Female,"2018-08-10",Active,CCTV Operator
3873,Eliezer Stokes,Male,"2022-03-04",Active,Senior Electronic Se
3874,Aspen Reyes,Male,"2020-06-02",Active,Senior Electronic Se
3875,Rudy Richardson,Male,"2021-06-29",Active,Senior Electronic Se
3876,Alana Castro,Female,"2021-10-24",Active,Solutions Architect
3877,Oscar Lopez,Male,"2018-10-22",Active,Electronic Security 
3878,Carter Cook,Male,"2018-09-08",Active,Electronic Security 
3879,Liam Hanna,Male,"2019-02-08",Active,Electronic Security 
3880,Zara Pitts,Male,"2021-03-29",Active,Electronic Security 
3881,Abby Woodward,Male,"2019-06-19",Active,CCTV Operator
3882,Litzy Esparza,Female,"2019-01-30",Active,CCTV Operator
3883,Noemi Brewer,Female,"2022-05-06",Active,CCTV Operator
3884,Gilberto Macdonald,Female,"2019-02-02",Active,CCTV Operator
3885,Armando Macias,Female,"2021-12-08",Active,Senior Electronic Se
3886,Britney Kelly,Male,"2018-10-12",Active,Senior Electronic Se
3887,Emanuel Haas,Male,"2022-04-22",Leave of Absence,Senior Electronic Se
3888,Karlie Drake,Female,"2021-09-05",Leave of Absence,Solutions Architect
3889,Myla Mullen,Male,"2022-09-05",Active,Electronic Security 
3890,Alan Holland,Male,"2022-07-19",Active,Electronic Security 
3891,Brooklynn Greene,Male,"2022-05-26",Active,Electronic Security 
3892,Maxwell Mcpherson,Male,"2022-10-31",Active,Electronic Security 
3893,Lukas Freeman,Female,"2023-03-22",Active,CCTV Operator
3894,Yesenia Nielsen,Female,"2023-05-29",Active,CCTV Operator
3895,Myah Marsh,Female,"2020-02-23",Active,CCTV Operator
3896,Korbin Gilbert,Female,"2019-08-13",Active,CCTV Operator
3897,Jenna Maddox,Female,"2019-03-25",Active,Senior Electronic Se
3898,Anaya Preston,Male,"2018-12-14",Leave of Absence,Senior Electronic Se
3899,Eugene Pena,Female,"2021-03-07",Leave of Absence,Senior Electronic Se
3900,Abel Baker,Female,"2023-06-16",Active,Solutions Architect
3901,Deven Merritt,Male,"2021-06-18",Active,Electronic Security 
3902,Hadassah Moran,Male,"2023-05-22",Active,Electronic Security 
3903,Hezekiah Thompson,Male,"2019-05-14",Active,Electronic Security 
3904,Quintin Fry,Male,"2020-12-27",Active,Electronic Security 
3905,Alayna Hess,Female,"2020-08-04",Active,Electronic Security 
3906,Amaris Miller,Female,"2020-08-25",Active,CCTV Operator
3907,Barrett Wilcox,Female,"2022-02-24",Active,CCTV Operator
3908,Kimberly Watson,Female,"2019-08-06",Active,CCTV Operator
3909,Rebecca Park,Female,"2021-08-01",Active,CCTV Operator
3910,Caleb Schneider,Female,"2022-07-13",Active,Senior Electronic Se
3911,Vanessa James,Male,"2021-05-28",Active,Senior Electronic Se
3912,Maribel Copeland,Male,"2020-07-06",Leave of Absence,Senior Electronic Se
3913,Henry Zimmerman,Female,"2020-01-14",Leave of Absence,Senior Electronic Se
3914,Nathanial Booth,Male,"2020-02-04",Active,Electronic Security 
3915,Rhys Barry,Male,"2022-08-28",Active,Electronic Security 
3916,Jonas Rowland,Male,"2022-06-27",Active,Electronic Security 
3917,Chris Vincent,Female,"2019-12-19",Active,Electronic Security 
3918,Myah Waller,Female,"2020-09-24",Active,Electronic Security 
3919,Yaritza Sherman,Female,"2023-07-06",Active,CCTV Operator
3920,Haley Weaver,Female,"2021-04-11",Active,CCTV Operator
3921,Alessandra Lee,Female,"2020-02-12",Active,CCTV Operator
3922,Kaitlin Hickman,Female,"2018-12-25",Active,CCTV Operator
3923,Giancarlo Juarez,Female,"2021-12-25",Active,Senior Electronic Se
3924,Walter Zuniga,Male,"2021-05-22",Active,Senior Electronic Se
3925,Anna Jordan,Male,"2020-05-03",Leave of Absence,Senior Electronic Se
3926,Jeffery Gamble,Female,"2019-02-27",Active,Senior Electronic Se
3927,Misael Hunter,Male,"2020-03-01",Active,Electronic Security 
3928,Audrina Yu,Male,"2021-01-27",Active,Electronic Security 
3929,Jeramiah Foster,Female,"2023-06-18",Active,Electronic Security 
3930,Bruce Wallace,Female,"2019-11-24",Active,Electronic Security 
3931,Giovani Nelson,Male,"2021-09-24",Active,Electronic Security 
3932,Ari Anthony,Female,"2022-08-17",Active,CCTV Operator
3933,Laylah Branch,Female,"2023-04-18",Active,CCTV Operator
3934,Alanna Mullins,Female,"2020-04-15",Active,CCTV Operator
3935,Arjun Tyler,Male,"2020-12-25",Active,CCTV Operator
3936,Donald Favis,Male,"2022-07-21",Terminated for Cause,Enterprise Solutions
3937,Daniff Hernandez,Male,"2022-11-04",Active,Systems Administrato
3938,Lori Roby,Female,"2020-04-20",Active,Intelligence Analyst
3939,Thomas Murray,Male,"2019-09-05",Active,Intelligence Analyst
3940,Karthikeyan Ait Sidi,Male,"2019-08-11",Active,Senior Systems Admin
3941,Ivan Rogers,Male,"2018-11-04",Active,Intelligence Analyst
3942,Bianca Roehrich,Female,"2018-11-04",Voluntarily Terminat,Solutions Architect
3943,Jason Salter,Male,"2019-07-27",Voluntarily Terminat,Data Analyst
3944,Julia Zhou,Female,"2020-12-21",Active,Intelligence Analyst
3945,Thelma Petrowsky,Female,"2022-07-25",Active,Intelligence Analyst
3946,Jayne Horton,Female,"2019-06-15",Active,Systems Administrato
3947,Renee Becker,Female,"2020-04-04",Terminated for Cause,Systems Administrato
3948,Randall Pearson,Male,"2023-02-03",Voluntarily Terminat,Intelligence Analyst
3949,Claudia N Carr,Female,"2022-09-20",Future Start,Senior Systems Admin
3950,Noelle Johnson,Female,"2023-07-12",Active,Systems Administrato
3951,Taisha Goble,Female,"2021-04-25",Terminated for Cause,Systems Administrato
3952,Kramer Simard,Male,"2021-03-13",Active,Intelligence Analyst
3953,Mark Griffith,Female,"2021-08-16",Active,Intelligence Analyst
3954,Denisse Hayes,Female,"2021-10-18",Active,Systems Administrato
3955,Draven Giles,Female,"2020-02-16",Active,Systems Administrato
3956,Aliana Shaw,Female,"2019-08-07",Active,Systems Administrato
3957,Makaila Nixon,Female,"2022-01-03",Active,Systems Administrato
3958,Mohammed Orr,Female,"2020-09-22",Active,Systems Administrato
3959,Braylen Mendoza,Male,"2022-11-11",Terminated for Cause,Solutions Architect
3960,Andreas Torres,Male,"2018-08-11",Active,General Manager
3961,Maddison Perez,Male,"2023-03-31",Active,Intelligence Directo
3962,Charlize Wagner,Female,"2021-03-10",Active,Senior Systems Admin
3963,Micah Pace,Female,"2019-08-30",Active,Senior Finance Offic
3964,Marlee Stevens,Male,"2021-06-07",Future Start,Senior Finance Offic
3965,Precious Roth,Female,"2020-04-22",Active,Technical Manager
3966,Konner Villegas,Female,"2018-10-19",Future Start,Security Systems Eng
3967,Anastasia Gillespie,Female,"2018-12-03",Active,Intelligence Analyst
3968,Emely Rice,Female,"2021-02-20",Active,Intelligence Analyst
3969,Lewis Nixon,Female,"2021-01-17",Active,Systems Administrato
3970,Macy Webster,Female,"2020-10-04",Active,Systems Administrato
3971,Ciara Acevedo,Female,"2021-01-29",Active,Systems Administrato
3972,Eleanor Patton,Female,"2022-07-26",Active,Systems Administrato
3973,Brooklyn Tanner,Female,"2018-09-21",Terminated for Cause,Systems Administrato
3974,Zander Franco,Male,"2018-12-25",Terminated for Cause,Solutions Architect
3975,Kianna Rhodes,Male,"2020-11-03",Terminated for Cause,General Manager
3976,Kinsley Braun,Female,"2021-10-22",Active,Senior Systems Admin
3977,Gordon Wu,Female,"2018-08-27",Active,Senior Finance Offic
3978,Maryjane Cross,Male,"2020-07-12",Active,Senior Finance Offic
3979,Peyton Phelps,Female,"2021-01-25",Future Start,Technical Manager
3980,Carmen Atkins,Female,"2020-05-11",Active,Intelligence Analyst
3981,Kiara Fox,Female,"2020-07-24",Active,Intelligence Analyst
3982,Yair Jennings,Female,"2022-08-09",Active,Systems Administrato
3983,Kaylie Velazquez,Female,"2022-06-12",Active,Systems Administrato
3984,Christine Skinner,Female,"2022-02-10",Active,Systems Administrato
3985,Zayne Mccullough,Male,"2023-01-13",Terminated for Cause,Systems Administrato
3986,Dennis Key,Female,"2020-03-10",Active,Systems Administrato
3987,Aydan Benjamin,Male,"2022-02-25",Terminated for Cause,Solutions Architect
3988,Kenzie Mullins,Female,"2022-07-21",Leave of Absence,Senior Systems Admin
3989,Asa Pham,Female,"2022-07-11",Active,Senior Systems Admin
3990,Damarion Schneider,Male,"2019-12-02",Future Start,Senior Finance Offic
3991,Talan Rodgers,Male,"2023-04-10",Active,Senior Finance Offic
3992,Evelin Snow,Male,"2022-12-08",Active,Intelligence Analyst
3993,Sienna Preston,Female,"2022-06-22",Active,Intelligence Analyst
3994,Taylor Dennis,Female,"2022-09-22",Active,Intelligence Analyst
3995,Cortez Murillo,Female,"2019-07-15",Active,Systems Administrato
3996,Leonel Combs,Female,"2021-09-01",Active,Systems Administrato
3997,Carmen Frost,Male,"2019-07-16",Active,Systems Administrato
3998,Ace Krause,Female,"2021-12-24",Terminated for Cause,Systems Administrato
3999,Reuben Davila,Male,"2019-04-17",Terminated for Cause,Systems Administrato
4000,Angelique Mann,Male,"2019-10-26",Terminated for Cause,Solutions Architect
