"site_id","contract_id","site_name","location","site_size","status"
1,1007,"100 OTIS St Site","100 OTIS St",Large,Active
2,1020,"400 RINDGE Ave Site","400 RINDGE Ave",Medium,Active
3,1029,NORUMBEGA St Site,NORUMBEGA St,Medium,Inactive
4,1015,Intersection of FIFTH St & GORE St,FIFTH St & GORE St,Medium,Inactive
5,1011,"600 Massachusetts Ave Site","600 Massachusetts Ave",Large,Active
6,1008,"100 CLIFTON St Site","100 CLIFTON St",Large,Active
7,1029,"100 SEVENTH St Site","100 SEVENTH St",Large,Inactive
8,1021,"500 Massachusetts Ave Site","500 Massachusetts Ave",Large,Active
9,1007,Corcoran Ln Site,Corcoran Ln,Small,Inactive
10,1026,Intersection of Rindge Ave & Jackson Pl,Rindge Ave & Jackson Pl,Medium,Active
11,1019,"200 BENT St Site","200 BENT St",Large,Active
12,1023,"100 HARVEY St Site","100 HARVEY St",Medium,Active
13,1011,FULKERSON St Site,FULKERSON St,Medium,Inactive
14,1011,"800 Massachusetts Ave Site","800 Massachusetts Ave",Small,Active
15,1024,FAWCETT St Site,FAWCETT St,Large,Active
16,1021,Intersection of Memorial Dr & MAGAZINE St,Memorial Dr & MAGAZINE St,Large,Active
17,1004,Intersection of BENT St & First St,BENT St & First St,Medium,Active
18,1008,"100 FIFTH St Site","100 FIFTH St",Large,Active
19,1024,LAMBERT St Site,LAMBERT St,Medium,Active
20,1003,Intersection of FIFTH St & THORNDIKE St,FIFTH St & THORNDIKE St,Medium,Active
21,1022,"400 Massachusetts Ave Site","400 Massachusetts Ave",Small,Inactive
22,1021,"200 GREEN St Site","200 GREEN St",Small,Inactive
23,1002,"100 Mount Auburn St Site","100 Mount Auburn St",Small,Active
24,1024,"200 MAGAZINE St Site","200 MAGAZINE St",Medium,Active
25,1012,GRANITE St Site,GRANITE St,Large,Active
26,1030,"100 KIRKLAND St Site","100 KIRKLAND St",Small,Active
27,1006,HILLIARD St Site,HILLIARD St,Large,Active
28,1002,JFK St Site,JFK St,Small,Active
29,1028,THORNDIKE St Site,THORNDIKE St,Small,Inactive
30,1021,"1600 CAMBRIDGE St Site","1600 CAMBRIDGE St",Medium,Active
31,1001,SPERIDAKIS Ter Site,SPERIDAKIS Ter,Small,Active
32,1012,WATERHOUSE St Site,WATERHOUSE St,Small,Active
33,1026,Intersection of CAMBRIDGE St & THIRD St,CAMBRIDGE St & THIRD St,Medium,Active
34,1022,"1300 Massachusetts Ave Site","1300 Massachusetts Ave",Large,Active
35,1029,Intersection of ALLSTON St & BROOKLINE St,ALLSTON St & BROOKLINE St,Small,Active
36,1012,"1200 Massachusetts Ave Site","1200 Massachusetts Ave",Medium,Active
37,1025,"300 PEARL St Site","300 PEARL St",Small,Active
38,1017,"100 Cambridgeside Pl Site","100 Cambridgeside Pl",Medium,Active
39,1027,"800 Massachusetts Ave Site","800 Massachusetts Ave",Large,Active
40,1027,"700 Massachusetts Ave Site","700 Massachusetts Ave",Large,Inactive
41,1010,Intersection of CAMBRIDGE St & FIRST St,CAMBRIDGE St & FIRST St,Medium,Active
42,1028,Intersection of PLYMPTON St & MILL St,PLYMPTON St & MILL St,Medium,Active
43,1028,WATSON St Site,WATSON St,Medium,Active
44,1016,"100 SCHOOL St Site","100 SCHOOL St",Large,Active
45,1015,CHAUNCY St Site,CHAUNCY St,Small,Active
46,1030,"900 MAIN St Site","900 MAIN St",Large,Active
47,1030,Intersection of GORHAM St & MUSEUM St,GORHAM St & MUSEUM St,Medium,Active
48,1015,HURLEY St Site,HURLEY St,Medium,Active
49,1030,"100 THORNDIKE St Site","100 THORNDIKE St",Large,Inactive
50,1019,Intersection of JFK St & WINTHROP St,JFK St & WINTHROP St,Medium,Active
51,1012,FLORENCE St Site,FLORENCE St,Large,Active
52,1023,DANA St Site,DANA St,Medium,Active
53,1020,RAYMOND St Site,RAYMOND St,Small,Inactive
54,1025,"500 TECHNOLOGY Sq Site","500 TECHNOLOGY Sq",Small,Inactive
55,1003,"1200 Massachusetts Ave Site","1200 Massachusetts Ave",Medium,Active
56,1005,WARE St Site,WARE St,Large,Active
57,1019,"100 SMITH Pl Site","100 SMITH Pl",Small,Inactive
58,1007,LOWELL St Site,LOWELL St,Large,Active
59,1021,Intersection of Massachusetts Ave & SIDNEY St,Massachusetts Ave & SIDNEY St,Medium,Active
60,1009,Intersection of CLAY St & RINDGE Ave,CLAY St & RINDGE Ave,Large,Active
61,1007,"100 MONTGOMERY St Site","100 MONTGOMERY St",Small,Active
62,1018,JEFFERSON PARK Site,JEFFERSON PARK,Large,Inactive
63,1004,CENTRAL Sq Site,CENTRAL Sq,Large,Active
64,1025,"100 PlEASANT St Site","100 PlEASANT St",Medium,Active
65,1028,"700 CONCORD Ave Site","700 CONCORD Ave",Medium,Active
66,1014,"200 SHERMAN St Site","200 SHERMAN St",Medium,Active
67,1018,"400 CAMBRIDGE St Site","400 CAMBRIDGE St",Small,Active
68,1026,NORMANDY Ave Site,NORMANDY Ave,Small,Active
69,1009,"100 Sixth St Site","100 Sixth St",Medium,Active
70,1026,"100 SCIARAPPA St Site","100 SCIARAPPA St",Medium,Inactive
71,1021,"300 CHARLES St Site","300 CHARLES St",Small,Inactive
72,1002,"300 CONCORD Ave Site","300 CONCORD Ave",Small,Active
73,1020,Intersection of CAMBRIDGE St & SIXTH St,CAMBRIDGE St & SIXTH St,Small,Inactive
74,1028,TROWBRIDGE St Site,TROWBRIDGE St,Small,Active
75,1015,"200 FIRST St Site","200 FIRST St",Medium,Active
76,1028,Intersection of GARDEN St & HURON Ave,GARDEN St & HURON Ave,Small,Active
77,1007,"200 HAMPSHIRE St Site","200 HAMPSHIRE St",Medium,Active
78,1012,Intersection of DUNSTER St & MOUNT AUBURN St,DUNSTER St & MOUNT AUBURN St,Large,Active
79,1029,Intersection of Sidney St & MAIN St,Sidney St & MAIN St,Large,Active
80,1008,Intersection of INMAN St & St MARY Rd,INMAN St & St MARY Rd,Small,Inactive
81,1015,"100 LANGDON St Site","100 LANGDON St",Large,Inactive
82,1003,CENTRAL Sq Site,CENTRAL Sq,Large,Active
83,1014,"200 ERIE St Site","200 ERIE St",Large,Inactive
84,1017,Intersection of MOUNT AUBURN St & PlYMPTON St,MOUNT AUBURN St & PlYMPTON St,Small,Active
85,1004,HOLYOKE St Site,HOLYOKE St,Small,Active
86,1018,MOUNT AUBURN St Site,MOUNT AUBURN St,Large,Active
87,1008,FRANCIS Ave Site,FRANCIS Ave,Medium,Active
88,1004,Intersection of BOW St & DEWOLFE St,BOW St & DEWOLFE St,Large,Active
89,1002,"100 DANA St Site","100 DANA St",Small,Active
90,1030,Intersection of CAMBRIDGE St & ELLERY St,CAMBRIDGE St & ELLERY St,Small,Inactive
91,1006,"200 THIRD St Site","200 THIRD St",Small,Inactive
92,1022,"100 MAGAZINE St Site","100 MAGAZINE St",Large,Inactive
93,1010,"100 MOUNT AUBURN St Site","100 MOUNT AUBURN St",Medium,Active
94,1004,Intersection of MAGAZINE St & Lawrence St,MAGAZINE St & Lawrence St,Small,Active
95,1022,VALENTINE St Site,VALENTINE St,Small,Inactive
96,1029,DUNSTER St Site,DUNSTER St,Large,Active
97,1018,Central Sq Site,Central Sq,Medium,Inactive
98,1026,"100 PEARL St Site","100 PEARL St",Large,Active
99,1012,"300 BROADWAY Site","300 BROADWAY",Small,Inactive
100,1002,"200 CAMBRIDGE St Site","200 CAMBRIDGE St",Medium,Active
101,1010,Intersection of GORE St & LAMBERT St,GORE St & LAMBERT St,Medium,Inactive
102,1030,GARDEN Ter Site,GARDEN Ter,Small,Active
103,1004,"200 ALEWIFE BROOK Pkwy Site","200 ALEWIFE BROOK Pkwy",Medium,Active
104,1014,"600 CONCORD Ave Site","600 CONCORD Ave",Medium,Active
105,1016,"200 FIFTH St Site","200 FIFTH St",Large,Active
106,1015,REED St Site,REED St,Small,Active
107,1008,GARDEN St Site,GARDEN St,Small,Active
108,1014,"800 Massachusetts Ave Site","800 Massachusetts Ave",Small,Active
109,1023,REMINGTON St Site,REMINGTON St,Small,Inactive
110,1028,Intersection of ASH St & MOUNT AUBURN St,ASH St & MOUNT AUBURN St,Small,Active
111,1025,APPIAN WAY Site,APPIAN WAY,Medium,Inactive
112,1030,Intersection of CHARLES St & SECOND St,CHARLES St & SECOND St,Large,Inactive
113,1008,"300 BINNEY St Site","300 BINNEY St",Small,Inactive
114,1021,Intersection of RAYMOND St & UPLAND Rd,RAYMOND St & UPLAND Rd,Large,Active
115,1016,Intersection of HARVARD St & WARE St,HARVARD St & WARE St,Large,Active
116,1013,"500 CAMBRIDGE St Site","500 CAMBRIDGE St",Medium,Active
117,1018,Intersection of PERRY St & MAGAZINE St,PERRY St & MAGAZINE St,Small,Inactive
118,1015,Intersection of FULKERSON St & ROGERS St,FULKERSON St & ROGERS St,Medium,Active
119,1021,Intersection of CAMBRIDGE St & FIFTH St,CAMBRIDGE St & FIFTH St,Small,Active
120,1024,Intersection of ELLERY St & HARVARD St,ELLERY St & HARVARD St,Medium,Active
121,1026,"300 MOUNT AUBURN St Site","300 MOUNT AUBURN St",Large,Active
122,1025,BROOKLINE St Site,BROOKLINE St,Small,Active
123,1028,"1100 Massachusetts Ave Site","1100 Massachusetts Ave",Large,Active
124,1028,Intersection of HARVARD St & REMINGTON St,HARVARD St & REMINGTON St,Large,Active
125,1028,Intersection of HARVARD St & TROWBRIDGE St,HARVARD St & TROWBRIDGE St,Medium,Active
126,1013,"1000 Massachusetts Ave Site","1000 Massachusetts Ave",Small,Active
127,1009,"200 OTIS St Site","200 OTIS St",Large,Active
128,1029,"600 CAMBRIDGE St Site","600 CAMBRIDGE St",Medium,Active
129,1015,"100 NORMANDY Ave Site","100 NORMANDY Ave",Small,Inactive
130,1013,"700 HURON Ave Site","700 HURON Ave",Small,Inactive
131,1001,"300 Mount Auburn St Site","300 Mount Auburn St",Large,Active
132,1025,"100 Cambridgeside Pl Site","100 Cambridgeside Pl",Small,Active
133,1007,"100 SIXTH St Site","100 SIXTH St",Large,Inactive
134,1009,"400 Rindge Ave Site","400 Rindge Ave",Small,Active
135,1024,Intersection of HAMPSHIRE St & PROSPECT St,HAMPSHIRE St & PROSPECT St,Medium,Active
136,1001,"1600 Massachusetts Ave Site","1600 Massachusetts Ave",Large,Active
137,1012,Intersection of WINDSOR St & Front St,WINDSOR St & Front St,Large,Inactive
138,1008,Intersection of FRANCIS Ave & KIRKLAND St,FRANCIS Ave & KIRKLAND St,Small,Active
139,1024,"300 CAMBRIDGE St Site","300 CAMBRIDGE St",Small,Active
140,1011,WILLIAM St Site,WILLIAM St,Large,Active
141,1019,"800 MAIN St Site","800 MAIN St",Small,Active
142,1017,"100 INMAN St Site","100 INMAN St",Medium,Active
143,1008,"100 FRANCIS Ave Site","100 FRANCIS Ave",Small,Active
144,1003,Intersection of Massachusetts Ave & Garden St,Massachusetts Ave & Garden St,Medium,Active
145,1003,Intersection of FRANKLIN St & MAGAZINE St,FRANKLIN St & MAGAZINE St,Medium,Inactive
146,1001,FOLLEN St Site,FOLLEN St,Medium,Active
147,1027,"100 JFK St Site","100 JFK St",Medium,Active
148,1005,PLEASANT St Site,PLEASANT St,Medium,Inactive
149,1010,FARRAR St Site,FARRAR St,Small,Active
150,1007,"100 AMORY St Site","100 AMORY St",Medium,Active
151,1026,"800 MEMORIAL DR Site","800 MEMORIAL DR",Small,Active
152,1009,Intersection of Massachusetts Ave & WATERHOUSE St,Massachusetts Ave & WATERHOUSE St,Medium,Active
153,1028,Intersection of APPIAN WAY & GARDEN St,APPIAN WAY & GARDEN St,Large,Active
154,1007,"400 TECHNOLOGY Sq Site","400 TECHNOLOGY Sq",Medium,Active
155,1009,"100 SPRING St Site","100 SPRING St",Large,Active
156,1008,"100 Reed St Site","100 Reed St",Medium,Active
157,1012,"800 CONCORD Ave Site","800 CONCORD Ave",Medium,Inactive
158,1002,CONCORD Ave Site,CONCORD Ave,Medium,Active
159,1001,JACKSON Pl Site,JACKSON Pl,Large,Inactive
160,1016,"100 JACKSON CIR Site","100 JACKSON CIR",Large,Inactive
161,1023,"100 DUDLEY St Site","100 DUDLEY St",Medium,Inactive
162,1023,"100 LAWN St Site","100 LAWN St",Small,Active
163,1030,"1000 MEMORIAL DR Site","1000 MEMORIAL DR",Medium,Active
164,1024,"200 SPRING St Site","200 SPRING St",Large,Active
165,1005,GARDEN St Site,GARDEN St,Medium,Active
166,1003,"200 Spring St Site","200 Spring St",Large,Active
167,1012,SPARKS Pl Site,SPARKS Pl,Large,Inactive
168,1008,REED StREET CT Site,REED StREET CT,Large,Active
169,1022,Intersection of Central Sq & Central Sq,Central Sq & Central Sq,Medium,Active
170,1027,TUFTS St Site,TUFTS St,Large,Active
171,1003,Intersection of Massachusetts Ave & PlEASANT St,Massachusetts Ave & PlEASANT St,Large,Active
172,1001,"200 Massachusetts Ave Site","200 Massachusetts Ave",Medium,Inactive
173,1003,"200 ALLSTON St Site","200 ALLSTON St",Large,Inactive
174,1005,"500 BROADWAY Site","500 BROADWAY",Medium,Active
175,1015,LOPEZ St Site,LOPEZ St,Large,Inactive
176,1014,"300 PROSPECT St Site","300 PROSPECT St",Small,Active
177,1003,"100 HAMILTON St Site","100 HAMILTON St",Small,Active
178,1001,Intersection of BROOKLINE St & Putnam Ave,BROOKLINE St & Putnam Ave,Large,Active
179,1005,GORHAM St Site,GORHAM St,Small,Active
180,1026,Intersection of AUBURN St & PEARL St,AUBURN St & PEARL St,Medium,Active
181,1023,"100 SECOND St Site","100 SECOND St",Small,Inactive
182,1014,"100 ELLERY St Site","100 ELLERY St",Large,Active
183,1007,ELMER St Site,ELMER St,Large,Active
184,1027,Intersection of PLYMPTON St & Mount Auburn St,PLYMPTON St & Mount Auburn St,Medium,Active
185,1009,"400 THIRD St Site","400 THIRD St",Large,Active
186,1015,"100 CAMBRIDGESIDE Pl Site","100 CAMBRIDGESIDE Pl",Medium,Active
187,1015,BELLIS CIR Site,BELLIS CIR,Small,Active
188,1026,CANAL PARK Site,CANAL PARK,Small,Active
189,1010,CAMBRIDGE Center Site,CAMBRIDGE Center,Medium,Active
190,1028,PUTNAM Ave Site,PUTNAM Ave,Medium,Active
191,1013,"200 MONSIGNOR OBRIEN HWY Site","200 MONSIGNOR OBRIEN HWY",Large,Active
192,1019,LEIGHTON St Site,LEIGHTON St,Small,Inactive
193,1007,EDUCATION St Site,EDUCATION St,Medium,Active
194,1017,GLADSTONE St Site,GLADSTONE St,Small,Active
195,1020,"100 PlYMOUTH St Site","100 PlYMOUTH St",Medium,Active
196,1029,Intersection of MAIN St & WADSWORTH St,MAIN St & WADSWORTH St,Small,Active
197,1004,Intersection of Wadsworth St & Main St,Wadsworth St & Main St,Large,Inactive
198,1030,"100 Church St Site","100 Church St",Small,Active
199,1005,"100 Cambridgeside Pl Site","100 Cambridgeside Pl",Small,Active
200,1023,LANCASTER St Site,LANCASTER St,Small,Active
201,1007,"100 ALPINE St Site","100 ALPINE St",Small,Active
202,1013,IVY St Site,IVY St,Small,Active
203,1015,SHERMAN St Site,SHERMAN St,Large,Active
204,1011,"200 HARVARD St Site","200 HARVARD St",Medium,Active
205,1029,Kendall Sq Site,Kendall Sq,Small,Active
206,1004,CREIGHTON St Site,CREIGHTON St,Large,Active
207,1013,MARIE Ave Site,MARIE Ave,Small,Active
208,1007,NEWTOWNE CT Site,NEWTOWNE CT,Small,Active
209,1027,"900 Massachusetts Ave Site","900 Massachusetts Ave",Medium,Active
210,1019,"200 COLUMBIA St Site","200 COLUMBIA St",Small,Active
211,1022,"300 BROADWAY Site","300 BROADWAY",Large,Active
212,1028,"2000 Massachusetts Ave Site","2000 Massachusetts Ave",Large,Active
213,1002,Intersection of FRESH POND Pkwy & Kingsley Park,FRESH POND Pkwy & Kingsley Park,Medium,Inactive
214,1010,"1800 Massachusetts Ave Site","1800 Massachusetts Ave",Small,Active
215,1013,"600 Kendall St Site","600 Kendall St",Large,Inactive
216,1030,Intersection of BROADWAY & MAIN St,BROADWAY & MAIN St,Small,Active
217,1025,EMILY St Site,EMILY St,Small,Inactive
218,1021,FOREST St Site,FOREST St,Small,Active
219,1006,SACRAMENTO St Site,SACRAMENTO St,Medium,Active
220,1028,OXFORD St Site,OXFORD St,Small,Active
221,1028,Brattle St Site,Brattle St,Large,Inactive
222,1012,"100 MAIN St Site","100 MAIN St",Small,Inactive
223,1012,COGSWELL Ave Site,COGSWELL Ave,Large,Active
224,1020,"100 SIDNEY St Site","100 SIDNEY St",Small,Active
225,1030,CAMBRIDGE Center Site,CAMBRIDGE Center,Large,Active
226,1030,"100 WASHINGTON St Site","100 WASHINGTON St",Large,Active
227,1011,CRAIGIE CIR Site,CRAIGIE CIR,Small,Active
228,1026,ARNOLD CIR Site,ARNOLD CIR,Small,Inactive
229,1023,"300 RIVER St Site","300 RIVER St",Large,Inactive
230,1028,"100 Massachusetts Ave Site","100 Massachusetts Ave",Medium,Active
231,1025,Intersection of Massachusetts Ave & VASSAR St,Massachusetts Ave & VASSAR St,Small,Active
232,1007,VASSAR St Site,VASSAR St,Medium,Inactive
233,1030,NORRIS St Site,NORRIS St,Small,Active
234,1001,HOVEY Ave Site,HOVEY Ave,Small,Active
235,1001,PARKER St Site,PARKER St,Small,Active
236,1025,FENNO St Site,FENNO St,Small,Active
237,1027,Intersection of HARVARD St & LEE St,HARVARD St & LEE St,Medium,Inactive
238,1030,"2400 Massachusetts Ave Site","2400 Massachusetts Ave",Small,Active
239,1025,IRVING St Site,IRVING St,Large,Active
240,1020,LEONARD Ave Site,LEONARD Ave,Large,Active
241,1013,RIEDESEL Ave Site,RIEDESEL Ave,Medium,Active
242,1009,CEDAR Sq Site,CEDAR Sq,Small,Active
243,1003,"100 MAGNOLIA Ave Site","100 MAGNOLIA Ave",Large,Active
244,1007,Intersection of Chauncy St & Chauncy St,Chauncy St & Chauncy St,Medium,Active
245,1006,CEDAR St Site,CEDAR St,Small,Inactive
246,1008,Craigie Cir Site,Craigie Cir,Large,Active
247,1027,Intersection of GORE St & SCIARAPPA St,GORE St & SCIARAPPA St,Large,Active
248,1009,CRAIGIE St Site,CRAIGIE St,Medium,Inactive
249,1030,"100 LEXINGTON Ave Site","100 LEXINGTON Ave",Small,Active
250,1005,"700 CAMBRIDGE St Site","700 CAMBRIDGE St",Small,Active
251,1001,"400 BINNEY St Site","400 BINNEY St",Large,Active
252,1019,"400 BROADWAY Site","400 BROADWAY",Large,Active
253,1010,"600 Massachusetts Ave Site","600 Massachusetts Ave",Large,Inactive
254,1012,"200 HANCOCK St Site","200 HANCOCK St",Small,Active
255,1024,Intersection of Massachusetts Ave & Massachusetts Ave,Massachusetts Ave & Massachusetts Ave,Medium,Active
256,1015,PLYMOUTH St Site,PLYMOUTH St,Medium,Active
257,1027,HAWTHORNE St Site,HAWTHORNE St,Small,Active
258,1022,BOARDMAN St Site,BOARDMAN St,Medium,Inactive
259,1024,WARREN St Site,WARREN St,Large,Active
260,1009,"900 CAMBRIDGE St Site","900 CAMBRIDGE St",Medium,Active
261,1020,"300 BROOKLINE St Site","300 BROOKLINE St",Medium,Inactive
262,1017,Intersection of DOUGLASS St & Massachusetts Ave,DOUGLASS St & Massachusetts Ave,Medium,Active
263,1030,"500 Massachusetts Ave Site","500 Massachusetts Ave",Large,Active
264,1017,"300 HARVARD St Site","300 HARVARD St",Small,Active
265,1026,"300 Massachusetts Ave Site","300 Massachusetts Ave",Large,Inactive
266,1020,"300 SIDNEY St Site","300 SIDNEY St",Small,Active
267,1012,PEARL St Site,PEARL St,Small,Inactive
268,1030,"700 MEMORIAL DR Site","700 MEMORIAL DR",Small,Active
269,1007,Intersection of BISHOP ALLEN DR & COLUMBIA St,BISHOP ALLEN DR & COLUMBIA St,Medium,Active
270,1002,"100 PROSPECT St Site","100 PROSPECT St",Medium,Active
271,1003,LINNAEAN St Site,LINNAEAN St,Small,Inactive
272,1017,"100 PRESCOTT St Site","100 PRESCOTT St",Small,Active
273,1005,Intersection of INMAN Pl & WEST Pl,INMAN Pl & WEST Pl,Medium,Active
274,1017,BLACKSTONE St Site,BLACKSTONE St,Large,Active
275,1024,Intersection of FRANKLIN St & WESTERN Ave,FRANKLIN St & WESTERN Ave,Small,Active
276,1017,"100 WEBSTER Ave Site","100 WEBSTER Ave",Large,Active
277,1027,"100 YORK St Site","100 YORK St",Medium,Active
278,1017,Intersection of MAGOUN St & WHITTEMORE Ave,MAGOUN St & WHITTEMORE Ave,Small,Inactive
279,1002,JFK St Site,JFK St,Large,Active
280,1002,"700 MOUNT AUBURN St Site","700 MOUNT AUBURN St",Large,Active
281,1028,ELIOT St Site,ELIOT St,Large,Inactive
282,1022,Intersection of ELIOT St & JFK St,ELIOT St & JFK St,Medium,Active
283,1023,"2200 Massachusetts Ave Site","2200 Massachusetts Ave",Medium,Inactive
284,1005,WHITE St Site,WHITE St,Large,Active
285,1001,STORY St Site,STORY St,Large,Inactive
286,1001,"100 CUSHING St Site","100 CUSHING St",Medium,Inactive
287,1019,WOODROW WILSON CT Site,WOODROW WILSON CT,Large,Active
288,1030,LINCOLN WAY Site,LINCOLN WAY,Large,Active
289,1002,"100 MOUNT AUBURN St Site","100 MOUNT AUBURN St",Medium,Active
290,1021,"200 RAYMOND St Site","200 RAYMOND St",Large,Inactive
291,1012,Intersection of BROADWAY & COLUMBIA St,BROADWAY & COLUMBIA St,Large,Inactive
292,1026,WALDEN SqUARE Rd Site,WALDEN SqUARE Rd,Large,Active
293,1006,GARDNER Rd Site,GARDNER Rd,Medium,Active
294,1023,"100 NORFOLK St Site","100 NORFOLK St",Large,Active
295,1004,BRATTLE St Site,BRATTLE St,Medium,Active
296,1023,"200 Concord Tpke Site","200 Concord Tpke",Medium,Inactive
297,1011,Jackson Gdns Site,Jackson Gdns,Small,Active
298,1024,"200 WALDEN St Site","200 WALDEN St",Small,Active
299,1027,RIVER St Site,RIVER St,Large,Active
300,1017,"100 Elm St Site","100 Elm St",Medium,Active
301,1006,"200 SPRING St Site","200 SPRING St",Small,Active
302,1024,BENNETT St Site,BENNETT St,Large,Active
303,1005,"100 COLUMBIA St Site","100 COLUMBIA St",Small,Active
304,1020,"700 Massachusetts Ave Site","700 Massachusetts Ave",Small,Active
305,1002,TREMONT St Site,TREMONT St,Medium,Active
306,1006,SHEA Rd Site,SHEA Rd,Medium,Active
307,1022,Intersection of NEWTOWNE CT & Newtowne Ct,NEWTOWNE CT & Newtowne Ct,Small,Active
308,1011,MAPLE Ave Site,MAPLE Ave,Small,Inactive
309,1016,Intersection of Bristol St & MARKET St,Bristol St & MARKET St,Medium,Active
310,1016,"100 MAPLE Ave Site","100 MAPLE Ave",Large,Active
311,1001,"300 UPLAND Rd Site","300 UPLAND Rd",Medium,Active
312,1009,"100 MOUNT VERNON St Site","100 MOUNT VERNON St",Small,Active
313,1028,BERKELEY St Site,BERKELEY St,Large,Active
314,1027,"400 PROSPECT St Site","400 PROSPECT St",Small,Active
315,1006,"100 WAVERLY St Site","100 WAVERLY St",Large,Active
316,1016,Intersection of FERNALD DR & Robinson St,FERNALD DR & Robinson St,Small,Inactive
317,1029,ARLINGTON St Site,ARLINGTON St,Large,Active
318,1003,SIDNEY St Site,SIDNEY St,Large,Active
319,1020,HOWARD St Site,HOWARD St,Small,Active
320,1028,"300 THIRD St Site","300 THIRD St",Large,Inactive
321,1027,"200 LEXINGTON Ave Site","200 LEXINGTON Ave",Medium,Active
322,1004,"300 PROSPECT St Site","300 PROSPECT St",Small,Active
323,1019,"100 WALDEN St Site","100 WALDEN St",Medium,Active
324,1026,Intersection of MEMORIAL DR & VASSAR St,MEMORIAL DR & VASSAR St,Small,Active
325,1003,UNIVERSITY Rd Site,UNIVERSITY Rd,Large,Inactive
326,1019,"200 HAMPSHIRE St Site","200 HAMPSHIRE St",Large,Active
327,1020,"200 RIVER St Site","200 RIVER St",Large,Active
328,1007,"100 SHERMAN St Site","100 SHERMAN St",Small,Active
329,1020,VAIL CT Site,VAIL CT,Medium,Inactive
330,1009,"200 CAMBRIDGEPARK DR Site","200 CAMBRIDGEPARK DR",Medium,Active
331,1001,BLAIR Pl Site,BLAIR Pl,Small,Active
332,1008,Intersection of BOLTON St & Bolton St,BOLTON St & Bolton St,Small,Active
333,1007,White St Site,White St,Medium,Active
334,1018,"100 ESSEX St Site","100 ESSEX St",Medium,Active
335,1008,"100 CHURCH St Site","100 CHURCH St",Medium,Active
336,1001,BLAKESLEE St Site,BLAKESLEE St,Medium,Active
337,1011,"300 VASSAR St Site","300 VASSAR St",Small,Active
338,1028,"100 WINTHROP St Site","100 WINTHROP St",Small,Active
339,1025,"100 ABERDEEN Ave Site","100 ABERDEEN Ave",Large,Active
340,1025,GOLD StAR Rd Site,GOLD StAR Rd,Medium,Active
341,1018,Intersection of WALDEN St & WOOD St,WALDEN St & WOOD St,Large,Active
342,1023,Intersection of Massachusetts Ave & PROSPECT St,Massachusetts Ave & PROSPECT St,Small,Active
343,1030,"100 GARDEN St Site","100 GARDEN St",Small,Active
344,1010,"100 REED St Site","100 REED St",Large,Active
345,1003,Intersection of BRATTLE St & SPARKS St,BRATTLE St & SPARKS St,Medium,Active
346,1007,SIXTH St Site,SIXTH St,Medium,Inactive
347,1028,Intersection of Otis St & Otis St,Otis St & Otis St,Medium,Active
348,1016,Intersection of Cambridge St & Cambridge St,Cambridge St & Cambridge St,Medium,Active
349,1026,"400 WALDEN St Site","400 WALDEN St",Large,Inactive
350,1016,Intersection of BOND St & CONCORD Ave,BOND St & CONCORD Ave,Large,Active
351,1025,"100 JACKSON St Site","100 JACKSON St",Small,Active
352,1020,"700 Memorial Dr Site","700 Memorial Dr",Medium,Active
353,1028,Intersection of BROOKLINE St & Massachusetts Ave,BROOKLINE St & Massachusetts Ave,Medium,Inactive
354,1017,VINCENT St Site,VINCENT St,Medium,Active
355,1002,"200 GORE St Site","200 GORE St",Large,Inactive
356,1001,Intersection of ALEWIFE BROOK Pkwy & RINDGE Ave,ALEWIFE BROOK Pkwy & RINDGE Ave,Medium,Active
357,1016,Intersection of BENT St & FULKERSON St,BENT St & FULKERSON St,Large,Active
358,1030,"200 BROADWAY Site","200 BROADWAY",Medium,Active
359,1012,"200 WESTERN Ave Site","200 WESTERN Ave",Medium,Inactive
360,1005,"1700 Massachusetts Ave Site","1700 Massachusetts Ave",Small,Active
361,1005,Cambridge Ctr Site,Cambridge Ctr,Medium,Active
362,1027,Intersection of AMES St & MEMORIAL DR,AMES St & MEMORIAL DR,Medium,Active
363,1023,Intersection of BROADWAY & DAVIS St,BROADWAY & DAVIS St,Small,Active
364,1009,AMES St Site,AMES St,Large,Active
365,1009,"100 NEW St Site","100 NEW St",Large,Inactive
366,1003,"300 MAIN St Site","300 MAIN St",Medium,Active
367,1019,"100 MIDDLESEX St Site","100 MIDDLESEX St",Large,Active
368,1016,"300 COLUMBIA St Site","300 COLUMBIA St",Medium,Active
369,1016,"100 GARFIELD St Site","100 GARFIELD St",Small,Active
370,1003,"300 ATHENAEUM St Site","300 ATHENAEUM St",Small,Active
371,1020,Intersection of CAMBRIDGE St & PROSPECT St,CAMBRIDGE St & PROSPECT St,Medium,Active
372,1024,"1100 CAMBRIDGE St Site","1100 CAMBRIDGE St",Small,Active
373,1022,"300 WINDSOR St Site","300 WINDSOR St",Small,Active
374,1024,HIGHLAND Ave Site,HIGHLAND Ave,Medium,Inactive
375,1001,LAND BLVD Site,LAND BLVD,Medium,Active
376,1024,CORPORAL MCTERNAN St Site,CORPORAL MCTERNAN St,Small,Active
377,1020,Intersection of MAIN St & WINDSOR St,MAIN St & WINDSOR St,Large,Active
378,1011,"200 PROSPECT St Site","200 PROSPECT St",Large,Inactive
379,1017,"200 COOLIDGE HILL Site","200 COOLIDGE HILL",Medium,Inactive
380,1008,"500 PUTNAM Ave Site","500 PUTNAM Ave",Medium,Active
381,1004,"400 GREEN St Site","400 GREEN St",Large,Active
382,1006,Intersection of STATE St & WINDSOR St,STATE St & WINDSOR St,Small,Active
383,1008,Intersection of FLAGG St & PUTNAM Ave,FLAGG St & PUTNAM Ave,Large,Inactive
384,1020,"100 BROOKLINE St Site","100 BROOKLINE St",Large,Active
385,1030,Intersection of CAMBRIDGE St & SECOND St,CAMBRIDGE St & SECOND St,Large,Active
386,1003,Intersection of Massachusetts Ave & WINDSOR St,Massachusetts Ave & WINDSOR St,Large,Inactive
387,1016,Intersection of MOUNT AUBURN St & PUTNAM Ave,MOUNT AUBURN St & PUTNAM Ave,Medium,Active
388,1030,"100 THIRD St Site","100 THIRD St",Medium,Active
389,1025,Intersection of ALBANY St & PORTLAND St,ALBANY St & PORTLAND St,Small,Inactive
390,1003,"100 CHARLES St Site","100 CHARLES St",Small,Active
391,1025,HOLMES St Site,HOLMES St,Small,Active
392,1029,Intersection of NORFOLK St & Broadway,NORFOLK St & Broadway,Small,Active
393,1018,TEMPLE St Site,TEMPLE St,Large,Inactive
394,1014,Intersection of PROSPECT St & Sennott Park,PROSPECT St & Sennott Park,Medium,Active
395,1018,"1400 Massachusetts Ave Site","1400 Massachusetts Ave",Medium,Active
396,1002,Intersection of BROADWAY & Sennott Park,BROADWAY & Sennott Park,Small,Active
397,1022,BRATTLE Sq Site,BRATTLE Sq,Small,Active
398,1003,Intersection of BROADWAY & NORFOLK St,BROADWAY & NORFOLK St,Large,Inactive
399,1016,"200 WHITTEMORE Ave Site","200 WHITTEMORE Ave",Large,Inactive
400,1029,"100 Church St Site","100 Church St",Small,Active
401,1009,Intersection of BENNETT St & ELIOT St,BENNETT St & ELIOT St,Medium,Active
402,1004,"200 RICHDALE Ave Site","200 RICHDALE Ave",Medium,Active
403,1001,"200 Richdale Ave Site","200 Richdale Ave",Medium,Active
404,1004,MADISON Ave Site,MADISON Ave,Small,Active
405,1001,"1600 Massachusetts Ave Site","1600 Massachusetts Ave",Medium,Active
406,1014,Intersection of JARVIS St & Massachusetts Ave,JARVIS St & Massachusetts Ave,Large,Active
407,1021,"200 NORFOLK St Site","200 NORFOLK St",Large,Active
408,1016,"600 Massachusetts Ave Site","600 Massachusetts Ave",Small,Active
409,1020,KELLY Rd Site,KELLY Rd,Large,Inactive
410,1024,Intersection of FIRST St & ROGERS St,FIRST St & ROGERS St,Small,Active
411,1008,"100 BENT St Site","100 BENT St",Medium,Inactive
412,1007,Intersection of FIFTH St & SPRING St,FIFTH St & SPRING St,Medium,Inactive
413,1003,Intersection of Fulkerson St & Bent St,Fulkerson St & Bent St,Medium,Active
414,1017,"300 RINDGE Ave Site","300 RINDGE Ave",Large,Inactive
415,1001,"400 HARVARD St Site","400 HARVARD St",Small,Active
416,1016,"100 ALBANY St Site","100 ALBANY St",Medium,Inactive
417,1012,Intersection of Garden St & Stearns St,Garden St & Stearns St,Small,Active
418,1027,BROADWAY Site,BROADWAY,Medium,Active
419,1019,"700 Mount Auburn St Site","700 Mount Auburn St",Large,Active
420,1022,"300 WEBSTER Ave Site","300 WEBSTER Ave",Large,Active
421,1023,OAKLAND St Site,OAKLAND St,Small,Active
422,1022,"600 GREEN St Site","600 GREEN St",Large,Active
423,1014,"100 CAMBRIDGE St Site","100 CAMBRIDGE St",Large,Active
424,1030,"100 FENNO St Site","100 FENNO St",Small,Active
425,1006,"100 WASHINGTON Ave Site","100 WASHINGTON Ave",Medium,Active
426,1006,CAMBRIDGESIDE Pl Site,CAMBRIDGESIDE Pl,Large,Active
427,1013,"100 RINDGE Ave Site","100 RINDGE Ave",Small,Inactive
428,1019,"500 CONCORD Ave Site","500 CONCORD Ave",Large,Inactive
429,1022,Intersection of CAMBRIDGE St & WINDSOR St,CAMBRIDGE St & WINDSOR St,Large,Active
430,1008,Intersection of AMES St & Ames St,AMES St & Ames St,Large,Active
431,1027,MARKET St Site,MARKET St,Large,Active
432,1027,"100 CHURCHILL Ave Site","100 CHURCHILL Ave",Small,Active
433,1002,Intersection of CAMBRIDGE St & Line St,CAMBRIDGE St & Line St,Small,Active
434,1021,Intersection of Pacific St & Sidney St,Pacific St & Sidney St,Small,Active
435,1030,Intersection of BROOKLINE St & FRANKLIN St,BROOKLINE St & FRANKLIN St,Large,Active
436,1001,"200 LARCH Rd Site","200 LARCH Rd",Large,Active
437,1028,JAY St Site,JAY St,Large,Active
438,1015,"100 LANDSDOWNE St Site","100 LANDSDOWNE St",Small,Active
439,1001,"900 Massachusetts Ave Site","900 Massachusetts Ave",Large,Active
440,1005,"100 OXFORD St Site","100 OXFORD St",Medium,Active
441,1028,Intersection of FAIRMONT Ave & Fairmont St,FAIRMONT Ave & Fairmont St,Large,Inactive
442,1029,"100 HANCOCK St Site","100 HANCOCK St",Medium,Inactive
443,1016,MAGNOLIA Ave Site,MAGNOLIA Ave,Large,Active
444,1019,Intersection of Sumner Rd & Cambridge St,Sumner Rd & Cambridge St,Small,Active
445,1004,"2300 Massachusetts Ave Site","2300 Massachusetts Ave",Large,Inactive
446,1003,Intersection of CEDAR St & DUDLEY St,CEDAR St & DUDLEY St,Medium,Active
447,1017,Elm St Site,Elm St,Medium,Active
448,1017,LEE St Site,LEE St,Large,Active
449,1012,GORE St Site,GORE St,Medium,Active
450,1028,HIGHLAND St Site,HIGHLAND St,Medium,Active
451,1030,"100 FAYERWEATHER St Site","100 FAYERWEATHER St",Small,Active
452,1029,"500 MAIN St Site","500 MAIN St",Large,Active
453,1014,Intersection of Massachusetts Ave & RINDGE Ave,Massachusetts Ave & RINDGE Ave,Large,Active
454,1021,HOLLIS St Site,HOLLIS St,Large,Active
455,1006,Intersection of HARVARD St & PROSPECT St,HARVARD St & PROSPECT St,Medium,Active
456,1003,CAMBRIDGEPARK DR Site,CAMBRIDGEPARK DR,Large,Active
457,1028,"1100 Massachusetts Ave Site","1100 Massachusetts Ave",Large,Inactive
458,1009,EVERETT St Site,EVERETT St,Small,Active
459,1005,PORTER Sq Site,PORTER Sq,Small,Active
460,1024,"100 JFK St Site","100 JFK St",Small,Active
461,1029,"400 WASHINGTON St Site","400 WASHINGTON St",Medium,Active
462,1017,KENNEDY Rd Site,KENNEDY Rd,Large,Active
463,1014,"100 CLARENDON Ave Site","100 CLARENDON Ave",Small,Active
464,1021,"300 COLUMBIA St Site","300 COLUMBIA St",Small,Inactive
465,1003,CADBURY Rd Site,CADBURY Rd,Small,Active
466,1028,CHURCH St Site,CHURCH St,Large,Inactive
467,1001,"2100 Massachusetts Ave Site","2100 Massachusetts Ave",Large,Active
468,1020,FERNALD DR Site,FERNALD DR,Large,Active
469,1029,Intersection of BROADWAY & THIRD St,BROADWAY & THIRD St,Medium,Active
470,1021,MUSEUM WAY Site,MUSEUM WAY,Medium,Active
471,1023,SODEN St Site,SODEN St,Small,Inactive
472,1001,"300 FRANKLIN St Site","300 FRANKLIN St",Large,Inactive
473,1003,UNION St Site,UNION St,Small,Active
474,1018,"100 RICHDALE Ave Site","100 RICHDALE Ave",Large,Inactive
475,1025,CAMERON Ave Site,CAMERON Ave,Large,Active
476,1010,Intersection of Education St & Education St,Education St & Education St,Large,Active
477,1022,"200 ALBANY St Site","200 ALBANY St",Medium,Inactive
478,1026,Intersection of HAMPSHIRE St & INMAN St,HAMPSHIRE St & INMAN St,Medium,Active
479,1003,"500 Broadway Site","500 Broadway",Large,Active
480,1008,"1000 CAMBRIDGE St Site","1000 CAMBRIDGE St",Small,Active
481,1014,OAK St Site,OAK St,Large,Active
482,1024,CONCORD Ave Site,CONCORD Ave,Large,Active
483,1018,HARVEY St Site,HARVEY St,Small,Inactive
484,1015,Intersection of HOVEY Ave & CAMBRIDGE St,HOVEY Ave & CAMBRIDGE St,Large,Active
485,1022,Intersection of GORE St & RUFO Rd,GORE St & RUFO Rd,Small,Active
486,1023,Intersection of OXFORD St & SACRAMENTO St,OXFORD St & SACRAMENTO St,Medium,Active
487,1002,"100 ABERDEEN Ave Site","100 ABERDEEN Ave",Medium,Active
488,1027,GROZIER Rd Site,GROZIER Rd,Small,Active
489,1010,Intersection of MUSEUM St & Museum St,MUSEUM St & Museum St,Medium,Active
490,1002,"100 MUSEUM St Site","100 MUSEUM St",Medium,Active
491,1026,BUCKINGHAM St Site,BUCKINGHAM St,Small,Active
492,1017,CENTRE St Site,CENTRE St,Medium,Active
493,1008,BIGELOW St Site,BIGELOW St,Large,Active
494,1001,Intersection of ELIOT St & BENNETT St,ELIOT St & BENNETT St,Large,Inactive
495,1009,"100 HAMMOND St Site","100 HAMMOND St",Small,Active
496,1011,Intersection of Pleasant St & Pleasant St,Pleasant St & Pleasant St,Medium,Active
497,1022,"1500 CAMBRIDGE St Site","1500 CAMBRIDGE St",Large,Active
498,1016,RINDGEFIELD St Site,RINDGEFIELD St,Large,Active
499,1007,Intersection of HARVARD St & NORFOLK St,HARVARD St & NORFOLK St,Medium,Active
500,1029,"2500 Massachusetts Ave Site","2500 Massachusetts Ave",Medium,Active
501,1010,PLEASANT Pl Site,PLEASANT Pl,Large,Active
502,1023,"100 Fairmont St Site","100 Fairmont St",Large,Inactive
503,1026,Intersection of BROADWAY & Prospect St,BROADWAY & Prospect St,Small,Inactive
504,1003,Elm St Site,Elm St,Small,Active
505,1018,Eliot St Site,Eliot St,Large,Active
506,1025,"300 HURON Ave Site","300 HURON Ave",Small,Inactive
507,1024,"100 PROSPECT St Site","100 PROSPECT St",Large,Active
508,1013,BEECH St Site,BEECH St,Large,Inactive
509,1028,INMAN St Site,INMAN St,Small,Active
510,1026,Intersection of Massachusetts Ave & TEMPLE St,Massachusetts Ave & TEMPLE St,Small,Inactive
511,1007,"100 PEMBERTON St Site","100 PEMBERTON St",Medium,Inactive
512,1025,"100 Massachusetts Ave Site","100 Massachusetts Ave",Medium,Active
513,1004,"300 WINDSOR St Site","300 WINDSOR St",Medium,Active
514,1013,"500 Concord Ave Site","500 Concord Ave",Large,Active
515,1020,Alewife Brook Pky Site,Alewife Brook Pky,Small,Active
516,1001,ST JOHNS Rd Site,ST JOHNS Rd,Large,Active
517,1008,Intersection of WINDSOR St & Windsor St,WINDSOR St & Windsor St,Small,Inactive
518,1014,Intersection of AMES St & MAIN St,AMES St & MAIN St,Large,Active
519,1016,"100 HARVARD St Site","100 HARVARD St",Medium,Active
520,1014,Intersection of GREENOUGH Ave & HIGHLAND Ave,GREENOUGH Ave & HIGHLAND Ave,Medium,Active
521,1012,FAINWOOD CIR Site,FAINWOOD CIR,Medium,Active
522,1019,PHILLIPS Pl Site,PHILLIPS Pl,Large,Active
523,1023,"200 GARDEN St Site","200 GARDEN St",Small,Inactive
524,1015,"600 MOUNT AUBURN St Site","600 MOUNT AUBURN St",Small,Active
525,1028,Intersection of LANCASTER St & WASHINGTON Ave,LANCASTER St & WASHINGTON Ave,Medium,Active
526,1002,PALMER St Site,PALMER St,Medium,Active
527,1002,"100 ALEWIFE BROOK Pkwy Site","100 ALEWIFE BROOK Pkwy",Medium,Active
528,1023,FAIRMONT St Site,FAIRMONT St,Medium,Active
529,1022,ROCKWELL St Site,ROCKWELL St,Small,Inactive
530,1019,BUENA VISTA PARK Site,BUENA VISTA PARK,Large,Active
531,1025,"100 KINNAIRD St Site","100 KINNAIRD St",Large,Inactive
532,1026,"100 PACIFIC St Site","100 PACIFIC St",Large,Active
533,1030,"300 Elm St Site","300 Elm St",Large,Inactive
534,1029,Intersection of CAMBRIDGE St & NORFOLK St,CAMBRIDGE St & NORFOLK St,Medium,Active
535,1022,Intersection of PACIFIC St & PURRINGTON St,PACIFIC St & PURRINGTON St,Medium,Active
536,1026,"200 FAYERWEATHER St Site","200 FAYERWEATHER St",Medium,Active
537,1026,Intersection of FROST St & PRENTISS St,FROST St & PRENTISS St,Large,Inactive
538,1022,"200 PEMBERTON St Site","200 PEMBERTON St",Medium,Inactive
539,1017,"1900 Massachusetts Ave Site","1900 Massachusetts Ave",Medium,Inactive
540,1020,"1800 Massachusetts Ave Site","1800 Massachusetts Ave",Small,Active
541,1010,"400 COLUMBIA St Site","400 COLUMBIA St",Small,Active
542,1006,BAY St Site,BAY St,Medium,Active
543,1015,Intersection of Exeter Park & Massachusetts Ave,Exeter Park & Massachusetts Ave,Small,Active
544,1022,UPLAND Rd Site,UPLAND Rd,Small,Active
545,1011,EIGHTH St Site,EIGHTH St,Medium,Inactive
546,1028,Intersection of BOND St & Bond St,BOND St & Bond St,Medium,Active
547,1005,"700 Concord Ave Site","700 Concord Ave",Medium,Active
548,1001,"300 HURLEY St Site","300 HURLEY St",Medium,Active
549,1008,Intersection of Massachusetts Ave & Pearl St,Massachusetts Ave & Pearl St,Large,Active
550,1021,Ware St Site,Ware St,Large,Active
551,1028,Intersection of Ellery St & Ellery St,Ellery St & Ellery St,Medium,Active
552,1012,Intersection of OXFORD Ave & Oxford Ave,OXFORD Ave & Oxford Ave,Small,Active
553,1012,"100 MOONEY St Site","100 MOONEY St",Medium,Inactive
554,1005,Intersection of Massachusetts Ave & WESTERN Ave,Massachusetts Ave & WESTERN Ave,Medium,Active
555,1007,"200 APPLETON St Site","200 APPLETON St",Small,Active
556,1004,Intersection of AMORY St & BROADWAY,AMORY St & BROADWAY,Large,Inactive
557,1006,Intersection of BROADWAY & PROSPECT St,BROADWAY & PROSPECT St,Medium,Active
558,1013,Intersection of AMORY St & St MARY Rd,AMORY St & St MARY Rd,Medium,Inactive
559,1020,Intersection of MAIN St & OSBORN St,MAIN St & OSBORN St,Large,Active
560,1030,LANGDON St Site,LANGDON St,Large,Inactive
561,1015,SALEM St Site,SALEM St,Small,Active
562,1003,Intersection of FIRST St & OTIS St,FIRST St & OTIS St,Large,Inactive
563,1023,"200 HURLEY St Site","200 HURLEY St",Large,Active
564,1008,"100 WINTHROP St Site","100 WINTHROP St",Large,Active
565,1020,Intersection of LAWRENCE St & MAGAZINE St,LAWRENCE St & MAGAZINE St,Small,Active
566,1016,Intersection of GARDEN St & Massachusetts Ave,GARDEN St & Massachusetts Ave,Large,Inactive
567,1013,"200 PROSPECT St Site","200 PROSPECT St",Large,Inactive
568,1018,"100 BRATTLE St Site","100 BRATTLE St",Small,Active
569,1028,Intersection of PLEASANT St & CHALK St,PLEASANT St & CHALK St,Large,Active
570,1010,"100 WHITTEMORE Ave Site","100 WHITTEMORE Ave",Large,Inactive
571,1030,SHERIDAN St Site,SHERIDAN St,Small,Active
572,1019,Intersection of CAMERON Ave & Massachusetts Ave,CAMERON Ave & Massachusetts Ave,Medium,Active
573,1017,WASHBURN Ave Site,WASHBURN Ave,Small,Active
574,1024,LOCKE St Site,LOCKE St,Large,Inactive
575,1019,Intersection of PORTER Sq & Porter Sq MBTA Stat,PORTER Sq & Porter Sq MBTA Stat,Large,Active
576,1028,WORCESTER St Site,WORCESTER St,Large,Active
577,1026,Intersection of BRATTLE St & PALMER St,BRATTLE St & PALMER St,Small,Active
578,1023,"100 Prospect St Site","100 Prospect St",Large,Active
579,1026,Intersection of PORTER Rd & Porter Rd,PORTER Rd & Porter Rd,Large,Active
580,1005,CUTLER Ave Site,CUTLER Ave,Small,Active
581,1026,"100 Auburn Park Site","100 Auburn Park",Medium,Active
582,1021,MIDDLESEX St Site,MIDDLESEX St,Medium,Active
583,1030,Garfield St Site,Garfield St,Large,Active
584,1023,Intersection of PROSPECT St & Cambridge Cemetery,PROSPECT St & Cambridge Cemetery,Small,Active
585,1009,Intersection of CAMBRIDGE St & HAMPSHIRE St,CAMBRIDGE St & HAMPSHIRE St,Large,Active
586,1012,"400 MAIN St Site","400 MAIN St",Small,Inactive
587,1021,"1300 CAMBRIDGE St Site","1300 CAMBRIDGE St",Small,Active
588,1001,"100 VASSAR St Site","100 VASSAR St",Medium,Active
589,1026,Intersection of POTTER St & THIRD St,POTTER St & THIRD St,Medium,Inactive
590,1026,WENDELL St Site,WENDELL St,Small,Inactive
591,1001,"100 WESTERN Ave Site","100 WESTERN Ave",Large,Active
592,1015,"300 NORFOLK St Site","300 NORFOLK St",Medium,Active
593,1002,Intersection of HOLLIS St & Massachusetts Ave,HOLLIS St & Massachusetts Ave,Large,Active
594,1030,Intersection of LEE St & Massachusetts Ave,LEE St & Massachusetts Ave,Medium,Active
595,1022,"100 GORHAM St Site","100 GORHAM St",Medium,Active
596,1016,"100 KIRKLAND St Site","100 KIRKLAND St",Large,Active
597,1025,"100 TROWBRIDGE St Site","100 TROWBRIDGE St",Medium,Active
598,1008,Intersection of IRVING St & IRVING Ter,IRVING St & IRVING Ter,Medium,Active
599,1013,"100 WINTER St Site","100 WINTER St",Large,Active
600,1021,Intersection of CONCORD Ave & HURON Ave,CONCORD Ave & HURON Ave,Medium,Inactive
601,1001,"300 WALDEN St Site","300 WALDEN St",Medium,Active
602,1016,Intersection of Hampshire St & Murdock St,Hampshire St & Murdock St,Medium,Inactive
603,1029,IRVING Ter Site,IRVING Ter,Large,Active
604,1007,RINDGE Ter Site,RINDGE Ter,Small,Inactive
605,1005,SUMNER Rd Site,SUMNER Rd,Large,Active
606,1022,Intersection of SACRAMENTO St & Oxford St,SACRAMENTO St & Oxford St,Small,Active
607,1029,"100 GORE St Site","100 GORE St",Medium,Active
608,1023,Intersection of BISHOP ALLEN DR & VAIL CT,BISHOP ALLEN DR & VAIL CT,Small,Active
609,1003,Intersection of BELMONT St & MOUNT AUBURN St,BELMONT St & MOUNT AUBURN St,Large,Inactive
610,1012,"200 BRATTLE St Site","200 BRATTLE St",Large,Inactive
611,1026,Intersection of Magazine St & CHALK St,Magazine St & CHALK St,Medium,Inactive
612,1016,HOLWORTHY St Site,HOLWORTHY St,Small,Active
613,1019,Intersection of BROADWAY & TREMONT St,BROADWAY & TREMONT St,Medium,Active
614,1005,"100 Prospect St Site","100 Prospect St",Medium,Active
615,1022,LINWOOD CT Site,LINWOOD CT,Large,Active
616,1025,Intersection of Massachusetts Ave & WALDEN St,Massachusetts Ave & WALDEN St,Small,Active
617,1029,"1200 CAMBRIDGE St Site","1200 CAMBRIDGE St",Small,Active
618,1014,VERDUN St Site,VERDUN St,Small,Active
619,1028,"300 Massachusetts Ave Site","300 Massachusetts Ave",Small,Active
620,1005,Intersection of CAMBRIDGE St & Maple Ave,CAMBRIDGE St & Maple Ave,Medium,Active
621,1015,AGASSIZ St Site,AGASSIZ St,Medium,Active
622,1017,Washington St Site,Washington St,Large,Active
623,1030,"100 ANTRIM St Site","100 ANTRIM St",Medium,Active
624,1014,Intersection of OXFORD St & FOREST St,OXFORD St & FOREST St,Medium,Active
625,1030,NEWPORT Rd Site,NEWPORT Rd,Large,Active
626,1020,"2600 Massachusetts Ave Site","2600 Massachusetts Ave",Large,Inactive
627,1005,Intersection of ATHENS St & MOUNT AUBURN St,ATHENS St & MOUNT AUBURN St,Large,Active
628,1012,Dewolfe St Site,Dewolfe St,Medium,Active
629,1016,Intersection of FRONT St & WINDSOR St,FRONT St & WINDSOR St,Medium,Active
630,1026,Intersection of Windsor St & State St,Windsor St & State St,Large,Active
631,1026,BOW St Site,BOW St,Large,Active
632,1016,ARROW St Site,ARROW St,Large,Active
633,1021,Intersection of IRVING St & Irving St,IRVING St & Irving St,Medium,Inactive
634,1007,Intersection of CENTRAL Sq & Central Sq,CENTRAL Sq & Central Sq,Medium,Inactive
635,1004,Intersection of MAGAZINE St & CHESTNUT St,MAGAZINE St & CHESTNUT St,Small,Inactive
636,1001,Intersection of BROOKLINE St & WATSON St,BROOKLINE St & WATSON St,Medium,Active
637,1030,"200 CHESTNUT St Site","200 CHESTNUT St",Medium,Active
638,1030,"200 CONCORD Ave Site","200 CONCORD Ave",Medium,Active
639,1005,"200 BINNEY St Site","200 BINNEY St",Large,Inactive
640,1023,"100 St SAUVEUR CT Site","100 St SAUVEUR CT",Medium,Active
641,1026,SPARKS St Site,SPARKS St,Large,Active
642,1010,CLIFTON St Site,CLIFTON St,Small,Active
643,1022,GIBSON St Site,GIBSON St,Small,Active
644,1005,Intersection of OTIS St & SEVENTH St,OTIS St & SEVENTH St,Large,Active
645,1004,FARWELL Pl Site,FARWELL Pl,Large,Active
646,1002,"100 RAYMOND St Site","100 RAYMOND St",Large,Active
647,1020,"100 LINCOLN WAY Site","100 LINCOLN WAY",Medium,Active
648,1010,"100 MARKET St Site","100 MARKET St",Small,Active
649,1026,Intersection of Massachusetts Ave & SOMERVILLE Ave,Massachusetts Ave & SOMERVILLE Ave,Large,Inactive
650,1019,"100 Winthrop St Site","100 Winthrop St",Medium,Inactive
651,1026,"100 CAMBRIDGEPARK DR Site","100 CAMBRIDGEPARK DR",Small,Active
652,1001,UPTON St Site,UPTON St,Medium,Inactive
653,1024,Church St Site,Church St,Small,Inactive
654,1005,BROOKFORD St Site,BROOKFORD St,Medium,Active
655,1013,"100 APPLETON St Site","100 APPLETON St",Small,Active
656,1004,Intersection of PORTER Sq & Porter Sq,PORTER Sq & Porter Sq,Small,Active
657,1016,LAUREL St Site,LAUREL St,Medium,Active
658,1024,UNION St Site,UNION St,Large,Inactive
659,1016,"200 Elm St Site","200 Elm St",Small,Active
660,1023,Intersection of MAIN St & PORTLAND St,MAIN St & PORTLAND St,Large,Active
661,1002,Intersection of MOUNT VERNON St & UPLAND Rd,MOUNT VERNON St & UPLAND Rd,Medium,Active
662,1017,CAMBRIDGE Ter Site,CAMBRIDGE Ter,Large,Active
663,1028,"100 BRISTOL St Site","100 BRISTOL St",Large,Active
664,1027,Intersection of WADSWORTH St & Wadsworth St,WADSWORTH St & Wadsworth St,Large,Active
665,1020,Intersection of COLUMBIA St & LINCOLN St,COLUMBIA St & LINCOLN St,Large,Active
666,1024,Intersection of Elm St & HAMPSHIRE St,Elm St & HAMPSHIRE St,Large,Inactive
667,1012,"300 FRESH POND Pkwy Site","300 FRESH POND Pkwy",Small,Inactive
668,1018,"200 UPLAND Rd Site","200 UPLAND Rd",Small,Active
669,1003,RICHDALE Ave Site,RICHDALE Ave,Small,Active
670,1028,"200 MAIN St Site","200 MAIN St",Medium,Active
671,1001,YERXA Rd Site,YERXA Rd,Large,Inactive
672,1001,Intersection of LANDSDOWNE St & PACIFIC St,LANDSDOWNE St & PACIFIC St,Small,Inactive
673,1029,Intersection of CEDAR St & Massachusetts Ave,CEDAR St & Massachusetts Ave,Medium,Active
674,1019,HOMER Ave Site,HOMER Ave,Small,Active
675,1011,MAGOUN St Site,MAGOUN St,Small,Active
676,1005,Intersection of INMAN St & Massachusetts Ave,INMAN St & Massachusetts Ave,Large,Active
677,1012,Intersection of BRATTLE St & Harvard Sq,BRATTLE St & Harvard Sq,Medium,Active
678,1003,"200 WORCESTER St Site","200 WORCESTER St",Large,Active
679,1001,KIRKLAND St Site,KIRKLAND St,Large,Active
680,1001,Intersection of MASSACHUSETTS Ave & Cedar St,MASSACHUSETTS Ave & Cedar St,Small,Inactive
681,1008,Intersection of PACIFIC St & SIDNEY St,PACIFIC St & SIDNEY St,Large,Active
682,1010,LANDSDOWNE St Site,LANDSDOWNE St,Medium,Active
683,1011,"100 HAMPSHIRE St Site","100 HAMPSHIRE St",Large,Inactive
684,1012,NOTRE DAME Ave Site,NOTRE DAME Ave,Large,Active
685,1029,"100 GERRYS LANDING Rd Site","100 GERRYS LANDING Rd",Large,Active
686,1013,"400 HURON Ave Site","400 HURON Ave",Small,Active
687,1012,Intersection of WESTERN Ave & PlEASANT St,WESTERN Ave & PlEASANT St,Medium,Active
688,1014,"100 HIGHLAND Ave Site","100 HIGHLAND Ave",Small,Active
689,1002,Intersection of GARFIELD St & Massachusetts Ave,GARFIELD St & Massachusetts Ave,Small,Active
690,1029,Intersection of ALBANY St & Massachusetts Ave,ALBANY St & Massachusetts Ave,Small,Active
691,1019,Intersection of HARVARD St & PORTLAND St,HARVARD St & PORTLAND St,Small,Inactive
692,1018,SARGENT St Site,SARGENT St,Small,Active
693,1003,HUMBOLDT St Site,HUMBOLDT St,Medium,Active
694,1023,"100 AMHERST St Site","100 AMHERST St",Large,Active
695,1017,Intersection of BROADWAY & HAMPSHIRE St,BROADWAY & HAMPSHIRE St,Small,Active
696,1026,WALNUT Ave Site,WALNUT Ave,Small,Active
697,1008,"100 MOUNT PlEASANT St Site","100 MOUNT PlEASANT St",Medium,Active
698,1029,Intersection of Massachusetts Ave & ALBANY St,Massachusetts Ave & ALBANY St,Medium,Active
699,1026,WALDEN St Site,WALDEN St,Large,Active
700,1010,Intersection of Massachusetts Ave & CHURCH St,Massachusetts Ave & CHURCH St,Medium,Active
701,1026,Intersection of Massachusetts Ave & ROSELAND St,Massachusetts Ave & ROSELAND St,Large,Active
702,1030,RICHARD Ave Site,RICHARD Ave,Small,Active
703,1002,Intersection of Elm St & Hampshire St,Elm St & Hampshire St,Small,Inactive
704,1019,"300 ALBANY St Site","300 ALBANY St",Large,Active
705,1009,ERIE St Site,ERIE St,Medium,Active
706,1007,"100 MEMORIAL DR Site","100 MEMORIAL DR",Large,Active
707,1004,PEMBERTON St Site,PEMBERTON St,Medium,Inactive
708,1026,Intersection of RIVER St & GREEN St,RIVER St & GREEN St,Small,Active
709,1021,"100 ERIE St Site","100 ERIE St",Medium,Inactive
710,1018,Intersection of NEW St & Danehy Park,NEW St & Danehy Park,Large,Active
711,1013,"100 UPLAND Rd Site","100 UPLAND Rd",Large,Active
712,1011,REGENT St Site,REGENT St,Small,Inactive
713,1029,ROGERS St Site,ROGERS St,Medium,Active
714,1024,"100 BRISTOL St Site","100 BRISTOL St",Medium,Active
715,1004,Intersection of MOUNT AUBURN St & Brattle St,MOUNT AUBURN St & Brattle St,Medium,Active
716,1025,Intersection of FRESH POND Pkwy & HURON Ave,FRESH POND Pkwy & HURON Ave,Small,Active
717,1021,Intersection of ELLSWORTH Ave & Ellsworth Ave,ELLSWORTH Ave & Ellsworth Ave,Medium,Inactive
718,1029,FAYETTE St Site,FAYETTE St,Large,Active
719,1025,Intersection of COLUMBIA St & WEBSTER Ave,COLUMBIA St & WEBSTER Ave,Medium,Active
720,1004,"200 HAMPSHIRE St Site","200 HAMPSHIRE St",Small,Inactive
721,1010,"200 SIDNEY St Site","200 SIDNEY St",Medium,Active
722,1005,"100 COOLIDGE HILL Site","100 COOLIDGE HILL",Medium,Active
723,1009,Brookline Pl Site,Brookline Pl,Large,Active
724,1024,"200 SHERMAN St Site","200 SHERMAN St",Medium,Active
725,1003,"1900 Massachusetts Ave Site","1900 Massachusetts Ave",Large,Active
726,1017,"100 WILLOW St Site","100 WILLOW St",Large,Active
727,1003,PRENTISS St Site,PRENTISS St,Small,Active
728,1016,Intersection of BROADWAY & MARKET St,BROADWAY & MARKET St,Large,Active
729,1004,WEBSTER Ave Site,WEBSTER Ave,Large,Active
730,1018,"300 Kendall Sq Site","300 Kendall Sq",Small,Active
731,1017,Intersection of BROOKLINE Pl & PACIFIC St,BROOKLINE Pl & PACIFIC St,Large,Active
732,1007,Intersection of Prospect St & Hampshire St,Prospect St & Hampshire St,Small,Inactive
733,1024,Intersection of MULLER Ave & MURRAY HILL Rd,MULLER Ave & MURRAY HILL Rd,Medium,Active
734,1023,"100 TREMONT St Site","100 TREMONT St",Small,Active
735,1030,Intersection of GARDEN St & Mason St,GARDEN St & Mason St,Large,Active
736,1005,Intersection of INDUSTRIAL PARK Rd & North Point Blvd,INDUSTRIAL PARK Rd & North Point Blvd,Small,Active
737,1012,Intersection of PACIFIC St & Landsdowne St,PACIFIC St & Landsdowne St,Large,Active
738,1017,Intersection of BAY St & GREEN St,BAY St & GREEN St,Medium,Active
739,1023,Intersection of Massachusetts Ave & REGENT St,Massachusetts Ave & REGENT St,Small,Inactive
740,1013,PILGRIM St Site,PILGRIM St,Medium,Active
741,1023,"100 CAMBRIDGE Pkwy Site","100 CAMBRIDGE Pkwy",Large,Inactive
742,1025,Intersection of Sidney St & Pacific St,Sidney St & Pacific St,Large,Active
743,1003,"100 StANDISH St Site","100 StANDISH St",Medium,Active
744,1009,PROSPECT St Site,PROSPECT St,Small,Inactive
745,1030,"200 Alewife Brook Pky Site","200 Alewife Brook Pky",Small,Active
746,1017,YORK St Site,YORK St,Large,Active
747,1017,Intersection of GRAY St & LINNAEAN St,GRAY St & LINNAEAN St,Medium,Active
748,1030,Intersection of BROADWAY & PRESCOTT St,BROADWAY & PRESCOTT St,Medium,Active
749,1020,"800 CAMBRIDGE St Site","800 CAMBRIDGE St",Small,Active
750,1016,"100 WILLOW St Site","100 WILLOW St",Small,Inactive
751,1025,Intersection of RIVER St & BLACKSTONE St,RIVER St & BLACKSTONE St,Small,Active
752,1022,CALLENDER St Site,CALLENDER St,Medium,Active
753,1013,"100 FRANKLIN St Site","100 FRANKLIN St",Small,Inactive
754,1027,HARDING St Site,HARDING St,Small,Active
755,1019,Intersection of LONGFELLOW PARK & Mount Auburn St,LONGFELLOW PARK & Mount Auburn St,Large,Active
756,1017,Intersection of BISHOP ALLEN DR & ESSEX St,BISHOP ALLEN DR & ESSEX St,Small,Active
757,1004,JAMES WAY Site,JAMES WAY,Small,Active
758,1012,MARCELLA St Site,MARCELLA St,Medium,Inactive
759,1029,FORT WASHINGTON Pl Site,FORT WASHINGTON Pl,Medium,Active
760,1009,Intersection of CAMBRIDGE St & PEABODY St,CAMBRIDGE St & PEABODY St,Large,Active
761,1019,Intersection of ENDICOTT St & MEMORIAL DR,ENDICOTT St & MEMORIAL DR,Small,Inactive
762,1012,Intersection of HAYES St & HOWARD St,HAYES St & HOWARD St,Large,Active
763,1009,"2100 MASSACHUSETTS Ave Site","2100 MASSACHUSETTS Ave",Medium,Active
764,1007,Intersection of Avon St & Shepard St,Avon St & Shepard St,Large,Active
765,1028,Intersection of HOLYOKE St & Massachusetts Ave,HOLYOKE St & Massachusetts Ave,Medium,Inactive
766,1014,LOPEZ Ave Site,LOPEZ Ave,Large,Inactive
767,1020,"200 FRANKLIN St Site","200 FRANKLIN St",Large,Active
768,1019,Intersection of KIRKLAND St & OXFORD St,KIRKLAND St & OXFORD St,Small,Inactive
769,1026,Intersection of JFK St & MOUNT AUBURN St,JFK St & MOUNT AUBURN St,Large,Inactive
770,1015,Intersection of DUNSTER St & Massachusetts Ave,DUNSTER St & Massachusetts Ave,Small,Active
771,1016,JFK St Site,JFK St,Small,Active
772,1021,NEWTON St Site,NEWTON St,Small,Inactive
773,1005,AMORY St Site,AMORY St,Small,Active
774,1003,"100 Granite St Site","100 Granite St",Large,Inactive
775,1012,Intersection of Brattle St & Hilliard St,Brattle St & Hilliard St,Medium,Active
776,1025,Intersection of Columbia St & Columbia Ter,Columbia St & Columbia Ter,Medium,Inactive
777,1020,Intersection of HARVARD YARD & Harvard Yard,HARVARD YARD & Harvard Yard,Medium,Active
778,1027,"1900 Massachusetts Ave Site","1900 Massachusetts Ave",Large,Active
779,1021,AUSTIN PARK Site,AUSTIN PARK,Small,Inactive
780,1004,"300 NORFOLK St Site","300 NORFOLK St",Medium,Active
781,1021,Intersection of HARVARD Sq & Harvard Sq,HARVARD Sq & Harvard Sq,Large,Active
782,1023,COLUMBIA Ter Site,COLUMBIA Ter,Small,Inactive
783,1016,Intersection of Massachusetts Ave & WOODBRIDGE St,Massachusetts Ave & WOODBRIDGE St,Medium,Active
784,1025,Intersection of CHURCH St & PALMER St,CHURCH St & PALMER St,Small,Active
785,1007,Intersection of FIELD St & Field St,FIELD St & Field St,Medium,Active
786,1013,Intersection of Massachusetts Ave & MOUNT VERNON St,Massachusetts Ave & MOUNT VERNON St,Medium,Active
787,1021,ELLSWORTH Ave Site,ELLSWORTH Ave,Medium,Inactive
788,1010,Intersection of ALBANY St & CROSS St,ALBANY St & CROSS St,Small,Active
789,1026,ALPINE St Site,ALPINE St,Large,Active
790,1007,Canal Park Site,Canal Park,Small,Active
791,1014,"400 WINDSOR St Site","400 WINDSOR St",Medium,Active
792,1026,HARWELL DR Site,HARWELL DR,Small,Inactive
793,1005,ANTRIM St Site,ANTRIM St,Large,Active
794,1003,"100 FROST St Site","100 FROST St",Small,Active
795,1023,TRAILL St Site,TRAILL St,Large,Active
796,1029,Intersection of CHARLES St & FIRST St,CHARLES St & FIRST St,Large,Active
797,1011,"1000 JACKSON Pl Site","1000 JACKSON Pl",Small,Inactive
798,1011,Intersection of FULKERSON St & OTIS St,FULKERSON St & OTIS St,Medium,Active
799,1018,"200 Otis St Site","200 Otis St",Large,Active
800,1015,Fulkerson St Site,Fulkerson St,Small,Active
801,1012,"500 Technology Sq Site","500 Technology Sq",Large,Active
802,1009,Intersection of Concord Ave & Blanchard Rd,Concord Ave & Blanchard Rd,Medium,Active
803,1010,CHANNING St Site,CHANNING St,Small,Active
804,1026,"300 GREEN St Site","300 GREEN St",Small,Active
805,1012,"300 Rindge Ave Site","300 Rindge Ave",Small,Active
806,1017,"200 CHARLES St Site","200 CHARLES St",Medium,Inactive
807,1029,"200 PUTNAM Ave Site","200 PUTNAM Ave",Large,Active
808,1006,Intersection of PALERMO St & Willow St,PALERMO St & Willow St,Small,Active
809,1007,Intersection of Jefferson St & Harding St,Jefferson St & Harding St,Large,Active
810,1014,Intersection of BISHOP ALLEN DR & NORFOLK St,BISHOP ALLEN DR & NORFOLK St,Large,Active
811,1013,"400 Massachusetts Ave Site","400 Massachusetts Ave",Medium,Inactive
812,1008,CHATHAM St Site,CHATHAM St,Small,Active
813,1010,"600 PUTNAM Ave Site","600 PUTNAM Ave",Large,Active
814,1009,MARNEY St Site,MARNEY St,Small,Active
815,1018,"100 MARTIN St Site","100 MARTIN St",Small,Active
816,1027,RIVER St Site,RIVER St,Medium,Active
817,1026,"100 ORCHARD St Site","100 ORCHARD St",Small,Active
818,1002,Intersection of ALLSTON St & SIDNEY St,ALLSTON St & SIDNEY St,Small,Inactive
819,1005,Intersection of ROOSEVELT TOWERS & Windsor St,ROOSEVELT TOWERS & Windsor St,Large,Active
820,1029,"100 PUTNAM Ave Site","100 PUTNAM Ave",Medium,Active
821,1005,"100 LINNAEAN St Site","100 LINNAEAN St",Small,Active
822,1006,Intersection of CAMBRIDGE St & ELLSWORTH Ave,CAMBRIDGE St & ELLSWORTH Ave,Large,Active
823,1019,HAYES St Site,HAYES St,Medium,Active
824,1008,JEFFERSON St Site,JEFFERSON St,Medium,Inactive
825,1016,Intersection of BERKSHIRE St & YORK St,BERKSHIRE St & YORK St,Large,Active
826,1013,"300 EVERETEZE WAY Site","300 EVERETEZE WAY",Large,Active
827,1001,Intersection of ESSEX St & Massachusetts Ave,ESSEX St & Massachusetts Ave,Large,Active
828,1022,Intersection of Green St & Pleasant St,Green St & Pleasant St,Large,Active
829,1020,ROOSEVELT TOWERS Site,ROOSEVELT TOWERS,Large,Active
830,1017,HUNTING St Site,HUNTING St,Small,Active
831,1007,ACACIA St Site,ACACIA St,Small,Active
832,1025,Intersection of Massachusetts Ave & NORFOLK St,Massachusetts Ave & NORFOLK St,Medium,Active
833,1013,Intersection of Broadway & HARVARD St,Broadway & HARVARD St,Small,Active
834,1004,"1700 Massachusetts Ave Site","1700 Massachusetts Ave",Small,Active
835,1004,"1400 CAMBRIDGE St Site","1400 CAMBRIDGE St",Small,Inactive
836,1006,Intersection of EVERETT St & OXFORD St,EVERETT St & OXFORD St,Large,Active
837,1028,"100 Highland Ave Site","100 Highland Ave",Medium,Active
838,1019,"200 AUBURN St Site","200 AUBURN St",Medium,Active
839,1029,Intersection of GREEN St & SIDNEY St,GREEN St & SIDNEY St,Medium,Active
840,1012,Intersection of WILLOW St & Willow St,WILLOW St & Willow St,Medium,Active
841,1022,SCIENCE PARK Site,SCIENCE PARK,Small,Inactive
842,1007,Newtowne Ct Site,Newtowne Ct,Small,Active
843,1027,"500 FRANKLIN St Site","500 FRANKLIN St",Large,Active
844,1010,Intersection of BINNEY St & CARDINAL MEDEIROS Ave,BINNEY St & CARDINAL MEDEIROS Ave,Medium,Inactive
845,1026,"500 KENDALL St Site","500 KENDALL St",Small,Active
846,1019,Intersection of REGENT St & Massachusetts Ave,REGENT St & Massachusetts Ave,Small,Active
847,1007,"200 VASSAL LN Site","200 VASSAL LN",Large,Active
848,1030,Intersection of LANCASTER St & Massachusetts Ave,LANCASTER St & Massachusetts Ave,Large,Active
849,1003,MADISON St Site,MADISON St,Large,Active
850,1013,"100 THINGVALLA Ave Site","100 THINGVALLA Ave",Small,Active
851,1013,Intersection of Sidney St & Massachusetts Ave,Sidney St & Massachusetts Ave,Small,Active
852,1018,Intersection of Green St & Magazine St,Green St & Magazine St,Large,Active
853,1028,Intersection of GARDEN St & Garden St,GARDEN St & Garden St,Medium,Active
854,1030,Intersection of THORNDIKE St & Thorndike St,THORNDIKE St & Thorndike St,Large,Active
855,1026,"400 BROOKLINE St Site","400 BROOKLINE St",Large,Active
856,1020,WHITNEY Ave Site,WHITNEY Ave,Large,Inactive
857,1028,Intersection of PUTNAM Ave & MAGAZINE St,PUTNAM Ave & MAGAZINE St,Large,Inactive
858,1008,Intersection of HURLEY St & SECOND St,HURLEY St & SECOND St,Small,Active
859,1029,HOLDEN St Site,HOLDEN St,Medium,Active
860,1009,Intersection of HOLDEN St & KIRKLAND St,HOLDEN St & KIRKLAND St,Large,Active
861,1007,SURREY St Site,SURREY St,Medium,Active
862,1001,"300 Massachusetts Ave Site","300 Massachusetts Ave",Medium,Inactive
863,1003,Intersection of HAMMOND St & OXFORD St,HAMMOND St & OXFORD St,Medium,Active
864,1013,Intersection of Museum St & Carver St,Museum St & Carver St,Large,Active
865,1028,Intersection of MOUNT AUBURN St & Putnam Sq,MOUNT AUBURN St & Putnam Sq,Small,Active
866,1030,Intersection of MAIN St & Sidney St,MAIN St & Sidney St,Large,Active
867,1025,Intersection of CHESTNUT St & PlEASANT St,CHESTNUT St & PlEASANT St,Medium,Active
868,1028,"100 FAYETTE St Site","100 FAYETTE St",Medium,Active
869,1017,"300 RIVER St Site","300 RIVER St",Small,Active
870,1025,FROST St Site,FROST St,Large,Active
871,1024,"100 PORTER Rd Site","100 PORTER Rd",Medium,Active
872,1001,Intersection of KENDALL Sq & Kendall Sq MBTA Stat,KENDALL Sq & Kendall Sq MBTA Stat,Small,Active
873,1006,GRAY GARDENS EAST Site,GRAY GARDENS EAST,Medium,Inactive
874,1021,CAMBRIDGE Pkwy Site,CAMBRIDGE Pkwy,Small,Active
875,1006,Intersection of COLUMBIA St & MARKET St,COLUMBIA St & MARKET St,Small,Active
876,1026,"200 WASHINGTON St Site","200 WASHINGTON St",Large,Inactive
877,1012,Intersection of CHAUNCY St & GARDEN St,CHAUNCY St & GARDEN St,Medium,Active
878,1013,Intersection of PLEASANT St & PRINCE St,PLEASANT St & PRINCE St,Large,Active
879,1013,"200 PEARL St Site","200 PEARL St",Medium,Active
880,1029,Intersection of MAGAZINE St & PUTNAM Ave,MAGAZINE St & PUTNAM Ave,Large,Inactive
881,1015,Intersection of MAGAZINE St & ERIE St,MAGAZINE St & ERIE St,Medium,Active
882,1021,"100 FOLLEN St Site","100 FOLLEN St",Large,Inactive
883,1016,ATHENS St Site,ATHENS St,Small,Active
884,1022,"200 HAMILTON St Site","200 HAMILTON St",Medium,Active
885,1021,CHESTER St Site,CHESTER St,Medium,Active
886,1011,Intersection of BISHOP ALLEN DR & PROSPECT St,BISHOP ALLEN DR & PROSPECT St,Small,Active
887,1028,"600 MEMORIAL DR Site","600 MEMORIAL DR",Large,Active
888,1005,CHALK St Site,CHALK St,Medium,Active
889,1004,DAVENPORT St Site,DAVENPORT St,Medium,Active
890,1003,PLEASANT St Site,PLEASANT St,Large,Inactive
891,1019,Intersection of BINNEY St & FIFTH St,BINNEY St & FIFTH St,Small,Active
892,1020,SMITH Pl Site,SMITH Pl,Large,Active
893,1025,Intersection of CONCORD Ave & MOULTON St,CONCORD Ave & MOULTON St,Large,Inactive
894,1018,"100 CLAY St Site","100 CLAY St",Large,Active
895,1015,Intersection of Massachusetts Ave & PEARL St,Massachusetts Ave & PEARL St,Medium,Active
896,1009,CHURCH St Site,CHURCH St,Small,Active
897,1017,Intersection of Massachusetts Ave & Essex St,Massachusetts Ave & Essex St,Small,Inactive
898,1014,"100 FAWCETT St Site","100 FAWCETT St",Large,Active
899,1015,Intersection of RUFO Rd & GORE St,RUFO Rd & GORE St,Medium,Active
900,1001,"200 HARVEY St Site","200 HARVEY St",Large,Active
901,1021,MOULTON St Site,MOULTON St,Medium,Active
902,1022,Intersection of BENT St & FIRST St,BENT St & FIRST St,Medium,Inactive
903,1022,"300 WESTERN Ave Site","300 WESTERN Ave",Medium,Active
904,1003,INMAN Pl Site,INMAN Pl,Medium,Inactive
905,1016,"400 CARDINAL MEDEIROS Ave Site","400 CARDINAL MEDEIROS Ave",Small,Active
906,1023,Intersection of Banks St & Grant St,Banks St & Grant St,Medium,Active
907,1025,"100 HOWARD St Site","100 HOWARD St",Medium,Inactive
908,1011,ELMER St Site,ELMER St,Large,Active
909,1012,PEABODY Ter Site,PEABODY Ter,Large,Inactive
910,1010,Putnam Gdns Site,Putnam Gdns,Small,Active
911,1016,"100 ALLSTON St Site","100 ALLSTON St",Large,Active
912,1008,"200 WILLOW St Site","200 WILLOW St",Medium,Active
913,1006,HEWS St Site,HEWS St,Large,Active
914,1012,Intersection of BROADWAY & QUINCY St,BROADWAY & QUINCY St,Small,Active
915,1024,"200 MOUNT AUBURN St Site","200 MOUNT AUBURN St",Large,Active
916,1028,Intersection of HARVARD St & PRESCOTT St,HARVARD St & PRESCOTT St,Large,Inactive
917,1021,Intersection of LINNAEAN St & GARDEN St,LINNAEAN St & GARDEN St,Small,Active
918,1008,Intersection of CARDINAL MEDEIROS Ave & MARNEY St,CARDINAL MEDEIROS Ave & MARNEY St,Small,Inactive
919,1026,"100 WINDSOR St Site","100 WINDSOR St",Medium,Inactive
920,1028,Intersection of Massachusetts Ave & WENDELL St,Massachusetts Ave & WENDELL St,Large,Active
921,1004,"900 MASSACHUSETTS Ave Site","900 MASSACHUSETTS Ave",Medium,Active
922,1026,Intersection of Cambridge St & Quincy St,Cambridge St & Quincy St,Large,Active
923,1008,"100 Willow St Site","100 Willow St",Large,Active
924,1026,Intersection of CHERRY St & SCHOOL St,CHERRY St & SCHOOL St,Medium,Active
925,1028,Intersection of GREEN St & PEARL St,GREEN St & PEARL St,Large,Inactive
926,1018,MARTIN St Site,MARTIN St,Large,Active
927,1028,COLUMBIA St Site,COLUMBIA St,Large,Inactive
928,1028,Intersection of BRATTLE St & WILLARD St,BRATTLE St & WILLARD St,Small,Active
929,1005,"100 BERKSHIRE St Site","100 BERKSHIRE St",Medium,Inactive
930,1009,ORCHARD St Site,ORCHARD St,Small,Inactive
931,1004,Intersection of ERIE St & SIDNEY St,ERIE St & SIDNEY St,Medium,Active
932,1027,BOARDMAN Pl Site,BOARDMAN Pl,Medium,Active
933,1022,Marcella St Site,Marcella St,Large,Active
934,1017,WALKER CT Site,WALKER CT,Medium,Active
935,1009,Intersection of BLACKSTONE St & WESTERN Ave,BLACKSTONE St & WESTERN Ave,Small,Active
936,1001,Intersection of MOUNT AUBURN St & StORY St,MOUNT AUBURN St & StORY St,Small,Active
937,1021,Intersection of STEARNS St & Esten St,STEARNS St & Esten St,Small,Active
938,1020,Intersection of BISHOP ALLEN DR & TEMPLE St,BISHOP ALLEN DR & TEMPLE St,Medium,Active
939,1013,"100 HOMER Ave Site","100 HOMER Ave",Small,Active
940,1028,Intersection of COLUMBIA St & COLUMBIA Ter,COLUMBIA St & COLUMBIA Ter,Medium,Active
941,1016,"200 RINDGE Ave Site","200 RINDGE Ave",Small,Inactive
942,1029,Intersection of ROGERS St & THIRD St,ROGERS St & THIRD St,Small,Active
943,1013,Intersection of JACKSON St & RINDGE Ave,JACKSON St & RINDGE Ave,Medium,Active
944,1014,Intersection of BENT St & SECOND St,BENT St & SECOND St,Small,Inactive
945,1003,"700 CAMBRIDGE St Site","700 CAMBRIDGE St",Large,Active
946,1029,Intersection of CAMBRIDGE St & MAX Ave,CAMBRIDGE St & MAX Ave,Medium,Active
947,1006,"600 TECHNOLOGY Sq Site","600 TECHNOLOGY Sq",Medium,Active
948,1018,Intersection of Garden St & APPIAN WAY,Garden St & APPIAN WAY,Medium,Inactive
949,1019,"100 PlEASANT St Site","100 PlEASANT St",Large,Inactive
950,1005,DECATUR St Site,DECATUR St,Medium,Inactive
951,1015,"100 HOLDEN GREEN Site","100 HOLDEN GREEN",Small,Active
952,1025,"200 BROOKLINE St Site","200 BROOKLINE St",Small,Active
953,1002,"1700 CAMBRIDGE St Site","1700 CAMBRIDGE St",Small,Active
954,1010,Intersection of Holyoke St & Mill St,Holyoke St & Mill St,Medium,Inactive
955,1024,"200 AUBURN St Site","200 AUBURN St",Small,Active
956,1030,DEWOLFE St Site,DEWOLFE St,Medium,Active
957,1018,Intersection of WINDSOR St & Massachusetts Ave,WINDSOR St & Massachusetts Ave,Small,Active
958,1027,Intersection of HOLYOKE St & MOUNT AUBURN St,HOLYOKE St & MOUNT AUBURN St,Large,Active
959,1013,Intersection of Memorial Dr & PlYMPTON St,Memorial Dr & PlYMPTON St,Large,Active
960,1005,Intersection of Dunster St & Massachusetts Ave,Dunster St & Massachusetts Ave,Large,Active
961,1023,QUINCY St Site,QUINCY St,Large,Inactive
962,1024,Intersection of Rindge Ave & RINDGEFIELD St,Rindge Ave & RINDGEFIELD St,Medium,Active
963,1001,Intersection of AMES St & Amherst St,AMES St & Amherst St,Small,Inactive
964,1022,Intersection of LAMONT Ave & MAGNOLIA Ave,LAMONT Ave & MAGNOLIA Ave,Large,Active
965,1001,ABERDEEN Ave Site,ABERDEEN Ave,Medium,Active
966,1018,Intersection of CAMBRIDGE St & TROWBRIDGE St,CAMBRIDGE St & TROWBRIDGE St,Large,Active
967,1015,THIRD St Site,THIRD St,Large,Active
968,1017,"200 Monsignor OBrien Hwy Site","200 Monsignor OBrien Hwy",Medium,Inactive
969,1011,"300 MONSIGNOR OBRIEN HWY Site","300 MONSIGNOR OBRIEN HWY",Medium,Active
970,1021,"200 PlEASANT St Site","200 PlEASANT St",Small,Active
971,1026,"100 CONCORD Ave Site","100 CONCORD Ave",Small,Active
972,1025,Intersection of ELLERY St & Massachusetts Ave,ELLERY St & Massachusetts Ave,Large,Active
973,1022,"100 EUSTIS St Site","100 EUSTIS St",Large,Active
974,1027,ROBERTS Rd Site,ROBERTS Rd,Small,Inactive
975,1027,Intersection of SCIARAPPA St & WINTER St,SCIARAPPA St & WINTER St,Small,Inactive
976,1017,Intersection of Coolidge Hill & COOLIDGE HILL,Coolidge Hill & COOLIDGE HILL,Medium,Active
977,1013,"300 CONCORD Ave Site","300 CONCORD Ave",Small,Active
978,1001,Intersection of CHARLES St & FULKERSON St,CHARLES St & FULKERSON St,Small,Active
979,1002,AVON HILL St Site,AVON HILL St,Large,Active
980,1009,"100 OXFORD Ave Site","100 OXFORD Ave",Small,Active
981,1003,Intersection of TERMINAL Rd & Gracewood Park,TERMINAL Rd & Gracewood Park,Large,Active
982,1001,"100 JACKSON Pl Site","100 JACKSON Pl",Small,Active
983,1021,Intersection of Palmer St & Palmer St,Palmer St & Palmer St,Medium,Inactive
984,1016,MURDOCK St Site,MURDOCK St,Small,Active
985,1023,SUFFOLK St Site,SUFFOLK St,Small,Active
986,1006,Cameron Ave Site,Cameron Ave,Small,Active
987,1028,"800 SOMERVILLE Ave Site","800 SOMERVILLE Ave",Large,Active
988,1017,Intersection of Sennott Park & Broadway,Sennott Park & Broadway,Medium,Inactive
989,1005,PARK Ave Site,PARK Ave,Small,Active
990,1005,ABERDEEN WAY Site,ABERDEEN WAY,Large,Active
991,1006,HURON Ave Site,HURON Ave,Medium,Active
992,1003,Intersection of PRENTISS St & Oxford St,PRENTISS St & Oxford St,Large,Active
993,1021,Intersection of Albany St & Massachusetts Ave,Albany St & Massachusetts Ave,Large,Active
994,1023,"1400 Cambridge St Site","1400 Cambridge St",Medium,Active
995,1005,"500 HURON Ave Site","500 HURON Ave",Small,Active
996,1021,Intersection of SIDNEY St & EMILY St,SIDNEY St & EMILY St,Large,Active
997,1005,Intersection of WEBSTER Ave & Webster Ave,WEBSTER Ave & Webster Ave,Large,Inactive
998,1010,MATIGNON Rd Site,MATIGNON Rd,Small,Inactive
999,1010,Intersection of PILGRIM St & SIDNEY St,PILGRIM St & SIDNEY St,Small,Inactive
1000,1019,Intersection of HASKELL St & PEMBERTON St,HASKELL St & PEMBERTON St,Medium,Active
1001,1017,Cambridge Ctr Site,Cambridge Ctr,Medium,Active
1002,1021,Intersection of OXFORD St & PRENTISS St,OXFORD St & PRENTISS St,Medium,Inactive
1003,1014,"100 FIELD St Site","100 FIELD St",Small,Inactive
1004,1009,ROBINSON St Site,ROBINSON St,Large,Inactive
1005,1014,MEAD St Site,MEAD St,Large,Active
1006,1001,"400 Windsor St Site","400 Windsor St",Medium,Active
1007,1019,"400 FRANKLIN St Site","400 FRANKLIN St",Small,Active
1008,1013,"100 Harvard St Site","100 Harvard St",Large,Active
1009,1013,Intersection of CAMBRIDGE Ter & Richdale Ave,CAMBRIDGE Ter & Richdale Ave,Medium,Active
1010,1004,Intersection of MEMORIAL DR & WADSWORTH St,MEMORIAL DR & WADSWORTH St,Large,Active
1011,1030,Intersection of AMHERST St & Amherst St,AMHERST St & Amherst St,Large,Active
1012,1001,Intersection of SHERMAN St & Sherman St,SHERMAN St & Sherman St,Small,Active
1013,1017,"100 PORTLAND St Site","100 PORTLAND St",Small,Active
1014,1008,Intersection of Massachusetts Ave & MEMORIAL DR,Massachusetts Ave & MEMORIAL DR,Large,Inactive
1015,1002,Intersection of BRATTLE St & MASON St,BRATTLE St & MASON St,Medium,Active
1016,1028,Intersection of Albany St & Portland St,Albany St & Portland St,Small,Active
1017,1008,Intersection of MAGAZINE St & Massachusetts Ave,MAGAZINE St & Massachusetts Ave,Large,Active
1018,1007,Intersection of GILMORE St & WESTERN Ave,GILMORE St & WESTERN Ave,Small,Active
1019,1026,BISHOP ALLEN DR Site,BISHOP ALLEN DR,Small,Active
1020,1026,Intersection of Bishop Allen Dr & Norfolk St,Bishop Allen Dr & Norfolk St,Small,Active
1021,1002,MAGAZINE St Site,MAGAZINE St,Large,Inactive
1022,1022,Intersection of WILLOW St & YORK St,WILLOW St & YORK St,Medium,Active
1023,1022,"600 MASSACHUSETTS Ave Site","600 MASSACHUSETTS Ave",Medium,Active
1024,1003,"400 BISHOP ALLEN DR Site","400 BISHOP ALLEN DR",Medium,Inactive
1025,1027,Intersection of FLAGG St & Flagg St,FLAGG St & Flagg St,Small,Active
1026,1018,Intersection of MOUNT AUBURN St & WILLARD St,MOUNT AUBURN St & WILLARD St,Large,Inactive
1027,1012,Intersection of WINDSOR St & HARVARD St,WINDSOR St & HARVARD St,Small,Active
1028,1001,Intersection of ALBANY St & MAIN St,ALBANY St & MAIN St,Medium,Active
1029,1022,"100 Kirkland St Site","100 Kirkland St",Medium,Active
1030,1012,"1600 Cambridge St Site","1600 Cambridge St",Large,Active
1031,1005,LAKEVIEW Ave Site,LAKEVIEW Ave,Small,Active
1032,1030,"100 CEDAR St Site","100 CEDAR St",Medium,Inactive
1033,1030,WYMAN Rd Site,WYMAN Rd,Large,Inactive
1034,1027,"300 PUTNAM Ave Site","300 PUTNAM Ave",Small,Inactive
1035,1025,Intersection of GORE St & Gore Street Park,GORE St & Gore Street Park,Small,Inactive
1036,1017,Intersection of BIGELOW St & Massachusetts Ave,BIGELOW St & Massachusetts Ave,Medium,Active
1037,1016,"100 WENDELL St Site","100 WENDELL St",Medium,Active
1038,1015,"100 SACRAMENTO St Site","100 SACRAMENTO St",Small,Active
1039,1023,Intersection of BAY St & Franklin St,BAY St & Franklin St,Small,Active
1040,1015,"400 WALDEN St Site","400 WALDEN St",Medium,Active
1041,1005,Intersection of CAMBRIDGE St & TREMONT St,CAMBRIDGE St & TREMONT St,Small,Active
1042,1021,"1000 Massachusetts Ave Site","1000 Massachusetts Ave",Medium,Active
1043,1014,"100 CHILTON St Site","100 CHILTON St",Small,Active
1044,1002,"400 CONCORD Ave Site","400 CONCORD Ave",Medium,Inactive
1045,1011,Intersection of CONCORD Ave & FRESH POND Pkwy,CONCORD Ave & FRESH POND Pkwy,Large,Active
1046,1019,Intersection of Danehy Park & Danehy Park,Danehy Park & Danehy Park,Medium,Inactive
1047,1007,Intersection of CONCORD LN & Concord Ln,CONCORD LN & Concord Ln,Medium,Active
1048,1006,Intersection of HAMILTON St & SIDNEY St,HAMILTON St & SIDNEY St,Large,Inactive
1049,1028,Intersection of GARDEN St & LINNAEAN St,GARDEN St & LINNAEAN St,Small,Inactive
1050,1002,Intersection of CAMBRIDGE St & QUINCY St,CAMBRIDGE St & QUINCY St,Large,Active
1051,1006,VANDINE St Site,VANDINE St,Medium,Active
1052,1018,Intersection of LINE St & Cambridge St,LINE St & Cambridge St,Small,Active
1053,1002,Intersection of Jefferson St & Jefferson St,Jefferson St & Jefferson St,Large,Inactive
1054,1018,Intersection of BISHOP ALLEN DR & Bishop Allen Dr,BISHOP ALLEN DR & Bishop Allen Dr,Small,Active
1055,1030,Intersection of Davenport St & Orchard St,Davenport St & Orchard St,Small,Active
1056,1015,"100 WASHBURN Ave Site","100 WASHBURN Ave",Large,Active
1057,1027,CRESTO Ter Site,CRESTO Ter,Small,Active
1058,1019,"300 ALLSTON St Site","300 ALLSTON St",Large,Active
1059,1002,"200 GROVE St Site","200 GROVE St",Medium,Inactive
1060,1020,ELLERY St Site,ELLERY St,Small,Active
1061,1025,"100 RICE St Site","100 RICE St",Medium,Inactive
1062,1006,Intersection of GROVE St & HURON Ave,GROVE St & HURON Ave,Medium,Inactive
1063,1001,Intersection of Rindge Ave & Massachusetts Ave,Rindge Ave & Massachusetts Ave,Small,Inactive
1064,1024,"100 BUCKINGHAM St Site","100 BUCKINGHAM St",Large,Active
1065,1015,"100 BROADWAY Site","100 BROADWAY",Small,Active
1066,1028,Intersection of CLARK St & HARVARD St,CLARK St & HARVARD St,Medium,Inactive
1067,1030,Intersection of AMES St & AMHERST St,AMES St & AMHERST St,Medium,Active
1068,1023,HIGHLAND PARK Site,HIGHLAND PARK,Large,Active
1069,1010,FAIRFIELD St Site,FAIRFIELD St,Small,Active
1070,1019,"200 WEBSTER Ave Site","200 WEBSTER Ave",Medium,Inactive
1071,1017,Intersection of WASHINGTON St & Washington St,WASHINGTON St & Washington St,Medium,Inactive
1072,1005,"1000 Memorial Dr Site","1000 Memorial Dr",Medium,Inactive
1073,1029,Intersection of Ware St & Ware St,Ware St & Ware St,Large,Active
1074,1004,Bennett St Site,Bennett St,Medium,Active
1075,1010,JAMES St Site,JAMES St,Medium,Active
1076,1024,Fawcett St Site,Fawcett St,Small,Inactive
1077,1017,"100 MOULTON St Site","100 MOULTON St",Small,Inactive
1078,1010,Intersection of FIFTH St & HURLEY St,FIFTH St & HURLEY St,Medium,Inactive
1079,1017,"100 ROGERS St Site","100 ROGERS St",Medium,Active
1080,1028,St Sauveur Ct Site,St Sauveur Ct,Small,Inactive
1081,1020,TIERNEY St Site,TIERNEY St,Large,Active
1082,1024,Intersection of RINDGE Ave & Rindge Ave,RINDGE Ave & Rindge Ave,Large,Inactive
1083,1005,Intersection of CHARLES St & SIXTH St,CHARLES St & SIXTH St,Large,Active
1084,1002,"300 CHESTNUT St Site","300 CHESTNUT St",Large,Active
1085,1006,Intersection of CONCORD Ave & WATERHOUSE St,CONCORD Ave & WATERHOUSE St,Large,Inactive
1086,1021,"100 FIRST St Site","100 FIRST St",Large,Active
1087,1002,Intersection of PEARL St & PUTNAM Ave,PEARL St & PUTNAM Ave,Large,Inactive
1088,1013,Intersection of CHARLES St & THIRD St,CHARLES St & THIRD St,Large,Active
1089,1030,Intersection of CAMBRIDGE St & FELTON St,CAMBRIDGE St & FELTON St,Small,Inactive
1090,1011,Intersection of ALBANY St & OSBORN St,ALBANY St & OSBORN St,Large,Active
1091,1011,BAILEY Pl Site,BAILEY Pl,Large,Active
1092,1016,OTIS St Site,OTIS St,Large,Active
1093,1011,Intersection of PEARL St & SPERIDAKIS Ter,PEARL St & SPERIDAKIS Ter,Medium,Active
1094,1019,Intersection of GRANITE St & PEARL St,GRANITE St & PEARL St,Small,Active
1095,1015,CHAUNCY St Site,CHAUNCY St,Small,Active
1096,1025,Intersection of FAIRMONT St & PlEASANT St,FAIRMONT St & PlEASANT St,Small,Active
1097,1023,Intersection of PROSPECT St & Prospect St,PROSPECT St & Prospect St,Large,Active
1098,1023,Intersection of Harvard Sq & Massachusetts Ave,Harvard Sq & Massachusetts Ave,Large,Inactive
1099,1016,Intersection of RIVER St & WILLIAM St,RIVER St & WILLIAM St,Medium,Active
1100,1011,NEWMAN St Site,NEWMAN St,Small,Active
1101,1022,Intersection of BROOKLINE St & EMILY St,BROOKLINE St & EMILY St,Large,Inactive
1102,1016,"100 HASKELL St Site","100 HASKELL St",Small,Inactive
1103,1008,"500 MEMORIAL DR Site","500 MEMORIAL DR",Medium,Active
1104,1004,Intersection of HANCOCK St & KINNAIRD St,HANCOCK St & KINNAIRD St,Medium,Active
1105,1008,"100 EIGHTH St Site","100 EIGHTH St",Medium,Active
1106,1004,"100 FULKERSON St Site","100 FULKERSON St",Small,Active
1107,1024,SAVILLE St Site,SAVILLE St,Large,Active
1108,1025,Intersection of Terminal Rd & Cambridgepark Dr,Terminal Rd & Cambridgepark Dr,Large,Inactive
1109,1003,"300 Mount Pleasant St Site","300 Mount Pleasant St",Medium,Active
1110,1003,"100 SHERMAN St Site","100 SHERMAN St",Large,Active
1111,1027,Intersection of Magazine St & Green St,Magazine St & Green St,Medium,Active
1112,1029,Intersection of HAWTHORNE St & MOUNT AUBURN St,HAWTHORNE St & MOUNT AUBURN St,Small,Active
1113,1018,"200 Auburn St Site","200 Auburn St",Medium,Active
1114,1029,SHEPARD St Site,SHEPARD St,Small,Inactive
1115,1026,Intersection of FIRST St & HURLEY St,FIRST St & HURLEY St,Medium,Active
1116,1019,Intersection of LANGDON St & Massachusetts Ave,LANGDON St & Massachusetts Ave,Large,Active
1117,1019,Intersection of PRINCE St & MAGAZINE St,PRINCE St & MAGAZINE St,Large,Active
1118,1021,Intersection of Magazine St & Erie St,Magazine St & Erie St,Medium,Active
1119,1005,Intersection of SECOND St & THORNDIKE St,SECOND St & THORNDIKE St,Large,Active
1120,1018,Intersection of CORPORAL MCTERNAN St & MAGAZINE St,CORPORAL MCTERNAN St & MAGAZINE St,Large,Active
1121,1028,"100 BISHOP ALLEN DR Site","100 BISHOP ALLEN DR",Large,Active
1122,1010,KINNAIRD St Site,KINNAIRD St,Small,Inactive
1123,1029,Intersection of CAMBRIDGE St & WILLOW St,CAMBRIDGE St & WILLOW St,Large,Active
1124,1022,"300 PUTNAM Ave Site","300 PUTNAM Ave",Small,Active
1125,1021,WILLOW St Site,WILLOW St,Medium,Active
1126,1006,Intersection of CHATHAM St & HANCOCK St,CHATHAM St & HANCOCK St,Large,Active
1127,1001,Intersection of CAMBRIDGE St & LINE St,CAMBRIDGE St & LINE St,Large,Active
1128,1005,BRISTOL St Site,BRISTOL St,Large,Active
1129,1009,Intersection of ORCHARD St & Orchard St,ORCHARD St & Orchard St,Medium,Inactive
1130,1012,KING St Site,KING St,Small,Active
1131,1026,Intersection of CARDINAL MEDEIROS Ave & HAMPSHIRE St,CARDINAL MEDEIROS Ave & HAMPSHIRE St,Small,Active
1132,1014,Intersection of Massachusetts Ave & Front St,Massachusetts Ave & Front St,Large,Active
1133,1002,Intersection of Kendall Sq & Kendall Sq,Kendall Sq & Kendall Sq,Medium,Active
1134,1017,"1400 Massachusetts Ave Site","1400 Massachusetts Ave",Medium,Active
1135,1014,SECOND St Site,SECOND St,Medium,Active
1136,1026,BRYANT St Site,BRYANT St,Medium,Active
1137,1013,"100 HURLEY St Site","100 HURLEY St",Medium,Active
1138,1027,Intersection of Massachusetts Ave & Brattle St,Massachusetts Ave & Brattle St,Small,Active
1139,1009,Eliot St Site,Eliot St,Small,Active
1140,1026,Intersection of CHANNING St & MOUNT AUBURN St,CHANNING St & MOUNT AUBURN St,Small,Active
1141,1025,Intersection of GREEN St & MAGAZINE St,GREEN St & MAGAZINE St,Large,Inactive
1142,1015,Intersection of Garden St & Mason St,Garden St & Mason St,Medium,Active
1143,1025,"200 FAWCETT St Site","200 FAWCETT St",Large,Inactive
1144,1022,"200 THORNDIKE St Site","200 THORNDIKE St",Medium,Active
1145,1015,Vincent St Site,Vincent St,Small,Active
1146,1024,"100 AVON HILL St Site","100 AVON HILL St",Large,Active
1147,1030,ADAMS Ter Site,ADAMS Ter,Small,Active
1148,1011,Intersection of CRAIGIE St & BRATTLE St,CRAIGIE St & BRATTLE St,Medium,Active
1149,1016,TRAYMORE St Site,TRAYMORE St,Medium,Active
1150,1029,FAYERWEATHER St Site,FAYERWEATHER St,Medium,Active
1151,1017,FAIRMONT Ave Site,FAIRMONT Ave,Small,Active
1152,1026,LEXINGTON Ave Site,LEXINGTON Ave,Medium,Inactive
1153,1004,Intersection of River St & Putnam Ave,River St & Putnam Ave,Small,Active
1154,1001,"600 MAIN St Site","600 MAIN St",Large,Inactive
1155,1008,Intersection of Green St & Hancock St,Green St & Hancock St,Medium,Active
1156,1017,Norris St Site,Norris St,Medium,Active
1157,1003,Intersection of CAMBRIDGE St & ROBERTS Rd,CAMBRIDGE St & ROBERTS Rd,Medium,Active
1158,1029,WESTLEY Ave Site,WESTLEY Ave,Large,Inactive
1159,1020,Museum Way Site,Museum Way,Medium,Inactive
1160,1015,Walden St Site,Walden St,Small,Active
1161,1015,"400 MEMORIAL DR Site","400 MEMORIAL DR",Small,Inactive
1162,1024,PORTSMOUTH St Site,PORTSMOUTH St,Medium,Inactive
1163,1022,Porter Rd Site,Porter Rd,Medium,Active
1164,1014,Intersection of HENRY St & PEARL St,HENRY St & PEARL St,Large,Active
1165,1026,Intersection of Peabody St & Massachusetts Ave,Peabody St & Massachusetts Ave,Large,Inactive
1166,1028,Intersection of SHEPARD St & WALKER St,SHEPARD St & WALKER St,Large,Active
1167,1023,LINDEN St Site,LINDEN St,Medium,Active
1168,1014,Intersection of PEARL St & Franklin St,PEARL St & Franklin St,Large,Active
1169,1024,"200 PEMBERTON St Site","200 PEMBERTON St",Large,Inactive
1170,1002,ESSEX St Site,ESSEX St,Small,Inactive
1171,1013,ASHBURTON Pl Site,ASHBURTON Pl,Large,Active
1172,1026,"600 HURON Ave Site","600 HURON Ave",Small,Inactive
1173,1014,Intersection of BRATTLE St & Brattle St,BRATTLE St & Brattle St,Small,Active
1174,1027,"100 LAWRENCE St Site","100 LAWRENCE St",Large,Active
1175,1024,Intersection of Massachusetts Ave & CHURCH St,Massachusetts Ave & CHURCH St,Small,Active
1176,1019,Intersection of BRATTLE St & CHURCH St,BRATTLE St & CHURCH St,Medium,Active
1177,1007,Intersection of CHURCH St & Massachusetts Ave,CHURCH St & Massachusetts Ave,Medium,Active
1178,1003,Intersection of HAMLIN St & PlYMOUTH St,HAMLIN St & PlYMOUTH St,Large,Active
1179,1015,Howard St Site,Howard St,Medium,Active
1180,1023,PINE St Site,PINE St,Small,Inactive
1181,1014,DOUGLASS St Site,DOUGLASS St,Medium,Inactive
1182,1011,Intersection of BLACKSTONE St & RIVER St,BLACKSTONE St & RIVER St,Large,Active
1183,1015,NORTON Pl Site,NORTON Pl,Large,Active
1184,1028,"300 WASHINGTON St Site","300 WASHINGTON St",Small,Active
1185,1013,Intersection of Western Ave & Blackstone St,Western Ave & Blackstone St,Large,Active
1186,1018,"100 PINE St Site","100 PINE St",Medium,Active
1187,1026,"800 MEMORIAL DR Site","800 MEMORIAL DR",Large,Active
1188,1006,Intersection of HURLEY St & FIRST St,HURLEY St & FIRST St,Small,Active
1189,1003,Intersection of SECOND St & SPRING St,SECOND St & SPRING St,Large,Inactive
1190,1019,COWPERTHWAITE St Site,COWPERTHWAITE St,Medium,Active
1191,1015,Intersection of Hurley St & First St,Hurley St & First St,Small,Active
1192,1025,"400 PUTNAM Ave Site","400 PUTNAM Ave",Medium,Inactive
1193,1023,"1100 Massachusetts Ave Site","1100 Massachusetts Ave",Small,Active
1194,1005,KENWOOD St Site,KENWOOD St,Large,Active
1195,1028,Intersection of GARDEN St & WATERHOUSE St,GARDEN St & WATERHOUSE St,Small,Active
1196,1010,Intersection of WASHINGTON St & WINDSOR St,WASHINGTON St & WINDSOR St,Small,Active
1197,1007,Intersection of Line St & Cambridge St,Line St & Cambridge St,Large,Active
1198,1025,"100 CHERRY St Site","100 CHERRY St",Medium,Active
1199,1017,BERKSHIRE St Site,BERKSHIRE St,Large,Active
1200,1007,Intersection of SIDNEY St & PUTNAM Ave,SIDNEY St & PUTNAM Ave,Small,Active
1201,1022,WEST St Site,WEST St,Large,Active
1202,1026,LINCOLN St Site,LINCOLN St,Small,Active
1203,1030,Intersection of PLEASANT St & Green St,PLEASANT St & Green St,Large,Active
1204,1012,Intersection of PUTNAM Ave & SIDNEY St,PUTNAM Ave & SIDNEY St,Large,Active
1205,1025,"300 CARDINAL MEDEIROS Ave Site","300 CARDINAL MEDEIROS Ave",Medium,Active
1206,1017,Intersection of GROVE Ave & PUTNAM Ave,GROVE Ave & PUTNAM Ave,Small,Active
1207,1013,GRANVILLE Rd Site,GRANVILLE Rd,Medium,Active
1208,1020,"300 TECHNOLOGY Sq Site","300 TECHNOLOGY Sq",Small,Active
1209,1025,ORRIN St Site,ORRIN St,Large,Active
1210,1004,Intersection of AMES St & Ames St,AMES St & Ames St,Small,Active
1211,1010,HUBBARD Ave Site,HUBBARD Ave,Medium,Inactive
1212,1003,"300 Vassar St Site","300 Vassar St",Medium,Active
1213,1009,BELMONT St Site,BELMONT St,Medium,Active
1214,1013,Intersection of Massachusetts Ave & Somerville Ave,Massachusetts Ave & Somerville Ave,Small,Active
1215,1018,Intersection of TREMONT St & HAMPSHIRE St,TREMONT St & HAMPSHIRE St,Medium,Inactive
1216,1015,Intersection of Prospect St & Broadway,Prospect St & Broadway,Medium,Active
1217,1004,Intersection of JFK St & BRATTLE St,JFK St & BRATTLE St,Medium,Active
1218,1015,Intersection of LINDEN St & MOUNT AUBURN St,LINDEN St & MOUNT AUBURN St,Large,Active
1219,1022,Intersection of Memorial Dr & Flagg St,Memorial Dr & Flagg St,Large,Inactive
1220,1002,Intersection of OSBORN St & Osborn St,OSBORN St & Osborn St,Small,Active
1221,1015,ASH St Site,ASH St,Small,Active
1222,1008,Intersection of MAGAZINE St & MEMORIAL DR,MAGAZINE St & MEMORIAL DR,Medium,Active
1223,1008,Intersection of CENTRAL Sq & Central Sq MBTA Stat,CENTRAL Sq & Central Sq MBTA Stat,Large,Inactive
1224,1017,PLYMPTON St Site,PLYMPTON St,Medium,Active
1225,1012,Intersection of BROADWAY & SCOUTING WAY,BROADWAY & SCOUTING WAY,Medium,Active
1226,1019,LAWRENCE St Site,LAWRENCE St,Large,Inactive
1227,1010,"100 First St Site","100 First St",Large,Active
1228,1009,Intersection of HURON Ave & StANDISH St,HURON Ave & StANDISH St,Large,Inactive
1229,1005,Intersection of Prospect St & Carlisle St,Prospect St & Carlisle St,Small,Inactive
1230,1006,ALEWIFE BROOK Pkwy Site,ALEWIFE BROOK Pkwy,Small,Active
1231,1020,NEW St Site,NEW St,Medium,Active
1232,1026,Jay St Site,Jay St,Small,Active
1233,1002,Intersection of Dunster St & Mount Auburn St,Dunster St & Mount Auburn St,Large,Active
1234,1027,Intersection of WARE St & BROADWAY,WARE St & BROADWAY,Large,Active
1235,1024,Intersection of FIFTH St & ROGERS St,FIFTH St & ROGERS St,Small,Active
1236,1027,Intersection of GORE St & Sciarappa St,GORE St & Sciarappa St,Medium,Inactive
1237,1013,BATES St Site,BATES St,Medium,Active
1238,1006,HUTCHINSON St Site,HUTCHINSON St,Small,Active
1239,1005,THINGVALLA Ave Site,THINGVALLA Ave,Medium,Active
1240,1025,"100 FRESH POND Pkwy Site","100 FRESH POND Pkwy",Medium,Inactive
1241,1001,CLINTON St Site,CLINTON St,Medium,Inactive
1242,1021,HARRINGTON Rd Site,HARRINGTON Rd,Large,Active
1243,1022,Massachusetts Ave Site,Massachusetts Ave,Large,Active
1244,1021,FRESH POND LN Site,FRESH POND LN,Small,Active
1245,1006,Intersection of MEMORIAL DR & RIVER St,MEMORIAL DR & RIVER St,Large,Active
1246,1006,"100 LAKEVIEW Ave Site","100 LAKEVIEW Ave",Medium,Active
1247,1023,STEARNS St Site,STEARNS St,Large,Active
1248,1016,"100 QUINCY St Site","100 QUINCY St",Small,Active
1249,1004,"200 CLARK St Site","200 CLARK St",Large,Active
1250,1030,GARFIELD St Site,GARFIELD St,Medium,Active
1251,1011,Intersection of FOREST St & Frost St,FOREST St & Frost St,Medium,Inactive
1252,1030,SPRINGFIELD St Site,SPRINGFIELD St,Small,Active
1253,1030,Notre Dame Ave Site,Notre Dame Ave,Large,Active
1254,1030,Intersection of Garden St & Massachusetts Ave,Garden St & Massachusetts Ave,Large,Active
1255,1024,Intersection of Hurley St & SECOND St,Hurley St & SECOND St,Large,Active
1256,1023,Intersection of CHAUNCY St & Massachusetts Ave,CHAUNCY St & Massachusetts Ave,Medium,Active
1257,1009,Intersection of ST MARY Rd & Prospect St,ST MARY Rd & Prospect St,Small,Active
1258,1023,Intersection of LOPEZ St & Brookline St,LOPEZ St & Brookline St,Large,Active
1259,1003,"200 MOUNT AUBURN St Site","200 MOUNT AUBURN St",Medium,Active
1260,1019,HASKELL St Site,HASKELL St,Medium,Active
1261,1008,Intersection of HARVARD St & Lee St,HARVARD St & Lee St,Medium,Inactive
1262,1005,Intersection of Massachusetts Ave & DUDLEY St,Massachusetts Ave & DUDLEY St,Large,Active
1263,1004,Intersection of EUSTIS St & OXFORD St,EUSTIS St & OXFORD St,Large,Active
1264,1024,KIMBALL LN Site,KIMBALL LN,Large,Active
1265,1006,HARRIS St Site,HARRIS St,Large,Inactive
1266,1002,Intersection of BIGELOW St & HARVARD St,BIGELOW St & HARVARD St,Large,Active
1267,1020,Intersection of RINDGE Ave & RINDGEFIELD St,RINDGE Ave & RINDGEFIELD St,Large,Active
1268,1028,Intersection of Roberts Rd & KIRKLAND St,Roberts Rd & KIRKLAND St,Large,Active
1269,1011,HOWLAND St Site,HOWLAND St,Large,Active
1270,1004,FRESH POND Pkwy Site,FRESH POND Pkwy,Large,Inactive
1271,1015,Intersection of BUCKINGHAM St & PARKER St,BUCKINGHAM St & PARKER St,Medium,Active
1272,1006,Gore St Site,Gore St,Large,Active
1273,1022,"100 CREIGHTON St Site","100 CREIGHTON St",Small,Active
1274,1017,"100 HAMPSHIRE St Site","100 HAMPSHIRE St",Medium,Inactive
1275,1030,PORTER Rd Site,PORTER Rd,Large,Active
1276,1024,"200 TREMONT St Site","200 TREMONT St",Small,Active
1277,1006,HINGHAM St Site,HINGHAM St,Large,Inactive
1278,1019,Intersection of HARVARD St & WINDSOR St,HARVARD St & WINDSOR St,Small,Inactive
1279,1030,LONGFELLOW PARK Site,LONGFELLOW PARK,Small,Active
1280,1025,Russell St Site,Russell St,Small,Active
1281,1002,Intersection of Shepard St & HUDSON Pl,Shepard St & HUDSON Pl,Small,Active
1282,1015,"200 Massachusetts Ave Site","200 Massachusetts Ave",Medium,Active
1283,1011,HANCOCK St Site,HANCOCK St,Medium,Active
1284,1008,"200 WINDSOR St Site","200 WINDSOR St",Small,Active
1285,1026,HOUGHTON St Site,HOUGHTON St,Large,Active
1286,1019,MEMORIAL DR Site,MEMORIAL DR,Small,Active
1287,1013,"100 MOORE St Site","100 MOORE St",Medium,Active
1288,1012,Intersection of DANEHY PARK & Danehy Park,DANEHY PARK & Danehy Park,Large,Inactive
1289,1005,Intersection of Field St & Fern St,Field St & Fern St,Medium,Active
1290,1006,COLUMBUS Ave Site,COLUMBUS Ave,Medium,Active
1291,1026,Intersection of CADBURY Rd & Cadbury Rd,CADBURY Rd & Cadbury Rd,Large,Active
1292,1022,Intersection of MOUNT AUBURN St & UNIVERSITY Rd,MOUNT AUBURN St & UNIVERSITY Rd,Small,Inactive
1293,1004,Intersection of Elm St & HARVARD St,Elm St & HARVARD St,Small,Active
1294,1019,Intersection of BRATTLE St & Massachusetts Ave,BRATTLE St & Massachusetts Ave,Small,Active
1295,1020,"100 HOLWORTHY St Site","100 HOLWORTHY St",Small,Inactive
1296,1001,Intersection of COTTAGE St & MAGAZINE St,COTTAGE St & MAGAZINE St,Large,Active
1297,1020,Intersection of WALDEN SqUARE Rd & RICHDALE Ave,WALDEN SqUARE Rd & RICHDALE Ave,Large,Active
1298,1017,Intersection of Scott St & BRYANT St,Scott St & BRYANT St,Large,Active
1299,1012,"300 FRANKLIN St Site","300 FRANKLIN St",Medium,Active
1300,1015,Intersection of CORPORAL MCTERNAN St & PEARL St,CORPORAL MCTERNAN St & PEARL St,Large,Active
1301,1001,OSBORN St Site,OSBORN St,Small,Active
1302,1026,Intersection of Massachusetts Ave & StATE St,Massachusetts Ave & StATE St,Medium,Active
1303,1014,Intersection of Fairmont St & Magazine St,Fairmont St & Magazine St,Small,Active
1304,1006,Intersection of ERIE St & PEARL St,ERIE St & PEARL St,Small,Inactive
1305,1005,BALDWIN StREET CT Site,BALDWIN StREET CT,Large,Active
1306,1030,Intersection of MULLINS CT & WINTER St,MULLINS CT & WINTER St,Large,Inactive
1307,1011,Intersection of Fenno St & Fenno St,Fenno St & Fenno St,Small,Active
1308,1004,CRESCENT St Site,CRESCENT St,Small,Active
1309,1013,Intersection of ROBERTS Rd & Adams Ter,ROBERTS Rd & Adams Ter,Medium,Active
1310,1011,Intersection of CLINTON St & HARVARD St,CLINTON St & HARVARD St,Large,Inactive
1311,1003,Intersection of MAIN St & VASSAR St,MAIN St & VASSAR St,Medium,Active
1312,1001,"100 JAY St Site","100 JAY St",Medium,Active
1313,1006,Sacramento St Site,Sacramento St,Medium,Active
1314,1018,CITIZENS Pl Site,CITIZENS Pl,Small,Active
1315,1024,"1400 CAMBRIDGE St Site","1400 CAMBRIDGE St",Medium,Inactive
1316,1010,Intersection of SODEN St & WESTERN Ave,SODEN St & WESTERN Ave,Medium,Active
1317,1005,BROOKLINE Pl Site,BROOKLINE Pl,Small,Active
1318,1023,"500 CONCORD Ave Site","500 CONCORD Ave",Large,Active
1319,1010,Intersection of BRATTLE St & FRESH POND Pkwy,BRATTLE St & FRESH POND Pkwy,Large,Active
1320,1012,GRANT St Site,GRANT St,Medium,Active
1321,1002,Intersection of Sherman St & RINDGE Ave,Sherman St & RINDGE Ave,Small,Active
1322,1013,GEORGE St Site,GEORGE St,Large,Active
1323,1008,JACKSON St Site,JACKSON St,Medium,Active
1324,1002,Intersection of GIBSON St & MOUNT AUBURN St,GIBSON St & MOUNT AUBURN St,Medium,Inactive
1325,1020,BOND St Site,BOND St,Small,Inactive
1326,1001,"400 MOUNT AUBURN St Site","400 MOUNT AUBURN St",Medium,Active
1327,1005,"400 EVERETEZE WAY Site","400 EVERETEZE WAY",Large,Inactive
1328,1009,"600 WINDSOR St Site","600 WINDSOR St",Small,Active
1329,1017,Intersection of ALLSTON St & PETERS St,ALLSTON St & PETERS St,Large,Active
1330,1009,MERRILL St Site,MERRILL St,Large,Active
1331,1011,AKRON St Site,AKRON St,Large,Active
1332,1015,FOSTER Pl Site,FOSTER Pl,Medium,Active
1333,1024,Intersection of GREEN St & PlEASANT St,GREEN St & PlEASANT St,Medium,Active
1334,1006,Intersection of MOUNT AUBURN St & NUTTING Rd,MOUNT AUBURN St & NUTTING Rd,Large,Active
1335,1023,Intersection of NORFOLK St & Massachusetts Ave,NORFOLK St & Massachusetts Ave,Large,Active
1336,1003,CRAWFORD St Site,CRAWFORD St,Small,Inactive
1337,1030,Intersection of BRATTLE St & HAWTHORNE St,BRATTLE St & HAWTHORNE St,Small,Inactive
1338,1017,Intersection of FRANKLIN St & SIDNEY St,FRANKLIN St & SIDNEY St,Medium,Active
1339,1005,"200 Elm Street North Site","200 Elm Street North",Medium,Inactive
1340,1030,Intersection of ASHBURTON Pl & ESSEX St,ASHBURTON Pl & ESSEX St,Small,Active
1341,1028,Intersection of ALLEN St & Massachusetts Ave,ALLEN St & Massachusetts Ave,Large,Active
1342,1012,Intersection of KINNAIRD St & PlEASANT St,KINNAIRD St & PlEASANT St,Medium,Active
1343,1018,Intersection of WHITTEMORE Ave & Kimball St,WHITTEMORE Ave & Kimball St,Large,Inactive
1344,1014,Intersection of Harvard Sq & Harvard Sq,Harvard Sq & Harvard Sq,Small,Active
1345,1021,"500 MAGAZINE St Site","500 MAGAZINE St",Medium,Active
1346,1024,Inman St Site,Inman St,Medium,Active
1347,1011,PRESCOTT St Site,PRESCOTT St,Small,Active
1348,1009,SAGINAW Ave Site,SAGINAW Ave,Medium,Active
1349,1002,DAY St Site,DAY St,Small,Active
1350,1012,"100 KELLY Rd Site","100 KELLY Rd",Medium,Active
1351,1003,Kelly Rd Site,Kelly Rd,Small,Active
1352,1003,ABERDEEN Ave Site,ABERDEEN Ave,Medium,Active
1353,1001,MEACHAM Rd Site,MEACHAM Rd,Large,Inactive
1354,1008,"100 HUBBARD Ave Site","100 HUBBARD Ave",Large,Active
1355,1022,WOODBRIDGE St Site,WOODBRIDGE St,Large,Active
1356,1028,Intersection of MAGAZINE St & RIVER St,MAGAZINE St & RIVER St,Medium,Active
1357,1029,Intersection of Ellery St & Harvard St,Ellery St & Harvard St,Medium,Inactive
1358,1008,TROWBRIDGE Ter Site,TROWBRIDGE Ter,Large,Active
1359,1011,Matignon Rd Site,Matignon Rd,Large,Active
1360,1009,Intersection of Cambridge St & Sixth St,Cambridge St & Sixth St,Small,Active
1361,1005,Intersection of Pleasant St & PlEASANT St,Pleasant St & PlEASANT St,Small,Active
1362,1014,Intersection of Massachusetts Ave & Holyoke St,Massachusetts Ave & Holyoke St,Small,Active
1363,1028,Intersection of PLEASANT St & PUTNAM Ave,PLEASANT St & PUTNAM Ave,Large,Active
1364,1030,Intersection of Massachusetts Ave & Pleasant St,Massachusetts Ave & Pleasant St,Large,Active
1365,1003,Intersection of Banks St & Athens St,Banks St & Athens St,Large,Active
1366,1021,Intersection of Massachusetts Ave & Central Sq,Massachusetts Ave & Central Sq,Small,Active
1367,1005,Intersection of BROADWAY & FELTON St,BROADWAY & FELTON St,Medium,Active
1368,1005,Intersection of GRANITE St & MAGAZINE St,GRANITE St & MAGAZINE St,Large,Active
1369,1019,Intersection of FRANKLIN St & PEARL St,FRANKLIN St & PEARL St,Medium,Active
1370,1027,Intersection of CHESTNUT St & MAGAZINE St,CHESTNUT St & MAGAZINE St,Medium,Inactive
1371,1014,Intersection of ALEWIFE BROOK Pkwy & MATIGNON Rd,ALEWIFE BROOK Pkwy & MATIGNON Rd,Medium,Active
1372,1026,SECKEL St Site,SECKEL St,Small,Active
1373,1030,"400 NORFOLK St Site","400 NORFOLK St",Medium,Inactive
1374,1004,Intersection of BROADWAY & WINDSOR St,BROADWAY & WINDSOR St,Large,Inactive
1375,1025,Intersection of Cambridge Pky & LAND BLVD,Cambridge Pky & LAND BLVD,Small,Active
1376,1013,"100 WADSWORTH St Site","100 WADSWORTH St",Large,Inactive
1377,1010,ST MARY Rd Site,ST MARY Rd,Large,Active
1378,1025,Intersection of HURLEY St & THIRD St,HURLEY St & THIRD St,Small,Active
1379,1018,Intersection of Main St & CHERRY St,Main St & CHERRY St,Large,Inactive
1380,1008,Intersection of Front St & Massachusetts Ave,Front St & Massachusetts Ave,Large,Active
1381,1008,Intersection of STATE St & Massachusetts Ave,STATE St & Massachusetts Ave,Small,Inactive
1382,1007,Intersection of NORTH POINT BLVD & North Point Blvd,NORTH POINT BLVD & North Point Blvd,Large,Active
1383,1008,Intersection of CONCORD Ave & UPLAND Rd,CONCORD Ave & UPLAND Rd,Medium,Active
1384,1014,WASHINGTON Ave Site,WASHINGTON Ave,Large,Active
1385,1019,Intersection of FAYERWEATHER St & HURON Ave,FAYERWEATHER St & HURON Ave,Medium,Active
1386,1029,Intersection of UPLAND Rd & Upland Rd,UPLAND Rd & Upland Rd,Large,Active
1387,1006,Intersection of Massachusetts Ave & Albany St,Massachusetts Ave & Albany St,Small,Active
1388,1001,"200 Kendall Sq Site","200 Kendall Sq",Small,Inactive
1389,1023,Intersection of Massachusetts Ave & UPLAND Rd,Massachusetts Ave & UPLAND Rd,Large,Inactive
1390,1015,ROSELAND St Site,ROSELAND St,Small,Active
1391,1001,Intersection of AMES St & BROADWAY,AMES St & BROADWAY,Large,Inactive
1392,1025,"400 River St Site","400 River St",Small,Active
1393,1017,Intersection of KINNAIRD St & PUTNAM Ave,KINNAIRD St & PUTNAM Ave,Medium,Inactive
1394,1001,"200 Larch Rd Site","200 Larch Rd",Large,Active
1395,1015,Intersection of Sherman St & Danehy Park,Sherman St & Danehy Park,Medium,Active
1396,1023,Intersection of ELLSWORTH Ave & BROADWAY,ELLSWORTH Ave & BROADWAY,Medium,Active
1397,1002,"100 RIVER St Site","100 RIVER St",Large,Inactive
1398,1014,LILAC CT Site,LILAC CT,Medium,Active
1399,1021,Intersection of DANA St & HARVARD St,DANA St & HARVARD St,Large,Active
1400,1008,Intersection of MEMORIAL DR & WESTERN Ave,MEMORIAL DR & WESTERN Ave,Medium,Active
1401,1008,MARVIN Pl Site,MARVIN Pl,Large,Active
1402,1019,Linnaean St Site,Linnaean St,Large,Active
1403,1007,Intersection of CONCORD Ave & WHEELER St,CONCORD Ave & WHEELER St,Small,Active
1404,1019,"200 DUDLEY St Site","200 DUDLEY St",Large,Active
1405,1006,MAY St Site,MAY St,Large,Inactive
1406,1006,SEVENTH St Site,SEVENTH St,Medium,Inactive
1407,1003,Intersection of SELLERS St & Green St,SELLERS St & Green St,Large,Active
1408,1007,Intersection of Putnam Ave & Green St,Putnam Ave & Green St,Small,Inactive
1409,1019,Intersection of Hurley St & Second St,Hurley St & Second St,Medium,Inactive
1410,1008,Intersection of COLUMBIA St & MAIN St,COLUMBIA St & MAIN St,Medium,Inactive
1411,1010,"100 DUNSTER St Site","100 DUNSTER St",Small,Active
1412,1020,"900 MEMORIAL DR Site","900 MEMORIAL DR",Medium,Inactive
1413,1015,SPRING St Site,SPRING St,Medium,Active
1414,1015,Intersection of Windsor St & Massachusetts Ave,Windsor St & Massachusetts Ave,Medium,Active
1415,1029,"200 Hurley St Site","200 Hurley St",Medium,Inactive
1416,1001,Intersection of DICKINSON St & Dickinson St,DICKINSON St & Dickinson St,Small,Active
1417,1020,Intersection of MURDOCK St & HAMPSHIRE St,MURDOCK St & HAMPSHIRE St,Small,Inactive
1418,1030,Intersection of RAYMOND St & Upland Rd,RAYMOND St & Upland Rd,Medium,Active
1419,1007,"100 WHITE St Site","100 WHITE St",Medium,Active
1420,1027,"1400 Mason St Site","1400 Mason St",Small,Active
1421,1004,"500 MASSACHUSETTS Ave Site","500 MASSACHUSETTS Ave",Small,Active
1422,1029,Intersection of MOUNT AUBURN St & SPARKS St,MOUNT AUBURN St & SPARKS St,Small,Inactive
1423,1006,Intersection of Sidney St & Green St,Sidney St & Green St,Medium,Inactive
1424,1025,Intersection of YORK St & Donnelly Field,YORK St & Donnelly Field,Medium,Active
1425,1001,Intersection of GARDEN St & APPIAN WAY,GARDEN St & APPIAN WAY,Large,Active
1426,1029,Intersection of ROGERS St & SECOND St,ROGERS St & SECOND St,Small,Active
1427,1005,Intersection of JACKSON St & Jackson St,JACKSON St & Jackson St,Medium,Active
1428,1027,FRESH POND Pl Site,FRESH POND Pl,Small,Inactive
1429,1023,BLANCHARD Rd Site,BLANCHARD Rd,Medium,Active
1430,1001,Intersection of JAY St & WESTERN Ave,JAY St & WESTERN Ave,Small,Inactive
1431,1030,Intersection of MAIN St & KENDALL Sq,MAIN St & KENDALL Sq,Medium,Active
1432,1004,Intersection of AMHERST St & HAYWARD St,AMHERST St & HAYWARD St,Large,Inactive
1433,1022,GERRYS LANDING Rd Site,GERRYS LANDING Rd,Large,Active
1434,1002,"200 LAKEVIEW Ave Site","200 LAKEVIEW Ave",Small,Active
1435,1010,"400 Third St Site","400 Third St",Medium,Inactive
1436,1005,"300 BRATTLE St Site","300 BRATTLE St",Medium,Active
1437,1027,"100 PlYMPTON St Site","100 PlYMPTON St",Small,Active
1438,1010,"100 Oxford St Site","100 Oxford St",Medium,Active
1439,1001,"200 AMORY St Site","200 AMORY St",Small,Active
1440,1022,ELIOT St Site,ELIOT St,Medium,Active
1441,1006,SCOTT St Site,SCOTT St,Small,Active
1442,1013,"100 CHESTNUT St Site","100 CHESTNUT St",Medium,Active
1443,1015,Intersection of SUFFOLK St & COLUMBIA St,SUFFOLK St & COLUMBIA St,Small,Active
1444,1004,Intersection of DAY St & Massachusetts Ave,DAY St & Massachusetts Ave,Medium,Active
1445,1013,Intersection of BENNETT St & UNIVERSITY Rd,BENNETT St & UNIVERSITY Rd,Large,Active
1446,1024,Intersection of Magazine St & Upton St,Magazine St & Upton St,Medium,Active
1447,1020,Intersection of VASSAR St & Memorial Dr,VASSAR St & Memorial Dr,Small,Inactive
1448,1024,Intersection of HOLWORTHY St & Holworthy St,HOLWORTHY St & Holworthy St,Large,Inactive
1449,1015,DOVER St Site,DOVER St,Medium,Active
1450,1029,Intersection of BISHOP ALLEN DR & INMAN St,BISHOP ALLEN DR & INMAN St,Large,Inactive
1451,1008,TROWBRIDGE Pl Site,TROWBRIDGE Pl,Medium,Inactive
1452,1005,DONNELL St Site,DONNELL St,Large,Active
1453,1029,Intersection of BRATTLE St & JAMES St,BRATTLE St & JAMES St,Small,Active
1454,1015,Intersection of GREEN St & Pearl St,GREEN St & Pearl St,Medium,Active
1455,1004,Intersection of GARDEN St & MASON St,GARDEN St & MASON St,Medium,Inactive
1456,1012,Intersection of Western Ave & Massachusetts Ave,Western Ave & Massachusetts Ave,Small,Active
1457,1013,Intersection of ROGERS St & FIRST St,ROGERS St & FIRST St,Large,Active
1458,1002,Intersection of CAMBRIDGE St & EIGHTH St,CAMBRIDGE St & EIGHTH St,Small,Active
1459,1027,"1400 Cambridge St Site","1400 Cambridge St",Small,Active
1460,1019,Intersection of Putnam Ave & Franklin St,Putnam Ave & Franklin St,Large,Active
1461,1019,Intersection of LINCOLN St & WINDSOR St,LINCOLN St & WINDSOR St,Small,Inactive
1462,1004,Intersection of Porter Rd & Massachusetts Ave,Porter Rd & Massachusetts Ave,Medium,Active
1463,1004,RUSSELL St Site,RUSSELL St,Medium,Active
1464,1026,Intersection of COLUMBIA St & HARVARD St,COLUMBIA St & HARVARD St,Medium,Active
1465,1011,GARDEN LN Site,GARDEN LN,Small,Active
1466,1027,Intersection of LEE St & WEST St,LEE St & WEST St,Medium,Active
1467,1005,MARION St Site,MARION St,Medium,Active
1468,1020,BOWDOIN St Site,BOWDOIN St,Medium,Active
1469,1011,Intersection of BLACKSTONE St & Blackstone St,BLACKSTONE St & Blackstone St,Medium,Active
1470,1030,Intersection of GREEN St & WESTERN Ave,GREEN St & WESTERN Ave,Medium,Active
1471,1010,"200 CHERRY St Site","200 CHERRY St",Medium,Active
1472,1008,"200 BANKS St Site","200 BANKS St",Small,Active
1473,1006,Intersection of BERKSHIRE St & CAMBRIDGE St,BERKSHIRE St & CAMBRIDGE St,Medium,Active
1474,1006,Intersection of CAMBRIDGE St & CARDINAL MEDEIROS Ave,CAMBRIDGE St & CARDINAL MEDEIROS Ave,Medium,Active
1475,1008,Intersection of MELLEN St & Massachusetts Ave,MELLEN St & Massachusetts Ave,Large,Inactive
1476,1023,"200 CARDINAL MEDEIROS Ave Site","200 CARDINAL MEDEIROS Ave",Small,Active
1477,1015,Intersection of RIVER St & Massachusetts Ave,RIVER St & Massachusetts Ave,Small,Active
1478,1026,Intersection of MOUNT AUBURN St & Brewer St,MOUNT AUBURN St & Brewer St,Small,Active
1479,1014,Intersection of INMAN Pl & INMAN St,INMAN Pl & INMAN St,Small,Active
1480,1011,Intersection of WESTERN Ave & MONTAGUE St,WESTERN Ave & MONTAGUE St,Medium,Active
1481,1012,Intersection of Massachusetts Ave & Inman St,Massachusetts Ave & Inman St,Medium,Active
1482,1026,Intersection of WALDEN SqUARE Rd & Lincoln Way,WALDEN SqUARE Rd & Lincoln Way,Large,Active
1483,1013,COTTAGE St Site,COTTAGE St,Large,Active
1484,1008,CAMERON Ave Site,CAMERON Ave,Small,Active
1485,1030,Walden Square Rd Site,Walden Square Rd,Large,Active
1486,1018,SEAGRAVE Rd Site,SEAGRAVE Rd,Large,Active
1487,1025,Intersection of CAMBRIDGE St & LAMBERT St,CAMBRIDGE St & LAMBERT St,Small,Active
1488,1001,Intersection of BENT St & FIFTH St,BENT St & FIFTH St,Small,Active
1489,1015,Intersection of GORE St & SIXTH St,GORE St & SIXTH St,Large,Active
1490,1008,"300 Technology Sq Site","300 Technology Sq",Medium,Active
1491,1028,Intersection of Massachusetts Ave & NORFOLK St,Massachusetts Ave & NORFOLK St,Large,Inactive
1492,1011,Intersection of Winthrop St & Harvard Sq,Winthrop St & Harvard Sq,Large,Inactive
1493,1012,"100 KELLEY St Site","100 KELLEY St",Medium,Active
1494,1012,"200 Gore St Site","200 Gore St",Medium,Inactive
1495,1004,"800 Memorial Dr Site","800 Memorial Dr",Small,Inactive
1496,1016,"100 PRENTISS St Site","100 PRENTISS St",Small,Active
1497,1004,Intersection of Massachusetts Ave & ELLERY St,Massachusetts Ave & ELLERY St,Large,Inactive
1498,1005,"100 GROZIER Rd Site","100 GROZIER Rd",Medium,Active
1499,1024,SCIARAPPA St Site,SCIARAPPA St,Small,Active
1500,1005,Intersection of PUTNAM Ave & RIVER St,PUTNAM Ave & RIVER St,Large,Active
1501,1008,WINSLOW St Site,WINSLOW St,Medium,Active
1502,1010,"100 HURON Ave Site","100 HURON Ave",Large,Active
1503,1017,EAST St Site,EAST St,Small,Active
1504,1028,Intersection of ALBANY St & Pacific St,ALBANY St & Pacific St,Small,Active
1505,1026,Intersection of BINNEY St & BROADWAY,BINNEY St & BROADWAY,Medium,Active
1506,1009,Intersection of HAMPSHIRE St & TREMONT St,HAMPSHIRE St & TREMONT St,Large,Active
1507,1022,LOCUST St Site,LOCUST St,Medium,Active
1508,1019,Intersection of MASSACHUSETTS Ave & MASSACHUSETTS Ave,MASSACHUSETTS Ave & MASSACHUSETTS Ave,Small,Active
1509,1029,Intersection of Church St & Harvard Sq,Church St & Harvard Sq,Small,Active
1510,1014,Intersection of MAGAZINE St & Glenwood Ave,MAGAZINE St & Glenwood Ave,Large,Active
1511,1008,NORMAN St Site,NORMAN St,Large,Inactive
1512,1009,"100 FOSTER St Site","100 FOSTER St",Large,Active
1513,1022,Garden St Site,Garden St,Medium,Inactive
1514,1011,SHALER LN Site,SHALER LN,Large,Active
1515,1023,Intersection of ASH St & MEMORIAL DR,ASH St & MEMORIAL DR,Large,Active
1516,1001,"400 Harvard St Site","400 Harvard St",Small,Active
1517,1014,WALKER St Site,WALKER St,Small,Inactive
1518,1005,Intersection of Franklin St & PEARL St,Franklin St & PEARL St,Large,Active
1519,1021,Intersection of BROOKLINE St & ERIE St,BROOKLINE St & ERIE St,Large,Active
1520,1026,Intersection of CAMBRIDGE St & Third St,CAMBRIDGE St & Third St,Small,Inactive
1521,1014,Intersection of Massachusetts Ave & VILLAGE St,Massachusetts Ave & VILLAGE St,Large,Active
1522,1004,PRINCE St Site,PRINCE St,Medium,Active
1523,1022,Intersection of WATSON St & BROOKLINE St,WATSON St & BROOKLINE St,Medium,Active
1524,1023,CARLISLE St Site,CARLISLE St,Medium,Active
1525,1025,Intersection of Massachusetts Ave & GARFIELD St,Massachusetts Ave & GARFIELD St,Large,Inactive
1526,1001,Intersection of CARLISLE St & Carlisle St,CARLISLE St & Carlisle St,Small,Active
1527,1022,Intersection of HAMPSHIRE St & PORTSMOUTH St,HAMPSHIRE St & PORTSMOUTH St,Large,Active
1528,1023,"100 Mount Auburn St Site","100 Mount Auburn St",Large,Active
1529,1019,Intersection of PROSPECT St & Bishop Allen Dr,PROSPECT St & Bishop Allen Dr,Small,Inactive
1530,1008,HURLBUT St Site,HURLBUT St,Small,Active
1531,1015,Intersection of BRATTLE St & JFK St,BRATTLE St & JFK St,Small,Inactive
1532,1021,"700 Massachusetts Ave Site","700 Massachusetts Ave",Medium,Active
1533,1015,Intersection of Harvard St & Columbia St,Harvard St & Columbia St,Large,Active
1534,1009,HARDWICK St Site,HARDWICK St,Small,Active
1535,1021,Intersection of PRESCOTT St & BROADWAY,PRESCOTT St & BROADWAY,Large,Active
1536,1009,Intersection of BANKS St & FLAGG St,BANKS St & FLAGG St,Medium,Active
1537,1010,Intersection of Massachusetts Ave & MELLEN St,Massachusetts Ave & MELLEN St,Medium,Inactive
1538,1020,"100 COOLIDGE Ave Site","100 COOLIDGE Ave",Small,Active
1539,1025,Intersection of OTIS St & SECOND St,OTIS St & SECOND St,Small,Active
1540,1021,Intersection of COTTAGE St & PEARL St,COTTAGE St & PEARL St,Large,Active
1541,1026,SEDGEWICK Rd Site,SEDGEWICK Rd,Small,Inactive
1542,1009,Dunster St Site,Dunster St,Large,Inactive
1543,1003,"600 FRANKLIN St Site","600 FRANKLIN St",Small,Active
1544,1020,Intersection of JFK St & MEMORIAL DR,JFK St & MEMORIAL DR,Large,Active
1545,1025,Intersection of FIRST St & CAMBRIDGE St,FIRST St & CAMBRIDGE St,Large,Inactive
1546,1026,Intersection of GARDEN St & Cambridge Common,GARDEN St & Cambridge Common,Large,Active
1547,1011,Intersection of HURON Ave & Huron Ave,HURON Ave & Huron Ave,Large,Active
1548,1006,Intersection of Mount Auburn St & University Rd,Mount Auburn St & University Rd,Medium,Active
1549,1002,Intersection of PLEASANT St & ROCKWELL St,PLEASANT St & ROCKWELL St,Large,Active
1550,1007,SCOUTING WAY Site,SCOUTING WAY,Small,Active
1551,1018,STANDISH St Site,STANDISH St,Medium,Active
1552,1027,Intersection of CONCORD Ave & FAYERWEATHER St,CONCORD Ave & FAYERWEATHER St,Medium,Active
1553,1002,"100 LINCOLN St Site","100 LINCOLN St",Large,Inactive
1554,1027,Intersection of BERKELEY St & Berkeley St,BERKELEY St & Berkeley St,Medium,Active
1555,1017,Intersection of HAMPSHIRE St & Broadway,HAMPSHIRE St & Broadway,Large,Active
1556,1011,Intersection of COLUMBIA St & Clement Morgan Park,COLUMBIA St & Clement Morgan Park,Small,Active
1557,1027,SEVEN PINES Ave Site,SEVEN PINES Ave,Large,Inactive
1558,1012,"100 MADISON Ave Site","100 MADISON Ave",Medium,Active
1559,1027,Intersection of MIFFLIN Pl & MOUNT AUBURN St,MIFFLIN Pl & MOUNT AUBURN St,Small,Active
1560,1019,Intersection of CENTANNI WAY & Otis St,CENTANNI WAY & Otis St,Large,Active
1561,1022,"100 GRISWOLD St Site","100 GRISWOLD St",Small,Inactive
1562,1024,Intersection of Massachusetts Ave & Central Sq,Massachusetts Ave & Central Sq,Small,Active
1563,1025,Intersection of MAX Ave & Max Ave,MAX Ave & Max Ave,Medium,Active
1564,1007,WHITTIER St Site,WHITTIER St,Small,Active
1565,1020,Intersection of CONCORD Ave & BUCKINGHAM St,CONCORD Ave & BUCKINGHAM St,Medium,Active
1566,1006,Intersection of Charles St & First St,Charles St & First St,Small,Active
1567,1021,Intersection of BISHOP ALLEN DR & Norfolk St,BISHOP ALLEN DR & Norfolk St,Large,Active
1568,1024,Intersection of New St & Danehy Park,New St & Danehy Park,Small,Active
1569,1001,Intersection of BROADWAY & CAMBRIDGE St,BROADWAY & CAMBRIDGE St,Large,Inactive
1570,1017,Intersection of BROOKLINE St & GREEN St,BROOKLINE St & GREEN St,Large,Active
1571,1029,"200 Charles St Site","200 Charles St",Small,Active
1572,1011,HILLSIDE Ave Site,HILLSIDE Ave,Large,Active
1573,1022,"500 MASSACHUSETTS Ave Site","500 MASSACHUSETTS Ave",Small,Active
1574,1026,MONTGOMERY St Site,MONTGOMERY St,Small,Active
1575,1028,"200 Mount Auburn St Site","200 Mount Auburn St",Large,Active
1576,1018,Intersection of CAMBRIDGE St & Vellucci Park,CAMBRIDGE St & Vellucci Park,Large,Active
1577,1021,"200 RIVER St Site","200 RIVER St",Medium,Active
1578,1017,Intersection of SOMERVILLE Ave & Massachusetts Ave,SOMERVILLE Ave & Massachusetts Ave,Large,Active
1579,1007,CHURCH St Site,CHURCH St,Medium,Active
1580,1017,MELLEN St Site,MELLEN St,Large,Inactive
1581,1020,Intersection of ACACIA St & HAWTHORNE St,ACACIA St & HAWTHORNE St,Small,Active
1582,1009,Intersection of Washington St & Cherry St,Washington St & Cherry St,Large,Active
1583,1017,Intersection of HAMPSHIRE St & PORTLAND St,HAMPSHIRE St & PORTLAND St,Small,Active
1584,1020,Intersection of COGSWELL Ave & Massachusetts Ave,COGSWELL Ave & Massachusetts Ave,Small,Inactive
1585,1022,"1000 CAMBRIDGE St Site","1000 CAMBRIDGE St",Small,Active
1586,1022,"100 VASSAL LN Site","100 VASSAL LN",Medium,Inactive
1587,1028,Intersection of MUSEUM WAY & Museum Way,MUSEUM WAY & Museum Way,Large,Active
1588,1029,Intersection of CARLISLE St & PROSPECT St,CARLISLE St & PROSPECT St,Small,Inactive
1589,1008,Intersection of BIRCH St & Concord Ave,BIRCH St & Concord Ave,Small,Inactive
1590,1017,Intersection of ESSEX St & Bishop Allen Dr,ESSEX St & Bishop Allen Dr,Medium,Inactive
1591,1007,Intersection of MAGAZINE St & PRINCE St,MAGAZINE St & PRINCE St,Large,Active
1592,1001,Intersection of JFK St & SOUTH St,JFK St & SOUTH St,Large,Active
1593,1013,"100 PRINCE St Site","100 PRINCE St",Medium,Inactive
1594,1030,Intersection of AMORY St & Amory St,AMORY St & Amory St,Medium,Active
1595,1023,Intersection of MEMORIAL DR & PlYMPTON St,MEMORIAL DR & PlYMPTON St,Large,Active
1596,1019,Intersection of MAGAZINE St & WILLIAM St,MAGAZINE St & WILLIAM St,Medium,Active
1597,1027,COTTAGE PARK Ave Site,COTTAGE PARK Ave,Large,Active
1598,1024,"100 RESERVOIR St Site","100 RESERVOIR St",Large,Active
1599,1019,Intersection of Harvard Sq & MASSACHUSETTS Ave,Harvard Sq & MASSACHUSETTS Ave,Small,Active
1600,1030,"200 HOLWORTHY St Site","200 HOLWORTHY St",Small,Active
1601,1030,Intersection of ABERDEEN Ave & HURON Ave,ABERDEEN Ave & HURON Ave,Large,Active
1602,1029,"100 PARK Ave Site","100 PARK Ave",Large,Active
1603,1017,HARRINGTON Ter Site,HARRINGTON Ter,Large,Active
1604,1013,Intersection of Windsor St & BROADWAY,Windsor St & BROADWAY,Large,Inactive
1605,1029,Intersection of HAMPSHIRE St & WINDSOR St,HAMPSHIRE St & WINDSOR St,Large,Active
1606,1030,Intersection of CEDAR St & HARVEY St,CEDAR St & HARVEY St,Large,Active
1607,1016,LAMONT Ave Site,LAMONT Ave,Medium,Active
1608,1008,ANDREW St Site,ANDREW St,Large,Active
1609,1019,"200 HURON Ave Site","200 HURON Ave",Medium,Active
1610,1018,Intersection of HANCOCK St & Massachusetts Ave,HANCOCK St & Massachusetts Ave,Medium,Active
1611,1001,ACORN St Site,ACORN St,Large,Active
1612,1014,FALLON Pl Site,FALLON Pl,Large,Active
1613,1019,Intersection of ARROW St & BOW St,ARROW St & BOW St,Medium,Active
1614,1015,Intersection of DUNSTER St & WINTHROP St,DUNSTER St & WINTHROP St,Medium,Active
1615,1018,Intersection of CAMBRIDGE St & DANA St,CAMBRIDGE St & DANA St,Large,Active
1616,1002,"100 Norfolk St Site","100 Norfolk St",Large,Inactive
1617,1022,Intersection of Alewife MBTA Stat & Cambridgepark Dr,Alewife MBTA Stat & Cambridgepark Dr,Medium,Active
1618,1028,Intersection of Harvard St & Norfolk St,Harvard St & Norfolk St,Medium,Active
1619,1017,CHURCHILL Ave Site,CHURCHILL Ave,Medium,Inactive
1620,1018,Intersection of AMHERST St & Massachusetts Ave,AMHERST St & Massachusetts Ave,Small,Inactive
1621,1030,"500 GREEN St Site","500 GREEN St",Medium,Active
1622,1006,"1400 Cambridge St Site","1400 Cambridge St",Small,Active
1623,1019,Intersection of SHERMAN St & WINSLOW St,SHERMAN St & WINSLOW St,Large,Inactive
1624,1004,"200 WALDEN PARK Site","200 WALDEN PARK",Large,Active
1625,1001,Intersection of Rindge Ave & Alewife Brook Pky,Rindge Ave & Alewife Brook Pky,Medium,Active
1626,1008,Intersection of RICHDALE Ave & WALDEN St,RICHDALE Ave & WALDEN St,Large,Active
1627,1029,Intersection of Appian Way & Garden St,Appian Way & Garden St,Large,Inactive
1628,1023,"600 MOUNT AUBURN St Site","600 MOUNT AUBURN St",Large,Active
1629,1007,Intersection of BISHOP ALLEN DR & Temple St,BISHOP ALLEN DR & Temple St,Large,Active
1630,1003,"100 Walker St Site","100 Walker St",Small,Active
1631,1010,Intersection of Massachusetts Ave & PEABODY St,Massachusetts Ave & PEABODY St,Small,Active
1632,1010,Intersection of YORK St & Willow St,YORK St & Willow St,Medium,Active
1633,1019,Intersection of HINGHAM St & MEMORIAL DR,HINGHAM St & MEMORIAL DR,Medium,Active
1634,1014,Intersection of GREEN St & RIVER St,GREEN St & RIVER St,Medium,Inactive
1635,1002,Intersection of BERKSHIRE St & Plymouth St,BERKSHIRE St & Plymouth St,Large,Inactive
1636,1028,Intersection of CHAUNCY St & LANGDON St,CHAUNCY St & LANGDON St,Large,Active
1637,1001,GRANT St Site,GRANT St,Small,Active
1638,1023,Intersection of HURLEY St & First St,HURLEY St & First St,Small,Active
1639,1023,Intersection of PLYMPTON St & Massachusetts Ave,PLYMPTON St & Massachusetts Ave,Medium,Active
1640,1028,Intersection of JFK St & Mount Auburn St,JFK St & Mount Auburn St,Small,Active
1641,1018,Intersection of Massachusetts Ave & Village St,Massachusetts Ave & Village St,Small,Inactive
1642,1007,Intersection of WINDSOR St & FRONT St,WINDSOR St & FRONT St,Small,Active
1643,1029,Intersection of Cambridge St & Hunting St,Cambridge St & Hunting St,Small,Active
1644,1008,Intersection of CHERRY St & HARVARD St,CHERRY St & HARVARD St,Small,Inactive
1645,1001,Intersection of Cambridge St & Cardinal Medeiros Ave,Cambridge St & Cardinal Medeiros Ave,Medium,Active
1646,1025,Intersection of SCIARAPPA St & OTIS St,SCIARAPPA St & OTIS St,Medium,Active
1647,1023,FAIRVIEW Ave Site,FAIRVIEW Ave,Small,Active
1648,1003,Intersection of JACKSON St & DUDLEY St,JACKSON St & DUDLEY St,Medium,Active
1649,1024,HARRISON Ave Site,HARRISON Ave,Large,Active
1650,1023,Intersection of EVERETT St & Everett St,EVERETT St & Everett St,Small,Active
1651,1027,"100 RIVER St Site","100 RIVER St",Large,Inactive
1652,1029,Intersection of BEECH St & Massachusetts Ave,BEECH St & Massachusetts Ave,Medium,Active
1653,1008,Bennett St Site,Bennett St,Medium,Active
1654,1022,"100 LARCH Rd Site","100 LARCH Rd",Large,Inactive
1655,1025,EMMONS Pl Site,EMMONS Pl,Medium,Inactive
1656,1015,Kirkland St Site,Kirkland St,Small,Active
1657,1005,MYRTLE Ave Site,MYRTLE Ave,Large,Active
1658,1003,Dana St Site,Dana St,Small,Inactive
1659,1019,Intersection of Cambridge St & Roberts Rd,Cambridge St & Roberts Rd,Large,Inactive
1660,1001,RICE St Site,RICE St,Medium,Inactive
1661,1028,Intersection of KIRKLAND St & SUMNER Rd,KIRKLAND St & SUMNER Rd,Large,Active
1662,1015,Intersection of HURON Ave & LARCH Rd,HURON Ave & LARCH Rd,Large,Active
1663,1008,Intersection of Brattle St & Farwell Pl,Brattle St & Farwell Pl,Small,Active
1664,1002,Intersection of BINNEY St & SIXTH St,BINNEY St & SIXTH St,Medium,Inactive
1665,1003,Intersection of BENT St & SIXTH St,BENT St & SIXTH St,Small,Active
1666,1024,Sargent St Site,Sargent St,Medium,Active
1667,1014,Intersection of Columbia St & Harrington Ter,Columbia St & Harrington Ter,Small,Active
1668,1024,"500 WINDSOR St Site","500 WINDSOR St",Large,Active
1669,1014,Intersection of CADBURY Rd & WOOD St,CADBURY Rd & WOOD St,Small,Inactive
1670,1011,Intersection of BEECH St & Elm Street North,BEECH St & Elm Street North,Medium,Inactive
1671,1016,JFK St Site,JFK St,Medium,Active
1672,1004,Intersection of CHURCH St & Church St,CHURCH St & Church St,Large,Active
1673,1020,"100 ACORN PARK Site","100 ACORN PARK",Medium,Active
1674,1005,"100 WALKER St Site","100 WALKER St",Small,Inactive
1675,1022,Intersection of Bow St & Arrow St,Bow St & Arrow St,Large,Active
1676,1021,Intersection of MAGAZINE St & William St,MAGAZINE St & William St,Medium,Active
1677,1014,Mill St Site,Mill St,Medium,Active
1678,1023,Intersection of PROSPECT St & HAMPSHIRE St,PROSPECT St & HAMPSHIRE St,Small,Active
1679,1016,PERRY St Site,PERRY St,Small,Active
1680,1018,Intersection of BROADWAY & CLARK St,BROADWAY & CLARK St,Large,Active
1681,1007,Intersection of MARKET St & COLUMBIA St,MARKET St & COLUMBIA St,Medium,Active
1682,1010,Intersection of BIRCH St & CONCORD Ave,BIRCH St & CONCORD Ave,Small,Inactive
1683,1007,"1100 Cambridge St Site","1100 Cambridge St",Large,Inactive
1684,1001,Frost St Site,Frost St,Medium,Active
1685,1023,Intersection of EXETER PARK & Massachusetts Ave,EXETER PARK & Massachusetts Ave,Medium,Inactive
1686,1021,Intersection of SIDNEY St & Massachusetts Ave,SIDNEY St & Massachusetts Ave,Large,Active
1687,1019,"1900 MASSACHUSETTS Ave Site","1900 MASSACHUSETTS Ave",Large,Inactive
1688,1016,Intersection of PUTNAM Ave & Putnam Ave,PUTNAM Ave & Putnam Ave,Small,Active
1689,1029,SACRAMENTO Pl Site,SACRAMENTO Pl,Medium,Active
1690,1019,Intersection of HOWARD St & WESTERN Ave,HOWARD St & WESTERN Ave,Medium,Active
1691,1004,Intersection of BROOKLINE St & CHESTNUT St,BROOKLINE St & CHESTNUT St,Medium,Active
1692,1029,Intersection of Quincy St & Quincy St,Quincy St & Quincy St,Large,Active
1693,1028,"300 RIVER St Site","300 RIVER St",Small,Active
1694,1018,Intersection of HANCOCK St & HARVARD St,HANCOCK St & HARVARD St,Medium,Inactive
1695,1002,MONTAGUE St Site,MONTAGUE St,Large,Inactive
1696,1001,Intersection of AUBURN St & RIVER St,AUBURN St & RIVER St,Medium,Active
1697,1015,"100 Bishop Allen Dr Site","100 Bishop Allen Dr",Small,Active
1698,1005,Intersection of PINE St & WASHINGTON St,PINE St & WASHINGTON St,Medium,Active
1699,1020,"600 EVERETEZE WAY Site","600 EVERETEZE WAY",Small,Active
1700,1011,Glenn Ter Site,Glenn Ter,Small,Active
1701,1010,Intersection of BROADWAY & Broadway,BROADWAY & Broadway,Medium,Inactive
1702,1002,Intersection of BELLIS CIR & Bellis Cir,BELLIS CIR & Bellis Cir,Medium,Active
1703,1003,Intersection of FOREST St & FROST St,FOREST St & FROST St,Small,Active
1704,1023,Intersection of Bow St & PlYMPTON St,Bow St & PlYMPTON St,Large,Active
1705,1023,"300 MASSACHUSETTS Ave Site","300 MASSACHUSETTS Ave",Small,Active
1706,1012,Intersection of GARDEN St & MASSACHUSETTS Ave,GARDEN St & MASSACHUSETTS Ave,Medium,Active
1707,1020,Intersection of LINNAEAN St & Massachusetts Ave,LINNAEAN St & Massachusetts Ave,Medium,Inactive
1708,1005,MAIN St Site,MAIN St,Large,Active
1709,1005,Intersection of LEIGHTON St & Monsignor OBrien Hwy,LEIGHTON St & Monsignor OBrien Hwy,Small,Inactive
1710,1006,Intersection of PEARL St & AUBURN St,PEARL St & AUBURN St,Small,Active
1711,1030,Intersection of MAGAZINE St & GLENWOOD Ave,MAGAZINE St & GLENWOOD Ave,Small,Active
1712,1009,CHAUNCY LN Site,CHAUNCY LN,Medium,Active
1713,1002,"700 GREEN St Site","700 GREEN St",Small,Active
1714,1021,Intersection of PRENTISS St & OXFORD St,PRENTISS St & OXFORD St,Large,Active
1715,1012,Intersection of Magazine St & Granite St,Magazine St & Granite St,Medium,Inactive
1716,1003,Intersection of Magazine St & Magazine St,Magazine St & Magazine St,Medium,Active
1717,1020,Intersection of CHARLES St & FIFTH St,CHARLES St & FIFTH St,Small,Active
1718,1026,Intersection of HARVARD St & Dana St,HARVARD St & Dana St,Large,Active
1719,1022,Intersection of White St & Porter Sq,White St & Porter Sq,Medium,Inactive
1720,1012,ST PAUL St Site,ST PAUL St,Medium,Active
1721,1024,ACORN PARK Site,ACORN PARK,Small,Active
1722,1017,GREENOUGH Ave Site,GREENOUGH Ave,Small,Active
1723,1010,Intersection of PORTLAND St & WASHINGTON St,PORTLAND St & WASHINGTON St,Large,Active
1724,1030,Intersection of AMHERST St & WADSWORTH St,AMHERST St & WADSWORTH St,Small,Inactive
1725,1024,FIFTH St Site,FIFTH St,Large,Active
1726,1027,Intersection of BOND St & GARDEN St,BOND St & GARDEN St,Medium,Active
1727,1014,Intersection of Avon Hill St & Linnaean St,Avon Hill St & Linnaean St,Large,Inactive
1728,1023,VASSAL LN Site,VASSAL LN,Large,Active
1729,1017,Intersection of RINDGE Ave & Jefferson Park,RINDGE Ave & Jefferson Park,Large,Active
1730,1018,"100 WHEELER St Site","100 WHEELER St",Medium,Active
1731,1019,Intersection of CANAL PARK & Canal Park,CANAL PARK & Canal Park,Small,Active
1732,1017,Intersection of BAY St & Massachusetts Ave,BAY St & Massachusetts Ave,Medium,Active
1733,1014,Intersection of PORTER Rd & Massachusetts Ave,PORTER Rd & Massachusetts Ave,Small,Active
1734,1009,Intersection of LINCOLN St & UNION St,LINCOLN St & UNION St,Large,Active
1735,1008,Intersection of Smith Pl & Adley Rd,Smith Pl & Adley Rd,Large,Active
1736,1002,Intersection of BROADWAY & WARE St,BROADWAY & WARE St,Large,Active
1737,1013,Intersection of REMINGTON St & HARVARD St,REMINGTON St & HARVARD St,Large,Inactive
1738,1025,VINEYARD St Site,VINEYARD St,Large,Active
1739,1007,"600 Concord Ave Site","600 Concord Ave",Small,Active
1740,1009,Intersection of BELMONT St & SULLIVAN Rd,BELMONT St & SULLIVAN Rd,Small,Active
1741,1022,Intersection of HURON Ave & Cushing St,HURON Ave & Cushing St,Large,Inactive
1742,1022,SOUTH NORMANDY Ave Site,SOUTH NORMANDY Ave,Medium,Inactive
1743,1011,MURRAY HILL Rd Site,MURRAY HILL Rd,Medium,Active
1744,1014,Intersection of Mount Vernon St & UPLAND Rd,Mount Vernon St & UPLAND Rd,Large,Active
1745,1004,"300 LAKEVIEW Ave Site","300 LAKEVIEW Ave",Small,Active
1746,1026,Intersection of GREEN St & SELLERS St,GREEN St & SELLERS St,Medium,Inactive
1747,1026,Intersection of PLYMOUTH St & HAMPSHIRE St,PLYMOUTH St & HAMPSHIRE St,Medium,Active
1748,1029,Intersection of HURON Ave & LAKEVIEW Ave,HURON Ave & LAKEVIEW Ave,Medium,Inactive
1749,1013,Intersection of Mount Vernon St & Massachusetts Ave,Mount Vernon St & Massachusetts Ave,Large,Active
1750,1002,FIRST St Site,FIRST St,Medium,Inactive
1751,1023,Intersection of Garden St & Linnaean St,Garden St & Linnaean St,Medium,Active
1752,1005,Intersection of Massachusetts Ave & PROSPECT St,Massachusetts Ave & PROSPECT St,Medium,Active
1753,1011,Intersection of CAMBRIDGE St & WARREN St,CAMBRIDGE St & WARREN St,Medium,Active
1754,1006,Intersection of SCHOOL St & WINDSOR St,SCHOOL St & WINDSOR St,Small,Active
1755,1018,Intersection of LINNAEAN St & Walker St,LINNAEAN St & Walker St,Large,Active
1756,1021,Intersection of Brookline St & Green St,Brookline St & Green St,Large,Active
1757,1010,PALERMO St Site,PALERMO St,Small,Active
1758,1004,HUDSON St Site,HUDSON St,Small,Active
1759,1009,Intersection of PUTNAM Ave & WESTERN Ave,PUTNAM Ave & WESTERN Ave,Large,Inactive
1760,1006,Intersection of SPARKS St & Mercer Cir,SPARKS St & Mercer Cir,Medium,Active
1761,1002,"100 PORTER St Site","100 PORTER St",Medium,Active
1762,1017,Intersection of BRATTLE St & BROWN St,BRATTLE St & BROWN St,Large,Active
1763,1005,Broadway Ter Site,Broadway Ter,Medium,Active
1764,1025,Intersection of JACKSON St & HARVEY St,JACKSON St & HARVEY St,Small,Active
1765,1006,Intersection of HURLEY St & THIRD St,HURLEY St & THIRD St,Medium,Active
1766,1026,ST SAUVEUR CT Site,ST SAUVEUR CT,Medium,Active
1767,1012,MAX Ave Site,MAX Ave,Medium,Inactive
1768,1023,Intersection of SECOND St & ROGERS St,SECOND St & ROGERS St,Large,Active
1769,1021,"800 MASSACHUSETTS Ave Site","800 MASSACHUSETTS Ave",Small,Active
1770,1010,Intersection of CLARENDON Ave & Massachusetts Ave,CLARENDON Ave & Massachusetts Ave,Medium,Active
1771,1022,"100 BOLTON St Site","100 BOLTON St",Large,Inactive
1772,1021,TRAYMORE St Site,TRAYMORE St,Medium,Active
1773,1027,"100 MAGOUN St Site","100 MAGOUN St",Small,Inactive
1774,1025,JACKSON GDNS Site,JACKSON GDNS,Medium,Active
1775,1006,"1400 MASSACHUSETTS Ave Site","1400 MASSACHUSETTS Ave",Small,Inactive
1776,1027,Intersection of MILTON St & Massachusetts Ave,MILTON St & Massachusetts Ave,Medium,Active
1777,1008,Intersection of Columbus Ave & Massachusetts Ave,Columbus Ave & Massachusetts Ave,Small,Active
1778,1002,Intersection of MASSACHUSETTS Ave & INMAN St,MASSACHUSETTS Ave & INMAN St,Medium,Active
1779,1012,Intersection of Elm St & WEBSTER Ave,Elm St & WEBSTER Ave,Small,Inactive
1780,1013,Intersection of BRATTLE CIR & BRATTLE St,BRATTLE CIR & BRATTLE St,Medium,Active
1781,1025,Intersection of COLUMBIA St & HAMPSHIRE St,COLUMBIA St & HAMPSHIRE St,Medium,Active
1782,1021,Intersection of BROADWAY & PORTLAND St,BROADWAY & PORTLAND St,Large,Active
1783,1007,Intersection of HAMMOND St & HOWLAND St,HAMMOND St & HOWLAND St,Large,Active
1784,1010,LINE St Site,LINE St,Small,Active
1785,1013,Intersection of CEDAR St & NORRIS St,CEDAR St & NORRIS St,Medium,Active
1786,1017,Intersection of LOWELL St & MOUNT AUBURN St,LOWELL St & MOUNT AUBURN St,Small,Inactive
1787,1026,"100 Rogers St Site","100 Rogers St",Large,Active
1788,1021,Intersection of OTIS St & Otis St,OTIS St & Otis St,Small,Inactive
1789,1028,Intersection of SECOND St & CHARLES St,SECOND St & CHARLES St,Small,Active
1790,1030,CORCORAN PARK Site,CORCORAN PARK,Large,Inactive
1791,1026,"300 GREEN St Site","300 GREEN St",Medium,Active
1792,1014,Intersection of Alewife Brook Pky & WHITTEMORE Ave,Alewife Brook Pky & WHITTEMORE Ave,Small,Active
1793,1002,"100 ELM St Site","100 ELM St",Large,Active
1794,1028,ELM St Site,ELM St,Medium,Inactive
1795,1022,"1900 MASSACHUSETTS Ave Site","1900 MASSACHUSETTS Ave",Large,Inactive
1796,1011,"100 Alewife Brook Pky Site","100 Alewife Brook Pky",Small,Active
1797,1001,Intersection of JFK St & Harvard Sq,JFK St & Harvard Sq,Medium,Active
1798,1019,"100 Brookline St Site","100 Brookline St",Medium,Active
1799,1021,Intersection of Cambridge St & Broadway,Cambridge St & Broadway,Large,Active
1800,1004,"400 PEARL St Site","400 PEARL St",Large,Active
1801,1019,Intersection of SCIARAPPA St & THORNDIKE St,SCIARAPPA St & THORNDIKE St,Large,Active
1802,1026,Intersection of WALKER St & Shepard St,WALKER St & Shepard St,Medium,Active
1803,1029,"600 Massachusetts Ave Site","600 Massachusetts Ave",Medium,Active
1804,1021,CLARY St Site,CLARY St,Small,Active
1805,1011,North Point Blvd Site,North Point Blvd,Medium,Active
1806,1008,LIVERMORE Pl Site,LIVERMORE Pl,Small,Active
1807,1011,"200 ELM St Site","200 ELM St",Large,Inactive
1808,1004,Intersection of THORNDIKE WAY & Thorndike Way,THORNDIKE WAY & Thorndike Way,Large,Inactive
1809,1017,Intersection of ATHENAEUM St & FIRST St,ATHENAEUM St & FIRST St,Medium,Active
1810,1027,"2000 MASSACHUSETTS Ave Site","2000 MASSACHUSETTS Ave",Large,Inactive
1811,1007,Intersection of MASSACHUSETTS Ave & AMHERST St,MASSACHUSETTS Ave & AMHERST St,Large,Active
1812,1008,"200 Fresh Pond Pky Site","200 Fresh Pond Pky",Medium,Active
1813,1003,Intersection of CENTRE St & DANA St,CENTRE St & DANA St,Small,Active
1814,1022,HEALEY St Site,HEALEY St,Medium,Active
1815,1002,Intersection of FRESH POND LN & LARCHWOOD DR,FRESH POND LN & LARCHWOOD DR,Small,Active
1816,1023,"400 MAIN St Site","400 MAIN St",Medium,Active
1817,1015,Intersection of Prospect St & Bishop Allen Dr,Prospect St & Bishop Allen Dr,Medium,Active
1818,1024,APPLETON St Site,APPLETON St,Large,Inactive
1819,1022,Intersection of SIXTH St & SPRING St,SIXTH St & SPRING St,Medium,Inactive
1820,1022,Intersection of CAMBRIDGE St & SCIARAPPA St,CAMBRIDGE St & SCIARAPPA St,Medium,Active
1821,1005,Church St Site,Church St,Small,Active
1822,1024,Intersection of Massachusetts Ave & TROWBRIDGE St,Massachusetts Ave & TROWBRIDGE St,Large,Inactive
1823,1001,Intersection of GARDEN St & Massachusetts Ave,GARDEN St & Massachusetts Ave,Small,Active
1824,1026,SULLIVAN Rd Site,SULLIVAN Rd,Small,Active
1825,1004,Intersection of MASSACHUSETTS Ave & PEARL St,MASSACHUSETTS Ave & PEARL St,Large,Active
1826,1015,CHARLES St Site,CHARLES St,Large,Active
1827,1020,"300 MASSACHUSETTS Ave Site","300 MASSACHUSETTS Ave",Large,Active
1828,1019,Intersection of PRENTISS St & Massachusetts Ave,PRENTISS St & Massachusetts Ave,Medium,Active
1829,1003,Intersection of BRISTOL St & MARKET St,BRISTOL St & MARKET St,Large,Inactive
1830,1020,Intersection of CAMBRIDGE St & SPRINGFIELD St,CAMBRIDGE St & SPRINGFIELD St,Large,Active
1831,1011,Intersection of HAMPSHIRE St & Union St,HAMPSHIRE St & Union St,Large,Active
1832,1017,Intersection of MALCOLM Rd & Lakeview Ave,MALCOLM Rd & Lakeview Ave,Small,Active
1833,1030,"300 RIVER St Site","300 RIVER St",Small,Active
1834,1027,Intersection of LINSKY WAY & THIRD St,LINSKY WAY & THIRD St,Medium,Active
1835,1013,Intersection of BROADWAY & HIGHLAND Ave,BROADWAY & HIGHLAND Ave,Small,Inactive
1836,1011,Intersection of BISHOP ALLEN DR & DOUGLASS St,BISHOP ALLEN DR & DOUGLASS St,Medium,Active
1837,1002,"100 CALLENDER St Site","100 CALLENDER St",Small,Active
1838,1009,CORNELIUS WAY Site,CORNELIUS WAY,Large,Active
1839,1026,Intersection of Brattle St & Brown St,Brattle St & Brown St,Small,Active
1840,1002,"100 Elm St Site","100 Elm St",Medium,Inactive
1841,1021,Roosevelt Towers Site,Roosevelt Towers,Small,Active
1842,1009,Intersection of Jefferson St & Jefferson Park,Jefferson St & Jefferson Park,Large,Active
1843,1009,Pearl St Site,Pearl St,Medium,Inactive
1844,1008,Intersection of KINNAIRD St & RIVER St,KINNAIRD St & RIVER St,Large,Active
1845,1017,Intersection of Mount Auburn St & DUNSTER St,Mount Auburn St & DUNSTER St,Large,Active
1846,1001,Intersection of MASSACHUSETTS Ave & Central Sq,MASSACHUSETTS Ave & Central Sq,Medium,Active
1847,1025,Intersection of BROOKLINE St & PUTNAM Ave,BROOKLINE St & PUTNAM Ave,Large,Active
1848,1029,Intersection of THIRD St & Hurley St,THIRD St & Hurley St,Large,Active
1849,1011,HOLYOKE Pl Site,HOLYOKE Pl,Small,Active
1850,1008,Intersection of ALEWIFE BROOK Pkwy & Massachusetts Ave,ALEWIFE BROOK Pkwy & Massachusetts Ave,Large,Inactive
1851,1010,Intersection of FRANKLIN St & RIVER St,FRANKLIN St & RIVER St,Large,Active
1852,1025,Intersection of Massachusetts Ave & Central Sq,Massachusetts Ave & Central Sq,Large,Inactive
1853,1007,Intersection of COLUMBUS Ave & HARRISON Ave,COLUMBUS Ave & HARRISON Ave,Large,Inactive
1854,1003,Intersection of PALERMO St & WINDSOR St,PALERMO St & WINDSOR St,Medium,Active
1855,1003,Intersection of MASSACHUSETTS Ave & JFK St,MASSACHUSETTS Ave & JFK St,Small,Inactive
1856,1018,Intersection of Bishop Allen Dr & COLUMBIA St,Bishop Allen Dr & COLUMBIA St,Large,Inactive
1857,1005,HAMMOND St Site,HAMMOND St,Large,Active
1858,1012,Intersection of CAMBRIDGE St & MARION St,CAMBRIDGE St & MARION St,Medium,Inactive
1859,1012,"1500 Cambridge St Site","1500 Cambridge St",Large,Active
1860,1019,Intersection of CAMBRIDGE St & EVERETEZE WAY,CAMBRIDGE St & EVERETEZE WAY,Medium,Active
1861,1030,Intersection of ERIE St & WAVERLY St,ERIE St & WAVERLY St,Small,Active
1862,1006,Intersection of HANCOCK St & CHATHAM St,HANCOCK St & CHATHAM St,Small,Active
1863,1002,Intersection of HAMLIN St & YORK St,HAMLIN St & YORK St,Large,Active
1864,1012,"2600 MASSACHUSETTS Ave Site","2600 MASSACHUSETTS Ave",Large,Active
1865,1019,Houston Park Site,Houston Park,Large,Active
1866,1005,Intersection of HAMPSHIRE St & WEBSTER Ave,HAMPSHIRE St & WEBSTER Ave,Medium,Active
1867,1012,Verdun St Site,Verdun St,Large,Active
1868,1027,UNION Pl Site,UNION Pl,Large,Active
1869,1027,Kendall Sq Site,Kendall Sq,Small,Active
1870,1017,Intersection of PEARL St & VALENTINE St,PEARL St & VALENTINE St,Large,Active
1871,1029,Intersection of FLORENCE St & MAGAZINE St,FLORENCE St & MAGAZINE St,Small,Active
1872,1017,BANKS St Site,BANKS St,Large,Active
1873,1010,Intersection of ARROW St & Massachusetts Ave,ARROW St & Massachusetts Ave,Small,Active
1874,1025,Intersection of WINDSOR St & State St,WINDSOR St & State St,Large,Active
1875,1023,"100 Mount Vernon St Site","100 Mount Vernon St",Small,Active
1876,1017,RINDGE Ave Site,RINDGE Ave,Medium,Active
1877,1015,Intersection of ALBANY St & MASSACHUSETTS Ave,ALBANY St & MASSACHUSETTS Ave,Small,Active
1878,1012,Intersection of AMHERST St & MASSACHUSETTS Ave,AMHERST St & MASSACHUSETTS Ave,Small,Active
1879,1030,Intersection of CAMBRIDGE St & MAPLE Ave,CAMBRIDGE St & MAPLE Ave,Small,Active
1880,1016,Intersection of Broadway & Antrim St,Broadway & Antrim St,Large,Active
1881,1024,"1100 MASSACHUSETTS Ave Site","1100 MASSACHUSETTS Ave",Large,Active
1882,1019,"600 MASSACHUSETTS Ave Site","600 MASSACHUSETTS Ave",Large,Active
1883,1008,CORCORAN LN Site,CORCORAN LN,Medium,Active
1884,1021,"1200 MASSACHUSETTS Ave Site","1200 MASSACHUSETTS Ave",Medium,Active
1885,1017,KELLEY St Site,KELLEY St,Small,Active
1886,1023,Intersection of MASSACHUSETTS Ave & SIDNEY St,MASSACHUSETTS Ave & SIDNEY St,Medium,Active
1887,1005,Clay St Site,Clay St,Small,Active
1888,1022,"400 MASSACHUSETTS Ave Site","400 MASSACHUSETTS Ave",Small,Active
1889,1016,"100 ROYAL Ave Site","100 ROYAL Ave",Small,Active
1890,1006,Intersection of RINDGE Ave & Alewife Brook Pky,RINDGE Ave & Alewife Brook Pky,Medium,Active
1891,1008,"900 MASSACHUSETTS Ave Site","900 MASSACHUSETTS Ave",Large,Active
1892,1025,LARCHWOOD DR Site,LARCHWOOD DR,Medium,Active
1893,1018,Intersection of KIRKLAND St & QUINCY St,KIRKLAND St & QUINCY St,Small,Active
1894,1025,Intersection of BRATTLE St & MASSACHUSETTS Ave,BRATTLE St & MASSACHUSETTS Ave,Small,Active
1895,1012,Intersection of Irving St & Kirkland St,Irving St & Kirkland St,Medium,Inactive
1896,1015,Intersection of NORFOLK St & Washington St,NORFOLK St & Washington St,Small,Inactive
1897,1027,CLARENDON Ave Site,CLARENDON Ave,Small,Inactive
1898,1026,"2500 MASSACHUSETTS Ave Site","2500 MASSACHUSETTS Ave",Medium,Inactive
1899,1009,Mount Auburn St Site,Mount Auburn St,Medium,Active
1900,1013,Intersection of PEARL St & WATSON St,PEARL St & WATSON St,Medium,Active
1901,1026,"800 MASSACHUSETTS Ave Site","800 MASSACHUSETTS Ave",Small,Active
1902,1015,Intersection of DANA St & BROADWAY,DANA St & BROADWAY,Small,Active
1903,1010,"1300 MASSACHUSETTS Ave Site","1300 MASSACHUSETTS Ave",Large,Active
1904,1016,Intersection of SCIARAPPA St & SPRING St,SCIARAPPA St & SPRING St,Large,Active
1905,1007,"1200 MASSACHUSETTS Ave Site","1200 MASSACHUSETTS Ave",Medium,Active
1906,1017,Intersection of FRONT St & Massachusetts Ave,FRONT St & Massachusetts Ave,Large,Inactive
1907,1023,POPLAR Rd Site,POPLAR Rd,Small,Active
1908,1026,Science Park Site,Science Park,Large,Active
1909,1021,Porter Park Site,Porter Park,Small,Active
1910,1022,Intersection of Oxford St & Frost St,Oxford St & Frost St,Medium,Active
1911,1026,Intersection of BROOKLINE St & MASSACHUSETTS Ave,BROOKLINE St & MASSACHUSETTS Ave,Medium,Active
1912,1007,"800 MAIN St Site","800 MAIN St",Small,Active
1913,1014,NORMANDY Ter Site,NORMANDY Ter,Large,Inactive
1914,1015,Intersection of Cambridge St & Fulkerson St,Cambridge St & Fulkerson St,Medium,Active
1915,1021,"300 Green St Site","300 Green St",Medium,Active
1916,1007,Intersection of Harvard St & Trowbridge St,Harvard St & Trowbridge St,Large,Active
1917,1009,Intersection of Massachusetts Ave & Brookline St,Massachusetts Ave & Brookline St,Large,Active
1918,1019,Intersection of MASSACHUSETTS Ave & PROSPECT St,MASSACHUSETTS Ave & PROSPECT St,Small,Active
1919,1016,Pleasant Pl Site,Pleasant Pl,Large,Active
1920,1008,PERCY Pl Site,PERCY Pl,Large,Active
1921,1018,CLAY St Site,CLAY St,Large,Inactive
1922,1027,Intersection of FOSTER St & SPARKS St,FOSTER St & SPARKS St,Small,Active
1923,1023,Intersection of MASSACHUSETTS Ave & Western Ave,MASSACHUSETTS Ave & Western Ave,Small,Inactive
1924,1029,Intersection of Jefferson Park & Jefferson Park,Jefferson Park & Jefferson Park,Medium,Active
1925,1018,"600 Technology Sq Site","600 Technology Sq",Small,Active
1926,1030,Intersection of ROGERS St & Rogers St,ROGERS St & Rogers St,Medium,Active
1927,1020,Intersection of CORCORAN LN & THINGVALLA Ave,CORCORAN LN & THINGVALLA Ave,Large,Inactive
1928,1007,Sixth St Site,Sixth St,Medium,Active
1929,1003,Intersection of CAMBRIDGE St & SEVENTH St,CAMBRIDGE St & SEVENTH St,Medium,Active
1930,1018,Intersection of Boardman Pl & Broadway,Boardman Pl & Broadway,Large,Active
1931,1027,Intersection of JEFFERSON St & Jefferson St,JEFFERSON St & Jefferson St,Medium,Active
1932,1010,"100 HENRY St Site","100 HENRY St",Small,Active
1933,1007,RIVERSIDE Pl Site,RIVERSIDE Pl,Small,Active
1934,1017,BLAKE St Site,BLAKE St,Small,Active
1935,1014,DODGE St Site,DODGE St,Small,Active
1936,1024,Intersection of PLEASANT St & RIVER St,PLEASANT St & RIVER St,Medium,Inactive
1937,1003,Intersection of DAVENPORT St & ORCHARD St,DAVENPORT St & ORCHARD St,Medium,Active
1938,1012,Intersection of HAMPSHIRE St & NORFOLK St,HAMPSHIRE St & NORFOLK St,Large,Active
1939,1028,Intersection of Third St & Main St,Third St & Main St,Medium,Inactive
1940,1013,HAMPSHIRE St Site,HAMPSHIRE St,Medium,Inactive
1941,1002,"1800 MASSACHUSETTS Ave Site","1800 MASSACHUSETTS Ave",Medium,Inactive
1942,1003,"200 MASSACHUSETTS Ave Site","200 MASSACHUSETTS Ave",Large,Inactive
1943,1005,"1000 MASSACHUSETTS Ave Site","1000 MASSACHUSETTS Ave",Small,Active
1944,1011,Montague St Site,Montague St,Medium,Active
1945,1008,"600 Mason St Site","600 Mason St",Large,Inactive
1946,1026,Intersection of NORFOLK St & BISHOP ALLEN DR,NORFOLK St & BISHOP ALLEN DR,Large,Active
1947,1023,JFK St Site,JFK St,Large,Active
1948,1023,Intersection of Massachusetts Ave & Harvard Sq,Massachusetts Ave & Harvard Sq,Small,Active
1949,1012,Intersection of CLIFTON St & DUDLEY St,CLIFTON St & DUDLEY St,Medium,Active
1950,1007,Intersection of MASSACHUSETTS Ave & NORFOLK St,MASSACHUSETTS Ave & NORFOLK St,Large,Active
1951,1015,Intersection of GRANITE St & ROCKINGHAM St,GRANITE St & ROCKINGHAM St,Small,Inactive
1952,1024,Intersection of Massachusetts Ave & SELLERS St,Massachusetts Ave & SELLERS St,Large,Active
1953,1017,ROLLINS CT Site,ROLLINS CT,Large,Active
1954,1004,Intersection of MAGAZINE St & TUFTS St,MAGAZINE St & TUFTS St,Large,Inactive
1955,1029,"700 MASSACHUSETTS Ave Site","700 MASSACHUSETTS Ave",Large,Active
1956,1022,Intersection of Acorn Park & Acorn Park,Acorn Park & Acorn Park,Large,Inactive
1957,1025,"700 Mount Auburn Pl Site","700 Mount Auburn Pl",Small,Active
1958,1013,LAMSON Pl Site,LAMSON Pl,Medium,Inactive
1959,1018,WHEELER St Site,WHEELER St,Medium,Active
1960,1001,MASON St Site,MASON St,Medium,Inactive
1961,1016,Intersection of Mount Auburn St & PUTNAM Ave,Mount Auburn St & PUTNAM Ave,Medium,Active
1962,1013,Intersection of FIRST St & THORNDIKE St,FIRST St & THORNDIKE St,Small,Active
1963,1010,"400 MASSACHUSETTS Ave Site","400 MASSACHUSETTS Ave",Small,Active
1964,1012,"1600 MASSACHUSETTS Ave Site","1600 MASSACHUSETTS Ave",Small,Active
1965,1030,Intersection of HOLYOKE St & WINTHROP St,HOLYOKE St & WINTHROP St,Large,Active
1966,1002,Intersection of JFK St & Mount Auburn St,JFK St & Mount Auburn St,Large,Inactive
1967,1023,ROCKINGHAM St Site,ROCKINGHAM St,Large,Active
1968,1003,"2200 MASSACHUSETTS Ave Site","2200 MASSACHUSETTS Ave",Medium,Active
1969,1010,"600 Mount Auburn St Site","600 Mount Auburn St",Large,Active
1970,1002,Intersection of SENNOTT PARK & Broadway,SENNOTT PARK & Broadway,Medium,Active
1971,1030,Intersection of COLUMBIA St & WORCESTER St,COLUMBIA St & WORCESTER St,Large,Active
1972,1027,"1500 MASSACHUSETTS Ave Site","1500 MASSACHUSETTS Ave",Medium,Inactive
1973,1023,Intersection of CHURCH St & MASSACHUSETTS Ave,CHURCH St & MASSACHUSETTS Ave,Large,Inactive
1974,1013,"100 HIGHLAND St Site","100 HIGHLAND St",Large,Active
1975,1013,Intersection of KELLY Rd & Kelly Rd,KELLY Rd & Kelly Rd,Small,Active
1976,1018,Temple St Site,Temple St,Large,Active
1977,1003,Intersection of BLAKE St & Massachusetts Ave,BLAKE St & Massachusetts Ave,Large,Inactive
1978,1027,Intersection of LANDSDOWNE St & Massachusetts Ave,LANDSDOWNE St & Massachusetts Ave,Small,Active
1979,1007,Intersection of QUINCY St & Harvard Yard,QUINCY St & Harvard Yard,Medium,Active
1980,1014,WESTERN Ave Site,WESTERN Ave,Small,Active
1981,1020,"400 WESTERN Ave Site","400 WESTERN Ave",Small,Active
1982,1029,Intersection of Martin St & Avon St,Martin St & Avon St,Medium,Inactive
1983,1030,Intersection of HARVARD St & PINE St,HARVARD St & PINE St,Large,Active
1984,1017,Intersection of BLANCHE St & Massachusetts Ave,BLANCHE St & Massachusetts Ave,Medium,Active
1985,1029,CONCORD LN Site,CONCORD LN,Large,Inactive
1986,1030,Intersection of WARREN St & Warren St,WARREN St & Warren St,Large,Active
1987,1021,NORFOLK St Site,NORFOLK St,Medium,Active
1988,1012,Intersection of HUDSON St & WRIGHT St,HUDSON St & WRIGHT St,Small,Active
1989,1025,Intersection of Massachusetts Ave & Russell St,Massachusetts Ave & Russell St,Medium,Inactive
1990,1016,Columbia Ter Site,Columbia Ter,Large,Inactive
1991,1024,"700 MASSACHUSETTS Ave Site","700 MASSACHUSETTS Ave",Medium,Active
1992,1012,"2300 MASSACHUSETTS Ave Site","2300 MASSACHUSETTS Ave",Medium,Active
1993,1015,Intersection of ROSELAND St & Massachusetts Ave,ROSELAND St & Massachusetts Ave,Large,Active
1994,1025,Intersection of MASSACHUSETTS Ave & PORTER Rd,MASSACHUSETTS Ave & PORTER Rd,Small,Active
1995,1010,Gray Gardens East Site,Gray Gardens East,Medium,Active
1996,1030,"300 ELM St Site","300 ELM St",Large,Active
1997,1025,WHITE St Site,WHITE St,Large,Active
1998,1007,Intersection of LINNAEAN St & MASSACHUSETTS Ave,LINNAEAN St & MASSACHUSETTS Ave,Medium,Active
1999,1020,Intersection of CAMBRIDGE St & ELM St,CAMBRIDGE St & ELM St,Small,Active
2000,1005,LINSKY WAY Site,LINSKY WAY,Medium,Active
2001,1001,Intersection of Bishop Allen Dr & Third St,Bishop Allen Dr & Third St,Small,Active
2002,1030,Intersection of First St & Thorndike St,First St & Thorndike St,Small,Inactive
2003,1017,Intersection of MASSACHUSETTS Ave & WALDEN St,MASSACHUSETTS Ave & WALDEN St,Small,Active
2004,1003,"1600 MASSACHUSETTS Ave Site","1600 MASSACHUSETTS Ave",Small,Active
2005,1013,"100 Pearl St Site","100 Pearl St",Medium,Active
2006,1014,"1800 Massachusetts Ave Site","1800 Massachusetts Ave",Large,Active
2007,1024,"200 CONCORD TPKE Site","200 CONCORD TPKE",Large,Inactive
2008,1030,FULLER Pl Site,FULLER Pl,Large,Active
2009,1018,Intersection of Magazine St & Lawrence St,Magazine St & Lawrence St,Large,Active
2010,1004,Intersection of THORNDIKE St & THIRD St,THORNDIKE St & THIRD St,Large,Active
2011,1018,Intersection of HAMILTON St & MAGAZINE St,HAMILTON St & MAGAZINE St,Large,Inactive
2012,1030,Intersection of SPRING St & THIRD St,SPRING St & THIRD St,Medium,Active
2013,1005,Intersection of BOW St & Mount Auburn St,BOW St & Mount Auburn St,Small,Active
2014,1025,Intersection of AMORY St & Broadway,AMORY St & Broadway,Large,Active
2015,1016,SHADY HILL Sq Site,SHADY HILL Sq,Medium,Active
2016,1001,Intersection of Shepard St & Rutland St,Shepard St & Rutland St,Large,Active
2017,1021,Intersection of OSBORN St & Albany St,OSBORN St & Albany St,Large,Inactive
2018,1014,"100 Jackson Pl Site","100 Jackson Pl",Small,Active
2019,1015,Intersection of BELMONT St & CUSHING St,BELMONT St & CUSHING St,Small,Active
2020,1009,Intersection of Cambridge St & Lambert St,Cambridge St & Lambert St,Small,Active
2021,1015,Intersection of First St & Cambridge St,First St & Cambridge St,Large,Active
2022,1017,Intersection of EMILY St & BROOKLINE St,EMILY St & BROOKLINE St,Large,Active
2023,1025,Intersection of HOWARD St & KINNAIRD St,HOWARD St & KINNAIRD St,Large,Active
2024,1024,"100 MASSACHUSETTS Ave Site","100 MASSACHUSETTS Ave",Small,Active
2025,1004,Intersection of COLUMBIA St & Harrington Ter,COLUMBIA St & Harrington Ter,Medium,Inactive
2026,1012,Intersection of TREMONT St & CAMBRIDGE St,TREMONT St & CAMBRIDGE St,Large,Inactive
2027,1027,Intersection of HIGHLAND Ave & BROADWAY,HIGHLAND Ave & BROADWAY,Large,Active
2028,1026,Intersection of BRATTLE St & MOUNT AUBURN St,BRATTLE St & MOUNT AUBURN St,Large,Active
2029,1005,Intersection of Rufo Rd & Monsignor OBrien Hwy,Rufo Rd & Monsignor OBrien Hwy,Medium,Active
2030,1029,Intersection of MONSIGNOR OBRIEN HWY & SCIARAPPA St,MONSIGNOR OBRIEN HWY & SCIARAPPA St,Large,Active
2031,1005,Ames St Site,Ames St,Medium,Active
2032,1011,Intersection of RIVER St & FAIRMONT St,RIVER St & FAIRMONT St,Large,Active
2033,1028,Intersection of DUNSTER St & Dunster St,DUNSTER St & Dunster St,Medium,Inactive
2034,1006,"100 Third St Site","100 Third St",Large,Active
2035,1007,Intersection of MAGAZINE St & PERRY St,MAGAZINE St & PERRY St,Small,Inactive
2036,1024,Intersection of MAPLE Ave & MARIE Ave,MAPLE Ave & MARIE Ave,Small,Active
2037,1014,Intersection of ELLSWORTH Ave & CAMBRIDGE St,ELLSWORTH Ave & CAMBRIDGE St,Small,Active
2038,1024,Intersection of OXFORD St & EVERETT St,OXFORD St & EVERETT St,Small,Inactive
2039,1011,Intersection of MAGEE St & PUTNAM Ave,MAGEE St & PUTNAM Ave,Large,Active
2040,1030,Intersection of GERRY St & ROSS St,GERRY St & ROSS St,Small,Active
2041,1013,Intersection of PUTNAM Ave & MAGEE St,PUTNAM Ave & MAGEE St,Medium,Active
2042,1002,MILDRED HAMILTON Pl Site,MILDRED HAMILTON Pl,Small,Inactive
2043,1025,GRAY St Site,GRAY St,Small,Inactive
2044,1007,FLAGG St Site,FLAGG St,Small,Active
2045,1020,Intersection of ESSEX St & MASSACHUSETTS Ave,ESSEX St & MASSACHUSETTS Ave,Large,Active
2046,1004,HARVARD YARD Site,HARVARD YARD,Small,Active
2047,1027,Intersection of MASSACHUSETTS Ave & LANDSDOWNE St,MASSACHUSETTS Ave & LANDSDOWNE St,Medium,Inactive
2048,1008,Intersection of MANASSAS Ave & Manassas Ave,MANASSAS Ave & Manassas Ave,Small,Active
2049,1020,Intersection of FOREST St & OXFORD St,FOREST St & OXFORD St,Small,Active
2050,1029,Intersection of HURON Ave & LEXINGTON Ave,HURON Ave & LEXINGTON Ave,Small,Inactive
2051,1022,DUDLEY St Site,DUDLEY St,Medium,Inactive
2052,1021,"2400 MASSACHUSETTS Ave Site","2400 MASSACHUSETTS Ave",Small,Inactive
2053,1019,LARCH Rd Site,LARCH Rd,Medium,Active
2054,1013,Intersection of MASSACHUSETTS Ave & TEMPLE St,MASSACHUSETTS Ave & TEMPLE St,Medium,Active
2055,1014,Intersection of SECOND St & BENT St,SECOND St & BENT St,Small,Active
2056,1010,Central Sq Site,Central Sq,Medium,Active
2057,1011,Jefferson Park Site,Jefferson Park,Large,Active
2058,1002,"100 TECHNOLOGY Sq Site","100 TECHNOLOGY Sq",Small,Inactive
2059,1025,Intersection of KIRKLAND Pl & KIRKLAND St,KIRKLAND Pl & KIRKLAND St,Small,Active
2060,1026,"1800 MASSACHUSETTS Ave Site","1800 MASSACHUSETTS Ave",Medium,Active
2061,1009,Intersection of MASSACHUSETTS Ave & PlYMPTON St,MASSACHUSETTS Ave & PlYMPTON St,Medium,Active
2062,1017,"100 SHEPARD St Site","100 SHEPARD St",Small,Active
2063,1026,Intersection of Garfield St & Massachusetts Ave,Garfield St & Massachusetts Ave,Large,Active
2064,1003,"100 WINDSOR St Site","100 WINDSOR St",Medium,Inactive
2065,1024,Intersection of CARLISLE St & TREMONT St,CARLISLE St & TREMONT St,Medium,Active
2066,1006,Intersection of ALBANY St & PACIFIC St,ALBANY St & PACIFIC St,Large,Inactive
2067,1005,"1700 MASSACHUSETTS Ave Site","1700 MASSACHUSETTS Ave",Large,Active
2068,1005,MEADOW WAY Site,MEADOW WAY,Small,Active
2069,1022,Intersection of HARVARD St & BIGELOW St,HARVARD St & BIGELOW St,Large,Active
2070,1015,"1000 MASSACHUSETTS Ave Site","1000 MASSACHUSETTS Ave",Small,Active
2071,1023,Intersection of ASHTON Pl & Ashton Pl,ASHTON Pl & Ashton Pl,Large,Active
2072,1017,"100 GOLD StAR Rd Site","100 GOLD StAR Rd",Medium,Active
2073,1009,CAMP St Site,CAMP St,Small,Active
2074,1003,Intersection of ELIOT St & Mount Auburn St,ELIOT St & Mount Auburn St,Small,Active
2075,1020,"100 JFK St Site","100 JFK St",Small,Active
2076,1026,Intersection of DEWOLFE St & Mount Auburn St,DEWOLFE St & Mount Auburn St,Large,Active
2077,1017,Intersection of Dewolfe St & Bow St,Dewolfe St & Bow St,Medium,Active
2078,1029,Intersection of QUINCY St & OXFORD St,QUINCY St & OXFORD St,Small,Active
2079,1027,Intersection of HANCOCK St & MASSACHUSETTS Ave,HANCOCK St & MASSACHUSETTS Ave,Small,Active
2080,1010,ROYAL Ave Site,ROYAL Ave,Small,Active
2081,1003,Intersection of MASSACHUSETTS Ave & VASSAR St,MASSACHUSETTS Ave & VASSAR St,Small,Active
2082,1018,Intersection of MANASSAS Ave & HURON Ave,MANASSAS Ave & HURON Ave,Medium,Inactive
2083,1018,"100 Inman St Site","100 Inman St",Large,Active
2084,1030,Intersection of Main St & Kendall Sq MBTA Stat,Main St & Kendall Sq MBTA Stat,Medium,Active
2085,1017,BRATTLE CIR Site,BRATTLE CIR,Small,Active
2086,1024,"300 Fresh Pond Pky Site","300 Fresh Pond Pky",Medium,Active
2087,1003,Intersection of PLYMOUTH St & WEBSTER Ave,PLYMOUTH St & WEBSTER Ave,Small,Active
2088,1003,Intersection of GARFIELD St & MASSACHUSETTS Ave,GARFIELD St & MASSACHUSETTS Ave,Large,Active
2089,1006,Intersection of WEBSTER Ave & LINCOLN St,WEBSTER Ave & LINCOLN St,Large,Active
2090,1013,PEMBERTON Ter Site,PEMBERTON Ter,Large,Active
2091,1024,Intersection of MUSEUM WAY & NORTH POINT BLVD,MUSEUM WAY & NORTH POINT BLVD,Small,Active
2092,1029,Intersection of CROSS St & LANDSDOWNE St,CROSS St & LANDSDOWNE St,Medium,Inactive
2093,1015,Intersection of WESTERN Ave & HEWS St,WESTERN Ave & HEWS St,Large,Active
2094,1025,GREEN St Site,GREEN St,Small,Active
2095,1009,Intersection of MELLEN St & OXFORD St,MELLEN St & OXFORD St,Small,Inactive
2096,1004,York St Site,York St,Medium,Active
2097,1014,Intersection of MERCER CIR & Brattle St,MERCER CIR & Brattle St,Large,Inactive
2098,1005,Intersection of BROADWAY & Highland Ave,BROADWAY & Highland Ave,Small,Inactive
2099,1002,Intersection of Centre St & Dana St,Centre St & Dana St,Medium,Inactive
2100,1011,ALBERTA Ter Site,ALBERTA Ter,Large,Active
2101,1009,"200 CONCORD Ave Site","200 CONCORD Ave",Medium,Active
2102,1024,"100 SPARKS St Site","100 SPARKS St",Medium,Active
2103,1003,Intersection of Ware St & BROADWAY,Ware St & BROADWAY,Small,Active
2104,1027,MULLINS CT Site,MULLINS CT,Small,Active
2105,1028,Intersection of ALLSTON St & PUTNAM Ave,ALLSTON St & PUTNAM Ave,Small,Active
2106,1029,Intersection of CALLENDER St & MAGEE St,CALLENDER St & MAGEE St,Medium,Inactive
2107,1009,PORTER St Site,PORTER St,Small,Inactive
2108,1003,"100 Windsor St Site","100 Windsor St",Medium,Active
2109,1025,MILLER Ave Site,MILLER Ave,Medium,Active
2110,1002,"300 Putnam Ave Site","300 Putnam Ave",Small,Active
2111,1012,Intersection of GARDEN St & Garden St,GARDEN St & Garden St,Large,Inactive
2112,1010,Intersection of BOW St & MASSACHUSETTS Ave,BOW St & MASSACHUSETTS Ave,Large,Inactive
2113,1009,"200 MASSACHUSETTS Ave Site","200 MASSACHUSETTS Ave",Large,Active
2114,1015,Intersection of MAIN St & Windsor St,MAIN St & Windsor St,Medium,Active
2115,1008,Intersection of Broadway & Prospect St,Broadway & Prospect St,Medium,Active
2116,1025,PROSPECT St Site,PROSPECT St,Medium,Active
2117,1005,Intersection of SOMERVILLE Ave & WHITE St,SOMERVILLE Ave & WHITE St,Small,Active
2118,1011,KASSUL PARK Site,KASSUL PARK,Medium,Inactive
2119,1027,"1100 MASSACHUSETTS Ave Site","1100 MASSACHUSETTS Ave",Small,Active
2120,1002,MULLER Ave Site,MULLER Ave,Small,Active
2121,1024,Intersection of Portland St & Hampshire St,Portland St & Hampshire St,Large,Inactive
2122,1028,Intersection of BRATTLE St & Mount Auburn St,BRATTLE St & Mount Auburn St,Large,Active
2123,1015,Centre St Site,Centre St,Large,Active
2124,1006,"200 Pleasant St Site","200 Pleasant St",Small,Inactive
2125,1008,KIRKLAND St Site,KIRKLAND St,Small,Active
2126,1027,Intersection of BRATTLE St & LEXINGTON Ave,BRATTLE St & LEXINGTON Ave,Small,Active
2127,1005,Intersection of Shea Rd & Massachusetts Ave,Shea Rd & Massachusetts Ave,Medium,Active
2128,1016,Brattle Cir Site,Brattle Cir,Small,Inactive
2129,1026,"100 Acorn Park Site","100 Acorn Park",Large,Active
2130,1018,Intersection of LINNAEAN St & AGASSIZ St,LINNAEAN St & AGASSIZ St,Large,Active
2131,1006,TREMONT St Site,TREMONT St,Small,Active
2132,1005,Intersection of Massachusetts Ave & Regent St,Massachusetts Ave & Regent St,Small,Inactive
2133,1028,Intersection of CAMBRIDGE St & Elm St,CAMBRIDGE St & Elm St,Large,Active
2134,1016,MONSIGNOR OBRIEN HWY Site,MONSIGNOR OBRIEN HWY,Small,Active
2135,1013,Intersection of Walden St & Sherman St,Walden St & Sherman St,Large,Inactive
2136,1028,Intersection of Massachusetts Ave & Newman St,Massachusetts Ave & Newman St,Medium,Active
2137,1005,Intersection of Massachusetts Ave & FOREST St,Massachusetts Ave & FOREST St,Large,Inactive
2138,1013,Intersection of PALERMO St & WILLOW St,PALERMO St & WILLOW St,Medium,Inactive
2139,1017,Intersection of CALLENDER St & PUTNAM Ave,CALLENDER St & PUTNAM Ave,Small,Active
2140,1018,Intersection of REARDON St & WAVERLY St,REARDON St & WAVERLY St,Small,Active
2141,1008,Intersection of Galileo Galilei Way & BROADWAY,Galileo Galilei Way & BROADWAY,Medium,Active
2142,1013,Intersection of FAYETTE St & Cambridge St,FAYETTE St & Cambridge St,Small,Active
2143,1030,"1800 MASSACHUSETTS Ave Site","1800 MASSACHUSETTS Ave",Medium,Active
2144,1029,Intersection of Exeter Park & MASSACHUSETTS Ave,Exeter Park & MASSACHUSETTS Ave,Small,Inactive
2145,1019,Intersection of MASSACHUSETTS Ave & WINDSOR St,MASSACHUSETTS Ave & WINDSOR St,Large,Active
2146,1026,FOCH St Site,FOCH St,Small,Active
2147,1003,BELLEVUE Ave Site,BELLEVUE Ave,Large,Active
2148,1024,"400 Mount Auburn St Site","400 Mount Auburn St",Large,Active
2149,1008,THERIAULT CT Site,THERIAULT CT,Medium,Active
2150,1002,Intersection of HILLSIDE Ave & WASHINGTON Ave,HILLSIDE Ave & WASHINGTON Ave,Small,Active
2151,1008,"600 Massachusetts Ave Site","600 Massachusetts Ave",Medium,Inactive
2152,1027,Intersection of MASSACHUSETTS Ave & PEABODY St,MASSACHUSETTS Ave & PEABODY St,Small,Active
2153,1013,BALLORD Pl Site,BALLORD Pl,Large,Active
2154,1013,HAMLIN St Site,HAMLIN St,Large,Active
2155,1001,Intersection of HARVARD St & QUINCY St,HARVARD St & QUINCY St,Small,Active
2156,1006,BROADWAY Ter Site,BROADWAY Ter,Small,Active
2157,1024,Intersection of WASHINGTON St & NORFOLK St,WASHINGTON St & NORFOLK St,Medium,Active
2158,1019,"200 Norfolk St Site","200 Norfolk St",Small,Inactive
2159,1016,Intersection of FRANKLIN St & Pearl St,FRANKLIN St & Pearl St,Small,Active
2160,1008,"700 MAIN St Site","700 MAIN St",Small,Active
2161,1028,"100 AUBURN St Site","100 AUBURN St",Medium,Active
2162,1001,Intersection of BOW St & Massachusetts Ave,BOW St & Massachusetts Ave,Small,Active
2163,1027,Intersection of STATE St & Windsor St,STATE St & Windsor St,Large,Inactive
2164,1027,Hawthorne Park Site,Hawthorne Park,Medium,Active
2165,1016,"500 Green St Site","500 Green St",Medium,Inactive
2166,1009,Intersection of Western Ave & Jay St,Western Ave & Jay St,Large,Active
2167,1013,Intersection of KINNAIRD St & WESTERN Ave,KINNAIRD St & WESTERN Ave,Large,Active
2168,1011,Intersection of CAMBRIDGESIDE Pl & FIRST St,CAMBRIDGESIDE Pl & FIRST St,Large,Inactive
2169,1013,Intersection of ESSEX St & Mason St,ESSEX St & Mason St,Small,Active
2170,1025,"100 MAGEE St Site","100 MAGEE St",Large,Active
2171,1021,"1700 MASSACHUSETTS Ave Site","1700 MASSACHUSETTS Ave",Small,Active
2172,1010,WEST Pl Site,WEST Pl,Medium,Active
2173,1004,Intersection of Putnam Ave & Peabody Ter,Putnam Ave & Peabody Ter,Medium,Active
2174,1027,EATON St Site,EATON St,Large,Active
2175,1006,FOURTH StREET Pl Site,FOURTH StREET Pl,Small,Active
2176,1028,Prescott St Site,Prescott St,Large,Inactive
2177,1007,Intersection of MASSACHUSETTS Ave & Magazine St,MASSACHUSETTS Ave & Magazine St,Large,Active
2178,1005,Intersection of BROADWAY & TROWBRIDGE St,BROADWAY & TROWBRIDGE St,Small,Active
2179,1011,Intersection of MAY St & Vineyard St,MAY St & Vineyard St,Large,Inactive
2180,1013,"300 BENT St Site","300 BENT St",Medium,Active
2181,1026,Intersection of MASSACHUSETTS Ave & NORFOLK St,MASSACHUSETTS Ave & NORFOLK St,Large,Active
2182,1025,Intersection of WILLOW St & Roosevelt Towers,WILLOW St & Roosevelt Towers,Small,Active
2183,1019,Intersection of DOUGLASS St & MASSACHUSETTS Ave,DOUGLASS St & MASSACHUSETTS Ave,Small,Active
2184,1023,Intersection of AVON St & MARTIN St,AVON St & MARTIN St,Medium,Active
2185,1010,"600 Mount Auburn St Site","600 Mount Auburn St",Small,Active
2186,1010,Intersection of WESTERN Ave & Kinnaird St,WESTERN Ave & Kinnaird St,Small,Inactive
2187,1011,KENDALL Sq Site,KENDALL Sq,Medium,Active
2188,1021,"100 ROSELAND St Site","100 ROSELAND St",Large,Active
2189,1030,Intersection of HARVARD St & DAVIS St,HARVARD St & DAVIS St,Medium,Active
2190,1007,Intersection of CLIFTON St & RINDGE Ave,CLIFTON St & RINDGE Ave,Large,Inactive
2191,1018,"100 FAIRMONT St Site","100 FAIRMONT St",Medium,Active
2192,1004,Intersection of MONSIGNOR OBRIEN HWY & THIRD St,MONSIGNOR OBRIEN HWY & THIRD St,Large,Active
2193,1002,"500 COLUMBIA St Site","500 COLUMBIA St",Medium,Active
2194,1014,"100 Rindge Ave Site","100 Rindge Ave",Large,Active
2195,1013,Intersection of PEMBERTON St & YERXA Rd,PEMBERTON St & YERXA Rd,Medium,Active
2196,1029,Intersection of Bolton St & SHERMAN St,Bolton St & SHERMAN St,Large,Inactive
2197,1012,Intersection of FARRAR St & HOLDEN St,FARRAR St & HOLDEN St,Medium,Inactive
2198,1007,Intersection of HAMILTON St & Hamilton St,HAMILTON St & Hamilton St,Small,Active
2199,1002,"100 BENNETT St Site","100 BENNETT St",Large,Active
2200,1013,Intersection of PORTER Sq & Massachusetts Ave,PORTER Sq & Massachusetts Ave,Medium,Active
2201,1014,Intersection of BRATTLE St & Eliot St,BRATTLE St & Eliot St,Large,Inactive
2202,1027,Intersection of Mount Auburn St & UNIVERSITY Rd,Mount Auburn St & UNIVERSITY Rd,Large,Active
2203,1017,Brattle Sq Site,Brattle Sq,Medium,Active
2204,1009,RESERVOIR St Site,RESERVOIR St,Large,Active
2205,1017,Intersection of Austin Park & BISHOP ALLEN DR,Austin Park & BISHOP ALLEN DR,Medium,Active
2206,1008,Intersection of Alewife Brook Pky & Massachusetts Ave,Alewife Brook Pky & Massachusetts Ave,Small,Active
2207,1002,NORFOLK Ter Site,NORFOLK Ter,Large,Active
2208,1028,Intersection of Massachusetts Ave & QUINCY St,Massachusetts Ave & QUINCY St,Small,Inactive
2209,1024,Inman St Site,Inman St,Large,Active
2210,1013,Intersection of HENRY St & SIDNEY St,HENRY St & SIDNEY St,Large,Active
2211,1003,GILMORE St Site,GILMORE St,Large,Active
2212,1016,Intersection of BRATTLE St & ASH St,BRATTLE St & ASH St,Medium,Active
2213,1006,Intersection of Roosevelt Towers & Roosevelt Towers,Roosevelt Towers & Roosevelt Towers,Small,Active
2214,1019,Intersection of ROOSEVELT TOWERS & Roosevelt Towers,ROOSEVELT TOWERS & Roosevelt Towers,Large,Active
2215,1030,"700 Memorial Dr Site","700 Memorial Dr",Medium,Active
2216,1007,Intersection of LONGFELLOW PARK & Longfellow Park,LONGFELLOW PARK & Longfellow Park,Large,Active
2217,1010,Intersection of MASSACHUSETTS Ave & PlEASANT St,MASSACHUSETTS Ave & PlEASANT St,Medium,Active
2218,1009,Intersection of ATHENS St & GRANT St,ATHENS St & GRANT St,Large,Active
2219,1002,Intersection of HOLYOKE St & Holyoke St,HOLYOKE St & Holyoke St,Small,Active
2220,1028,"1400 MASSACHUSETTS Ave Site","1400 MASSACHUSETTS Ave",Small,Active
2221,1028,"100 BANKS St Site","100 BANKS St",Large,Active
2222,1015,Intersection of HURLEY St & Hurley St,HURLEY St & Hurley St,Medium,Active
2223,1030,Intersection of BEECH St & ORCHARD St,BEECH St & ORCHARD St,Large,Inactive
2224,1005,Intersection of DUNSTER St & MASSACHUSETTS Ave,DUNSTER St & MASSACHUSETTS Ave,Medium,Active
2225,1029,REGENT St Site,REGENT St,Large,Active
2226,1022,"200 Cushing St Site","200 Cushing St",Medium,Active
2227,1004,Intersection of Massachusetts Ave & Arlington St,Massachusetts Ave & Arlington St,Small,Active
2228,1020,Intersection of WILLARD St & BRATTLE St,WILLARD St & BRATTLE St,Large,Active
2229,1004,Intersection of BROADWAY & INMAN St,BROADWAY & INMAN St,Small,Active
2230,1018,Intersection of WASHINGTON ELMS & Windsor St,WASHINGTON ELMS & Windsor St,Small,Active
2231,1004,Intersection of MASSACHUSETTS Ave & HADLEY St,MASSACHUSETTS Ave & HADLEY St,Large,Active
2232,1027,Intersection of Gerrys Landing Rd & Gerrys Landing Rd,Gerrys Landing Rd & Gerrys Landing Rd,Large,Inactive
2233,1017,"900 MASSACHUSETTS Ave Site","900 MASSACHUSETTS Ave",Medium,Inactive
2234,1012,CHETWYND Rd Site,CHETWYND Rd,Medium,Active
2235,1022,Intersection of FRANKLIN St & BROOKLINE Pl,FRANKLIN St & BROOKLINE Pl,Small,Inactive
2236,1017,Ash St Site,Ash St,Medium,Inactive
2237,1010,Intersection of Longfellow Park & Longfellow Park,Longfellow Park & Longfellow Park,Medium,Inactive
2238,1022,Intersection of Norfolk St & BISHOP ALLEN DR,Norfolk St & BISHOP ALLEN DR,Large,Active
2239,1001,WILLARD St Site,WILLARD St,Medium,Inactive
2240,1022,Intersection of BROOKLINE St & TUDOR St,BROOKLINE St & TUDOR St,Small,Active
2241,1026,Intersection of BROADWAY & Kendall Sq MBTA Stat,BROADWAY & Kendall Sq MBTA Stat,Medium,Active
2242,1024,Exeter Park Site,Exeter Park,Small,Active
2243,1027,Intersection of CAMBRIDGE St & COLUMBIA St,CAMBRIDGE St & COLUMBIA St,Large,Inactive
2244,1018,Intersection of SECKEL St & WEBSTER Ave,SECKEL St & WEBSTER Ave,Small,Active
2245,1018,Intersection of Gold Star Rd & Gold Star Rd,Gold Star Rd & Gold Star Rd,Medium,Active
2246,1014,Intersection of INMAN St & MASSACHUSETTS Ave,INMAN St & MASSACHUSETTS Ave,Large,Active
2247,1015,Intersection of CAMBRIDGEPARK DR & Cambridgepark Dr,CAMBRIDGEPARK DR & Cambridgepark Dr,Medium,Inactive
2248,1029,"700 Mount Auburn St Site","700 Mount Auburn St",Large,Active
2249,1012,Intersection of GARDEN St & ROBINSON St,GARDEN St & ROBINSON St,Large,Active
2250,1004,"1000 MEMORIAL DR Site","1000 MEMORIAL DR",Medium,Active
2251,1027,Intersection of Farrar St & Holden Green,Farrar St & Holden Green,Medium,Active
2252,1003,Intersection of CHERRY St & Cherry St,CHERRY St & Cherry St,Large,Active
2253,1020,Dunster St Site,Dunster St,Large,Active
2254,1029,Intersection of BROOKLINE St & HENRY St,BROOKLINE St & HENRY St,Medium,Active
2255,1012,Intersection of HUTCHINSON St & WALDEN St,HUTCHINSON St & WALDEN St,Small,Active
2256,1007,Intersection of MASSACHUSETTS Ave & WESTERN Ave,MASSACHUSETTS Ave & WESTERN Ave,Medium,Active
2257,1029,CHESTNUT St Site,CHESTNUT St,Large,Active
2258,1011,FRANCES Pl Site,FRANCES Pl,Medium,Active
2259,1001,Intersection of COLUMBIA St & Columbia Ter,COLUMBIA St & Columbia Ter,Small,Active
2260,1006,Intersection of IRVING St & SCOTT St,IRVING St & SCOTT St,Medium,Active
2261,1015,Intersection of AMORY St & Prospect St,AMORY St & Prospect St,Large,Active
2262,1015,Intersection of CHAUNCY St & MASSACHUSETTS Ave,CHAUNCY St & MASSACHUSETTS Ave,Medium,Active
2263,1019,Pleasant St Site,Pleasant St,Large,Active
2264,1011,"100 MASSACHUSETTS Ave Site","100 MASSACHUSETTS Ave",Large,Active
2265,1026,Cherry St Site,Cherry St,Medium,Active
2266,1023,JFK St Site,JFK St,Large,Active
2267,1026,Intersection of Hoyt Field & Gilmore St,Hoyt Field & Gilmore St,Large,Active
2268,1002,Intersection of CAMBRIDGE St & WEBSTER Ave,CAMBRIDGE St & WEBSTER Ave,Small,Active
2269,1014,Intersection of Brattle St & Hawthorne St,Brattle St & Hawthorne St,Small,Inactive
2270,1002,Mount Pleasant St Site,Mount Pleasant St,Small,Inactive
2271,1029,Intersection of HURON Ave & TIERNEY St,HURON Ave & TIERNEY St,Small,Active
2272,1004,Intersection of FULKERSON St & Bent St,FULKERSON St & Bent St,Large,Active
2273,1017,Intersection of LAMBERT St & Lambert St,LAMBERT St & Lambert St,Medium,Inactive
2274,1003,James St Site,James St,Large,Active
2275,1013,GARDEN CT Site,GARDEN CT,Large,Active
2276,1009,EUSTIS St Site,EUSTIS St,Large,Active
2277,1007,"100 NORRIS St Site","100 NORRIS St",Medium,Inactive
2278,1015,Intersection of BIGELOW St & MASSACHUSETTS Ave,BIGELOW St & MASSACHUSETTS Ave,Small,Active
2279,1023,Intersection of HOLLIS St & MASSACHUSETTS Ave,HOLLIS St & MASSACHUSETTS Ave,Large,Active
2280,1029,Intersection of KIRKLAND St & Quincy St,KIRKLAND St & Quincy St,Large,Active
2281,1029,Intersection of CAMBRIDGE St & SUMNER Rd,CAMBRIDGE St & SUMNER Rd,Small,Inactive
2282,1011,Intersection of ROBINSON St & RAYMOND St,ROBINSON St & RAYMOND St,Large,Active
2283,1020,Intersection of BROADWAY & Galileo Galilei Way,BROADWAY & Galileo Galilei Way,Medium,Active
2284,1002,Intersection of Hamilton St & Brookline St,Hamilton St & Brookline St,Large,Active
2285,1015,WASHBURN Ter Site,WASHBURN Ter,Large,Active
2286,1014,Intersection of BENT St & Second St,BENT St & Second St,Small,Inactive
2287,1020,Intersection of Canal Park & Canal Park,Canal Park & Canal Park,Large,Active
2288,1022,Intersection of CONCORD Ave & WALDEN St,CONCORD Ave & WALDEN St,Large,Active
2289,1011,"100 Bent St Site","100 Bent St",Medium,Active
2290,1027,Intersection of HURON Ave & Glacken Field,HURON Ave & Glacken Field,Small,Inactive
2291,1003,"100 FRESH POND LN Site","100 FRESH POND LN",Small,Active
2292,1017,DRUMMOND Pl Site,DRUMMOND Pl,Medium,Active
2293,1030,Intersection of VASSAR St & Vassar St,VASSAR St & Vassar St,Large,Active
2294,1012,BREWSTER St Site,BREWSTER St,Small,Active
2295,1024,"100 Wendell St Site","100 Wendell St",Small,Active
2296,1028,Intersection of FRANKLIN St & PlEASANT St,FRANKLIN St & PlEASANT St,Large,Active
2297,1029,Intersection of BROADWAY & BINNEY St,BROADWAY & BINNEY St,Large,Inactive
2298,1021,"2600 MASSACHUSETTS Ave Site","2600 MASSACHUSETTS Ave",Small,Inactive
2299,1015,TUDOR St Site,TUDOR St,Large,Active
2300,1016,Intersection of SHERMAN St & WALDEN SqUARE Rd,SHERMAN St & WALDEN SqUARE Rd,Small,Inactive
2301,1005,Intersection of Mount Auburn St & Mount Auburn St,Mount Auburn St & Mount Auburn St,Large,Active
2302,1027,Intersection of Mount Auburn St & WILLARD St,Mount Auburn St & WILLARD St,Large,Active
2303,1020,Intersection of LINNAEAN St & Garden St,LINNAEAN St & Garden St,Medium,Active
2304,1006,"100 Brattle St Site","100 Brattle St",Large,Active
2305,1019,Intersection of SIDNEY St & ALLSTON St,SIDNEY St & ALLSTON St,Medium,Active
2306,1025,Intersection of CAMBRIDGE St & Hunting St,CAMBRIDGE St & Hunting St,Large,Inactive
2307,1005,Intersection of CAMBRIDGE St & HUNTING St,CAMBRIDGE St & HUNTING St,Small,Active
2308,1003,Intersection of BLAKE St & MASSACHUSETTS Ave,BLAKE St & MASSACHUSETTS Ave,Small,Active
2309,1027,Longfellow Park Site,Longfellow Park,Large,Inactive
2310,1001,"700 MASSACHUSETTS Ave Site","700 MASSACHUSETTS Ave",Large,Active
2311,1026,Intersection of Mount Auburn St & Willard St,Mount Auburn St & Willard St,Small,Active
2312,1028,Intersection of PUTNAM Ave & WAVERLY St,PUTNAM Ave & WAVERLY St,Large,Active
2313,1006,Intersection of Massachusetts Ave & INMAN St,Massachusetts Ave & INMAN St,Medium,Active
2314,1015,Intersection of JEFFERSON St & MARION St,JEFFERSON St & MARION St,Medium,Active
2315,1002,GREENOUGH BLVD Site,GREENOUGH BLVD,Medium,Active
2316,1029,Intersection of MASSACHUSETTS Ave & StATE St,MASSACHUSETTS Ave & StATE St,Medium,Active
2317,1003,Intersection of Newtowne Ct & Newtowne Ct,Newtowne Ct & Newtowne Ct,Medium,Active
2318,1017,Intersection of HARVARD St & CLINTON St,HARVARD St & CLINTON St,Large,Active
2319,1025,"100 IRVING St Site","100 IRVING St",Large,Inactive
2320,1024,ABERDEEN CT Site,ABERDEEN CT,Medium,Inactive
2321,1012,Intersection of Blackstone St & River St,Blackstone St & River St,Large,Inactive
2322,1018,Intersection of BUCKINGHAM St & CRAIGIE St,BUCKINGHAM St & CRAIGIE St,Large,Active
2323,1015,Intersection of FRESH POND LN & Fresh Pond Ln,FRESH POND LN & Fresh Pond Ln,Medium,Active
2324,1012,Intersection of WOODROW WILSON CT & Magazine St,WOODROW WILSON CT & Magazine St,Large,Inactive
2325,1016,Intersection of Dunster St & Mount Auburn St,Dunster St & Mount Auburn St,Large,Inactive
2326,1027,Intersection of KELLY Rd & MAGAZINE St,KELLY Rd & MAGAZINE St,Large,Inactive
2327,1008,Intersection of PUTNAM Ave & SURREY St,PUTNAM Ave & SURREY St,Medium,Active
2328,1028,Intersection of BRATTLE St & Fresh Pond Pky,BRATTLE St & Fresh Pond Pky,Large,Inactive
2329,1014,Intersection of Massachusetts Ave & Davenport St,Massachusetts Ave & Davenport St,Small,Active
2330,1025,Intersection of BAY St & MASSACHUSETTS Ave,BAY St & MASSACHUSETTS Ave,Small,Active
2331,1017,COPLEY St Site,COPLEY St,Medium,Active
2332,1029,Mount Vernon St Site,Mount Vernon St,Small,Active
2333,1021,Intersection of MASSACHUSETTS Ave & SMART St,MASSACHUSETTS Ave & SMART St,Medium,Active
2334,1008,Intersection of MAIN St & AMES St,MAIN St & AMES St,Small,Active
2335,1015,Intersection of LAWN St & MAY St,LAWN St & MAY St,Small,Active
2336,1027,LAWN St Site,LAWN St,Small,Active
2337,1014,Intersection of Norumbega St & Norumbega St,Norumbega St & Norumbega St,Medium,Active
2338,1018,CUSHING St Site,CUSHING St,Medium,Active
2339,1020,HOLLY Ave Site,HOLLY Ave,Large,Active
2340,1007,"300 PROSPECT St Site","300 PROSPECT St",Medium,Active
2341,1003,Cambridgepark Dr Site,Cambridgepark Dr,Small,Inactive
2342,1029,GLENWOOD Ave Site,GLENWOOD Ave,Small,Active
2343,1012,Intersection of FLAGG St & MEMORIAL DR,FLAGG St & MEMORIAL DR,Medium,Active
2344,1021,Intersection of HOLDEN St & SCOTT St,HOLDEN St & SCOTT St,Medium,Active
2345,1024,Intersection of Kirkland St & Irving St,Kirkland St & Irving St,Medium,Active
2346,1028,Intersection of Bryant St & Scott St,Bryant St & Scott St,Large,Active
2347,1026,Intersection of Brookline Pl & PACIFIC St,Brookline Pl & PACIFIC St,Small,Active
2348,1003,Intersection of Standish St & Huron Ave,Standish St & Huron Ave,Large,Inactive
2349,1020,Intersection of Mount Auburn St & Brattle St,Mount Auburn St & Brattle St,Large,Inactive
2350,1014,"200 Broadway Site","200 Broadway",Small,Active
2351,1015,"100 Harvey St Site","100 Harvey St",Small,Inactive
2352,1025,"400 GREEN St Site","400 GREEN St",Medium,Inactive
2353,1030,Intersection of BRATTLE St & FARWELL Pl,BRATTLE St & FARWELL Pl,Medium,Active
2354,1014,"700 Huron Ave Site","700 Huron Ave",Large,Active
2355,1007,Intersection of Brattle St & Harvard Sq,Brattle St & Harvard Sq,Medium,Inactive
2356,1017,Intersection of Alewife Brook Pky & RINDGE Ave,Alewife Brook Pky & RINDGE Ave,Medium,Inactive
2357,1030,Intersection of ARLINGTON St & MASSACHUSETTS Ave,ARLINGTON St & MASSACHUSETTS Ave,Small,Active
2358,1012,"200 CHILTON St Site","200 CHILTON St",Small,Inactive
2359,1020,WATER St Site,WATER St,Medium,Inactive
2360,1004,"500 Mount Auburn St Site","500 Mount Auburn St",Small,Active
2361,1009,Intersection of Hampshire St & Cambridge St,Hampshire St & Cambridge St,Medium,Inactive
2362,1006,"100 Porter Rd Site","100 Porter Rd",Small,Active
2363,1016,"500 Concord Ave Site","500 Concord Ave",Small,Active
2364,1025,Intersection of BRISTOL St & HAMPSHIRE St,BRISTOL St & HAMPSHIRE St,Small,Active
2365,1028,Intersection of Massachusetts Ave & Sacramento St,Massachusetts Ave & Sacramento St,Small,Inactive
2366,1022,AVON St Site,AVON St,Medium,Active
2367,1022,Intersection of MARCELLA St & MARCELLA St,MARCELLA St & MARCELLA St,Large,Active
2368,1021,Callender St Site,Callender St,Small,Active
2369,1021,Intersection of FIELD St & CORPORAL BURNS Rd,FIELD St & CORPORAL BURNS Rd,Medium,Active
2370,1002,"100 FAIRFIELD St Site","100 FAIRFIELD St",Medium,Active
2371,1024,Intersection of CRAIGIE St & Craigie St,CRAIGIE St & Craigie St,Small,Active
2372,1008,ROSELAND St Site,ROSELAND St,Large,Active
2373,1011,Intersection of Massachusetts Ave & Lancaster St,Massachusetts Ave & Lancaster St,Small,Active
2374,1013,Putnam Ave Site,Putnam Ave,Medium,Active
2375,1017,Intersection of REARDON St & Fort Washington Park,REARDON St & Fort Washington Park,Large,Active
2376,1008,TENNEY St Site,TENNEY St,Medium,Active
2377,1021,Intersection of PINE St & Pine St,PINE St & Pine St,Small,Active
2378,1018,PUTNAM GDNS Site,PUTNAM GDNS,Large,Active
2379,1030,Intersection of Longfellow Park & Mount Auburn St,Longfellow Park & Mount Auburn St,Medium,Active
2380,1018,Intersection of BOARDMAN St & Boardman St,BOARDMAN St & Boardman St,Medium,Active
2381,1014,Intersection of Columbia St & Harvard St,Columbia St & Harvard St,Medium,Active
2382,1015,Intersection of BERKSHIRE St & YORK Pl,BERKSHIRE St & YORK Pl,Small,Active
2383,1006,Intersection of Columbia St & Bishop Allen Dr,Columbia St & Bishop Allen Dr,Large,Active
2384,1011,Intersection of Cambridge St & Line St,Cambridge St & Line St,Small,Active
2385,1013,"400 Cambridge St Site","400 Cambridge St",Small,Active
2386,1025,MOONEY St Site,MOONEY St,Small,Active
2387,1001,SIBLEY CT Site,SIBLEY CT,Large,Active
2388,1028,Intersection of Mount Auburn St & Ash St,Mount Auburn St & Ash St,Small,Inactive
2389,1006,Intersection of BROADWAY & ELM St,BROADWAY & ELM St,Small,Active
2390,1009,WRIGHT St Site,WRIGHT St,Small,Inactive
2391,1008,Intersection of HEWS St & CALLENDER St,HEWS St & CALLENDER St,Small,Active
2392,1011,"300 PUTNAM Ave Site","300 PUTNAM Ave",Medium,Active
2393,1022,Intersection of OTIS St & Thorndike Pl,OTIS St & Thorndike Pl,Small,Active
2394,1019,Intersection of JACKSON Pl & RINDGE Ave,JACKSON Pl & RINDGE Ave,Medium,Active
2395,1024,Intersection of Pearl St & Auburn St,Pearl St & Auburn St,Small,Active
2396,1009,Intersection of FOLLEN St & Garden St,FOLLEN St & Garden St,Large,Inactive
2397,1017,"100 BINNEY St Site","100 BINNEY St",Medium,Active
2398,1012,Intersection of BINNEY St & Second St,BINNEY St & Second St,Medium,Inactive
2399,1025,Palmer St Site,Palmer St,Medium,Inactive
2400,1014,Intersection of BRATTLE St & ELIOT St,BRATTLE St & ELIOT St,Medium,Active
2401,1015,"200 Albany St Site","200 Albany St",Large,Active
2402,1016,Intersection of RICHDALE Ave & UPLAND Rd,RICHDALE Ave & UPLAND Rd,Small,Active
2403,1022,Intersection of WEBSTER Ave & WEBSTER Ave,WEBSTER Ave & WEBSTER Ave,Medium,Active
2404,1022,"1600 Massachusetts Ave Site","1600 Massachusetts Ave",Large,Active
2405,1028,Intersection of BROADWAY & ELLERY St,BROADWAY & ELLERY St,Medium,Inactive
2406,1020,"100 IRVING St Site","100 IRVING St",Small,Active
2407,1001,Intersection of FIRST St & SPRING St,FIRST St & SPRING St,Medium,Active
2408,1010,Intersection of SECOND St & Second St,SECOND St & Second St,Large,Active
2409,1008,Intersection of JFK St & Memorial Dr,JFK St & Memorial Dr,Small,Active
2410,1018,Intersection of GREEN St & PUTNAM Ave,GREEN St & PUTNAM Ave,Large,Active
2411,1028,Intersection of Ware St & HARVARD St,Ware St & HARVARD St,Small,Active
2412,1001,Intersection of BENT St & Cambridge St,BENT St & Cambridge St,Small,Inactive
2413,1002,"200 SIXTH St Site","200 SIXTH St",Small,Inactive
2414,1001,Intersection of Hawthorne St & Mount Auburn St,Hawthorne St & Mount Auburn St,Medium,Active
2415,1001,Intersection of Mount Auburn St & Longfellow Park,Mount Auburn St & Longfellow Park,Large,Active
2416,1009,Oxford St Site,Oxford St,Large,Active
2417,1013,HIGH St Site,HIGH St,Large,Active
2418,1030,CHILTON St Site,CHILTON St,Small,Active
2419,1001,Intersection of Hampshire St & Cambridge St,Hampshire St & Cambridge St,Medium,Active
2420,1013,MALCOLM Rd Site,MALCOLM Rd,Small,Active
2421,1020,Intersection of MARKET St & WINDSOR St,MARKET St & WINDSOR St,Large,Active
2422,1026,Intersection of Columbia St & Hampshire St,Columbia St & Hampshire St,Medium,Active
2423,1022,Intersection of Pleasant St & Chestnut St,Pleasant St & Chestnut St,Medium,Active
2424,1007,Intersection of MASSACHUSETTS Ave & SELLERS St,MASSACHUSETTS Ave & SELLERS St,Medium,Active
2425,1002,Intersection of Raymond St & GARDEN St,Raymond St & GARDEN St,Large,Active
2426,1006,"100 Jackson Cir Site","100 Jackson Cir",Medium,Active
2427,1007,"200 SECOND St Site","200 SECOND St",Medium,Inactive
2428,1026,Lambert St Site,Lambert St,Small,Active
2429,1014,Fair Oaks St Site,Fair Oaks St,Small,Inactive
2430,1026,TYLER CT Site,TYLER CT,Medium,Inactive
2431,1018,Intersection of NORFOLK St & Hampshire St,NORFOLK St & Hampshire St,Medium,Inactive
2432,1015,"100 Cambridge Pky Site","100 Cambridge Pky",Small,Active
2433,1002,"100 MURRAY HILL Rd Site","100 MURRAY HILL Rd",Small,Active
2434,1010,Intersection of MASSACHUSETTS Ave & HARVARD BRIDGE,MASSACHUSETTS Ave & HARVARD BRIDGE,Small,Active
2435,1023,Fayette Park Site,Fayette Park,Large,Inactive
2436,1012,Intersection of LINDEN St & MASSACHUSETTS Ave,LINDEN St & MASSACHUSETTS Ave,Large,Inactive
2437,1017,Intersection of DEWOLFE St & GRANT St,DEWOLFE St & GRANT St,Small,Active
2438,1008,Intersection of Somerville Ave & White St,Somerville Ave & White St,Medium,Inactive
2439,1011,Intersection of Porter Sq MBTA Stat & Porter Sq,Porter Sq MBTA Stat & Porter Sq,Small,Active
2440,1029,Intersection of Alewife Brook Pky & MASSACHUSETTS Ave,Alewife Brook Pky & MASSACHUSETTS Ave,Large,Inactive
2441,1003,"100 BISHOP ALLEN DR Site","100 BISHOP ALLEN DR",Medium,Inactive
2442,1027,Intersection of AUBURN St & MAGAZINE St,AUBURN St & MAGAZINE St,Large,Active
2443,1006,Intersection of MURRAY HILL Rd & Alewife Brook Pky,MURRAY HILL Rd & Alewife Brook Pky,Medium,Inactive
2444,1009,Intersection of GREEN St & Green St,GREEN St & Green St,Large,Active
2445,1006,Intersection of MASSACHUSETTS Ave & StONE CT,MASSACHUSETTS Ave & StONE CT,Medium,Active
2446,1009,Intersection of BROADWAY & FAYETTE St,BROADWAY & FAYETTE St,Medium,Inactive
2447,1007,Intersection of INMAN St & HAMPSHIRE St,INMAN St & HAMPSHIRE St,Medium,Inactive
2448,1009,"700 HURON Ave Site","700 HURON Ave",Medium,Active
2449,1018,VAN NORDEN St Site,VAN NORDEN St,Large,Inactive
2450,1012,Intersection of BRATTLE St & Hawthorne St,BRATTLE St & Hawthorne St,Large,Active
2451,1008,Shepard St Site,Shepard St,Medium,Active
2452,1008,Hawthorne St Site,Hawthorne St,Medium,Active
2453,1018,Intersection of BERKSHIRE St & MARCELLA St,BERKSHIRE St & MARCELLA St,Large,Active
2454,1028,Intersection of QUINCY St & Harvard Sq,QUINCY St & Harvard Sq,Medium,Inactive
2455,1030,Intersection of Bishop Allen Dr & School St,Bishop Allen Dr & School St,Medium,Inactive
2456,1020,Garden St Site,Garden St,Medium,Active
2457,1030,KING Pl Site,KING Pl,Small,Inactive
2458,1015,Intersection of WINTHROP St & JFK St,WINTHROP St & JFK St,Medium,Active
2459,1027,"1200 CAMBRIDGE St Site","1200 CAMBRIDGE St",Small,Active
2460,1007,WILSON Ave Site,WILSON Ave,Medium,Active
2461,1011,Intersection of MASSACHUSETTS Ave & GARFIELD St,MASSACHUSETTS Ave & GARFIELD St,Large,Active
2462,1020,Intersection of CAMBRIDGE St & Cambridge St,CAMBRIDGE St & Cambridge St,Small,Inactive
2463,1016,Charles Park Site,Charles Park,Small,Inactive
2464,1004,Intersection of CYPRESS St & WALDEN St,CYPRESS St & WALDEN St,Medium,Active
2465,1006,HARVARD Sq Site,HARVARD Sq,Medium,Inactive
2466,1026,ALLEN St Site,ALLEN St,Small,Active
2467,1022,Intersection of PUTNAM Sq & Putnam Sq,PUTNAM Sq & Putnam Sq,Large,Active
2468,1026,"100 DAVENPORT St Site","100 DAVENPORT St",Large,Inactive
2469,1003,"100 Seventh St Site","100 Seventh St",Medium,Active
2470,1009,Intersection of KENDALL St & THIRD St,KENDALL St & THIRD St,Large,Active
2471,1028,COOLIDGE HILL Rd Site,COOLIDGE HILL Rd,Large,Active
2472,1010,Whittemore Ave Site,Whittemore Ave,Medium,Active
2473,1014,Intersection of ELIOT St & Winthrop St,ELIOT St & Winthrop St,Large,Active
2474,1011,Intersection of NORFOLK St & WORCESTER St,NORFOLK St & WORCESTER St,Medium,Active
2475,1018,Intersection of MAGAZINE St & UPTON St,MAGAZINE St & UPTON St,Small,Active
2476,1022,Intersection of NORFOLK St & BROADWAY,NORFOLK St & BROADWAY,Medium,Active
2477,1012,Intersection of FRANKLIN St & Franklin St,FRANKLIN St & Franklin St,Small,Active
2478,1023,Intersection of GARDEN St & Appian Way,GARDEN St & Appian Way,Small,Inactive
2479,1012,SUNSET Rd Site,SUNSET Rd,Large,Inactive
2480,1013,Gray Gardens West Site,Gray Gardens West,Large,Active
2481,1025,Intersection of FAIRMONT Ave & Fairmont Ave,FAIRMONT Ave & Fairmont Ave,Large,Active
2482,1013,Intersection of CARVER St & MUSEUM St,CARVER St & MUSEUM St,Medium,Inactive
2483,1019,"200 CONCORD Ave Site","200 CONCORD Ave",Large,Active
2484,1026,Intersection of MASSACHUSETTS Ave & Walden St,MASSACHUSETTS Ave & Walden St,Small,Active
2485,1019,"1900 MASSACHUSETTS Ave Site","1900 MASSACHUSETTS Ave",Large,Active
2486,1023,Intersection of HURON Ave & UPLAND Rd,HURON Ave & UPLAND Rd,Large,Active
2487,1014,Intersection of GARDEN St & IVY St,GARDEN St & IVY St,Medium,Active
2488,1004,Intersection of BROADWAY & LEE St,BROADWAY & LEE St,Medium,Active
2489,1013,Intersection of ELM St & LINCOLN St,ELM St & LINCOLN St,Small,Active
2490,1008,Intersection of RINDGE Ave & YERXA Rd,RINDGE Ave & YERXA Rd,Medium,Inactive
2491,1029,Intersection of FIELD St & GARDEN St,FIELD St & GARDEN St,Large,Active
2492,1023,"200 VASSAR St Site","200 VASSAR St",Medium,Active
2493,1021,SPINELLI Pl Site,SPINELLI Pl,Small,Inactive
2494,1023,Intersection of PEMBERTON St & SHERMAN St,PEMBERTON St & SHERMAN St,Large,Active
2495,1019,Intersection of Second St & Rogers St,Second St & Rogers St,Small,Active
2496,1012,Clifton St Site,Clifton St,Medium,Active
2497,1018,Intersection of CONCORD Ave & Buckingham Pl,CONCORD Ave & Buckingham Pl,Medium,Active
2498,1006,"500 MASSACHUSETTS Ave Site","500 MASSACHUSETTS Ave",Small,Active
2499,1018,CARVER St Site,CARVER St,Large,Active
2500,1019,Intersection of Callender St & Hews St,Callender St & Hews St,Medium,Active
2501,1022,Craigie St Site,Craigie St,Medium,Inactive
2502,1005,Intersection of CLARENDON Ave & MASSACHUSETTS Ave,CLARENDON Ave & MASSACHUSETTS Ave,Large,Active
2503,1024,WHITTEMORE Ave Site,WHITTEMORE Ave,Medium,Active
2504,1009,Intersection of Harvard Sq MBTA Stat & Harvard Sq MBTA Stat,Harvard Sq MBTA Stat & Harvard Sq MBTA Stat,Small,Active
2505,1027,Intersection of TREMONT St & Tremont St,TREMONT St & Tremont St,Medium,Active
2506,1003,Intersection of Upland Rd & Buena Vista Park,Upland Rd & Buena Vista Park,Medium,Inactive
2507,1028,Intersection of GLADSTONE St & MASSACHUSETTS Ave,GLADSTONE St & MASSACHUSETTS Ave,Large,Active
2508,1010,"100 MAIN St Site","100 MAIN St",Small,Active
2509,1019,"1700 LINNAEAN St Site","1700 LINNAEAN St",Large,Active
2510,1003,Intersection of Massachusetts Ave & Waterhouse St,Massachusetts Ave & Waterhouse St,Medium,Inactive
2511,1029,Intersection of CAMBRIDGE St & First St,CAMBRIDGE St & First St,Medium,Active
2512,1029,Intersection of SECOND St & CAMBRIDGE St,SECOND St & CAMBRIDGE St,Large,Inactive
2513,1022,Intersection of THORNDIKE St & SECOND St,THORNDIKE St & SECOND St,Large,Inactive
2514,1015,Intersection of Watson St & Pearl St,Watson St & Pearl St,Large,Inactive
2515,1001,Intersection of MASSACHUSETTS Ave & RUSSELL St,MASSACHUSETTS Ave & RUSSELL St,Small,Active
2516,1007,Intersection of BROADWAY & DANA St,BROADWAY & DANA St,Medium,Active
2517,1012,Intersection of CARDINAL MEDEIROS Ave & Cambridge St,CARDINAL MEDEIROS Ave & Cambridge St,Large,Active
2518,1017,Intersection of CHERRY St & WASHINGTON St,CHERRY St & WASHINGTON St,Medium,Inactive
2519,1030,"100 Waverly St Site","100 Waverly St",Small,Inactive
2520,1021,Intersection of LANDSDOWNE St & MASSACHUSETTS Ave,LANDSDOWNE St & MASSACHUSETTS Ave,Small,Active
2521,1026,Intersection of Brookline St & Massachusetts Ave,Brookline St & Massachusetts Ave,Small,Active
2522,1029,Intersection of Walden St & Concord Ave,Walden St & Concord Ave,Small,Active
2523,1024,Intersection of ELLERY St & Ellery St,ELLERY St & Ellery St,Medium,Inactive
2524,1020,Intersection of CONCORD Ave & PARKER St,CONCORD Ave & PARKER St,Small,Active
2525,1005,Intersection of LEE St & MASSACHUSETTS Ave,LEE St & MASSACHUSETTS Ave,Small,Active
2526,1004,"100 LARCHWOOD DR Site","100 LARCHWOOD DR",Large,Active
2527,1028,Intersection of Buckingham St & Craigie St,Buckingham St & Craigie St,Small,Active
2528,1012,Irving St Site,Irving St,Large,Active
2529,1030,BUCKINGHAM Pl Site,BUCKINGHAM Pl,Small,Active
2530,1020,Intersection of MAIN St & Cherry St,MAIN St & Cherry St,Small,Active
2531,1028,Intersection of SALEM St & WATSON St,SALEM St & WATSON St,Large,Active
2532,1024,Intersection of HOLYOKE St & MASSACHUSETTS Ave,HOLYOKE St & MASSACHUSETTS Ave,Small,Active
2533,1018,Intersection of First St & Bent St,First St & Bent St,Medium,Inactive
2534,1017,"100 GRANVILLE Rd Site","100 GRANVILLE Rd",Medium,Active
2535,1019,Intersection of Fresh Pond Pl & HURON Ave,Fresh Pond Pl & HURON Ave,Small,Active
2536,1009,Intersection of NORFOLK St & Norfolk St,NORFOLK St & Norfolk St,Medium,Active
2537,1004,Intersection of HOLWORTHY St & LOCUST St,HOLWORTHY St & LOCUST St,Large,Inactive
2538,1026,Intersection of VASSAR St & Memorial Dr,VASSAR St & Memorial Dr,Small,Active
2539,1021,Intersection of APPLETON St & BRATTLE St,APPLETON St & BRATTLE St,Small,Inactive
2540,1002,Intersection of MASSACHUSETTS Ave & RICE St,MASSACHUSETTS Ave & RICE St,Large,Active
2541,1004,"200 Western Ave Site","200 Western Ave",Large,Active
2542,1002,SELLERS St Site,SELLERS St,Large,Active
2543,1015,Intersection of DAVIS St & HARVARD St,DAVIS St & HARVARD St,Small,Active
2544,1002,Intersection of ELIOT St & Brattle Sq,ELIOT St & Brattle Sq,Large,Inactive
2545,1004,Intersection of MASSACHUSETTS Ave & SOMERVILLE Ave,MASSACHUSETTS Ave & SOMERVILLE Ave,Large,Active
2546,1006,CAMBRIDGEPARK DR Site,CAMBRIDGEPARK DR,Medium,Active
2547,1007,MAIN St Site,MAIN St,Medium,Active
2548,1010,Intersection of Cambridgepark Dr & Cambridgepark Dr,Cambridgepark Dr & Cambridgepark Dr,Small,Active
2549,1019,Porter Cir Site,Porter Cir,Medium,Active
2550,1019,"100 Mount Auburn Pl Site","100 Mount Auburn Pl",Medium,Active
2551,1026,Intersection of HOLWORTHY St & Mount Auburn St,HOLWORTHY St & Mount Auburn St,Large,Active
2552,1022,Intersection of CAMERON Ave & MASSACHUSETTS Ave,CAMERON Ave & MASSACHUSETTS Ave,Large,Active
2553,1029,Intersection of CAMBRIDGE St & Highland Ave,CAMBRIDGE St & Highland Ave,Medium,Active
2554,1012,Intersection of COOLIDGE Ave & Mount Auburn St,COOLIDGE Ave & Mount Auburn St,Medium,Active
2555,1003,Intersection of BERKSHIRE St & MARNEY St,BERKSHIRE St & MARNEY St,Medium,Active
2556,1013,Intersection of GARDEN St & MASSACHUSETTS Ave,GARDEN St & MASSACHUSETTS Ave,Small,Active
2557,1018,Thorndike St Site,Thorndike St,Small,Active
2558,1008,"400 CONCORD Ave Site","400 CONCORD Ave",Small,Inactive
2559,1021,Intersection of Kendall Sq & Kendall Sq,Kendall Sq & Kendall Sq,Medium,Active
2560,1015,Industrial Park Rd Site,Industrial Park Rd,Medium,Active
2561,1001,Intersection of GARDNER Rd & PROSPECT St,GARDNER Rd & PROSPECT St,Small,Active
2562,1003,Intersection of WHITTEMORE Ave & Magoun St,WHITTEMORE Ave & Magoun St,Small,Active
2563,1026,"100 Hampshire St Site","100 Hampshire St",Medium,Active
2564,1008,Intersection of VASSAR St & MASSACHUSETTS Ave,VASSAR St & MASSACHUSETTS Ave,Large,Active
2565,1004,MAYNARD Pl Site,MAYNARD Pl,Small,Inactive
2566,1016,Intersection of CONCORD Ave & DONNELL St,CONCORD Ave & DONNELL St,Medium,Active
2567,1030,Intersection of Charles St & FIFTH St,Charles St & FIFTH St,Medium,Active
2568,1023,Intersection of Massachusetts Ave & BLANCHE St,Massachusetts Ave & BLANCHE St,Large,Inactive
2569,1010,Intersection of EVERETEZE WAY & CAMBRIDGE St,EVERETEZE WAY & CAMBRIDGE St,Medium,Active
2570,1012,Intersection of Boardman Pl & Boardman Pl,Boardman Pl & Boardman Pl,Medium,Active
2571,1014,"100 MASSACHUSETTS Ave Site","100 MASSACHUSETTS Ave",Small,Active
2572,1014,Intersection of Waterhouse St & Follen Ct,Waterhouse St & Follen Ct,Small,Inactive
2573,1002,Intersection of MASSACHUSETTS Ave & REGENT St,MASSACHUSETTS Ave & REGENT St,Large,Inactive
2574,1023,Intersection of BROADWAY & Inman St,BROADWAY & Inman St,Large,Active
2575,1005,Intersection of Canal Park & Lechmere MBTA Stat,Canal Park & Lechmere MBTA Stat,Medium,Active
2576,1005,"100 CHARLES St Site","100 CHARLES St",Small,Active
2577,1006,Buena Vista Park Site,Buena Vista Park,Large,Active
2578,1013,Intersection of BINNEY St & THIRD St,BINNEY St & THIRD St,Large,Active
2579,1009,Intersection of CHARLES St & Second St,CHARLES St & Second St,Large,Active
2580,1030,LOOMIS St Site,LOOMIS St,Medium,Active
2581,1022,WILSON Rd Site,WILSON Rd,Small,Inactive
2582,1028,Intersection of CLAY St & Harvey St,CLAY St & Harvey St,Large,Inactive
2583,1029,Intersection of HAMPSHIRE St & COLUMBIA St,HAMPSHIRE St & COLUMBIA St,Small,Inactive
2584,1015,Intersection of MASSACHUSETTS Ave & MEMORIAL DR,MASSACHUSETTS Ave & MEMORIAL DR,Large,Active
2585,1014,Sidney St Site,Sidney St,Large,Inactive
2586,1024,Intersection of JAY St & RIVER St,JAY St & RIVER St,Small,Inactive
2587,1007,Intersection of PUTNAM GDNS & Putnam Gdns,PUTNAM GDNS & Putnam Gdns,Small,Active
2588,1025,Intersection of KINNAIRD St & Western Ave,KINNAIRD St & Western Ave,Small,Active
2589,1020,Intersection of MASSACHUSETTS Ave & UPLAND Rd,MASSACHUSETTS Ave & UPLAND Rd,Medium,Active
2590,1002,Intersection of EVERETT St & MASSACHUSETTS Ave,EVERETT St & MASSACHUSETTS Ave,Large,Active
2591,1007,ALEWIFE Center Site,ALEWIFE Center,Medium,Active
2592,1006,Intersection of CHARLES St & Charles St,CHARLES St & Charles St,Small,Active
2593,1017,"200 Second St Site","200 Second St",Large,Active
2594,1027,Intersection of GARDEN St & Cambridge Common,GARDEN St & Cambridge Common,Medium,Active
2595,1025,Intersection of Ellsworth Ave & Cambridge St,Ellsworth Ave & Cambridge St,Large,Active
2596,1025,Intersection of BISHOP ALLEN DR & Central Sq,BISHOP ALLEN DR & Central Sq,Medium,Active
2597,1028,"100 ALBANY St Site","100 ALBANY St",Small,Active
2598,1002,Intersection of WINTHROP St & Eliot St,WINTHROP St & Eliot St,Medium,Active
2599,1003,Intersection of FRONT St & MASSACHUSETTS Ave,FRONT St & MASSACHUSETTS Ave,Large,Active
2600,1005,Intersection of FAIRMONT St & MAGAZINE St,FAIRMONT St & MAGAZINE St,Large,Inactive
2601,1005,Intersection of NORFOLK St & CAMBRIDGE St,NORFOLK St & CAMBRIDGE St,Large,Inactive
2602,1001,"100 BELLIS CIR Site","100 BELLIS CIR",Large,Inactive
2603,1008,"700 Memorial Dr Site","700 Memorial Dr",Small,Active
2604,1012,Intersection of ASH St & Mount Auburn St,ASH St & Mount Auburn St,Medium,Active
2605,1024,Intersection of Alewife Brook Pky & Rindge Ave,Alewife Brook Pky & Rindge Ave,Small,Active
2606,1004,Intersection of OTIS St & SCIARAPPA St,OTIS St & SCIARAPPA St,Small,Active
2607,1013,Intersection of DUNSTER St & Mount Auburn St,DUNSTER St & Mount Auburn St,Small,Active
2608,1023,"100 Winthrop St Site","100 Winthrop St",Large,Active
2609,1015,ATHENS Ter Site,ATHENS Ter,Large,Active
2610,1011,"200 Allston St Site","200 Allston St",Large,Inactive
2611,1010,Intersection of Massachusetts Ave & Brattle St,Massachusetts Ave & Brattle St,Medium,Inactive
2612,1003,Intersection of MASSACHUSETTS Ave & BLANCHE St,MASSACHUSETTS Ave & BLANCHE St,Large,Active
2613,1022,Intersection of BLANCHE St & GREEN St,BLANCHE St & GREEN St,Medium,Active
2614,1014,Intersection of CALLENDER St & DODGE St,CALLENDER St & DODGE St,Large,Inactive
2615,1016,Intersection of DUDLEY St & Dudley St,DUDLEY St & Dudley St,Large,Active
2616,1010,Intersection of OXFORD St & Oxford St,OXFORD St & Oxford St,Small,Active
2617,1029,Intersection of GARDEN St & PEABODY St,GARDEN St & PEABODY St,Small,Active
2618,1010,JFK Park Site,JFK Park,Small,Active
2619,1012,"300 Prospect St Site","300 Prospect St",Medium,Active
2620,1030,Intersection of LONGFELLOW BRIDGE & Longfellow Bridge,LONGFELLOW BRIDGE & Longfellow Bridge,Medium,Inactive
2621,1009,Intersection of MARKET St & WINDSOR St,MARKET St & WINDSOR St,Large,Active
2622,1001,Intersection of PHILLIPS Pl & St JOHNS Rd,PHILLIPS Pl & St JOHNS Rd,Medium,Active
2623,1005,Intersection of CONCORD Ave & CRAIGIE St,CONCORD Ave & CRAIGIE St,Large,Inactive
2624,1020,Intersection of WESTERN Ave & DODGE St,WESTERN Ave & DODGE St,Medium,Inactive
2625,1008,PARKER St Site,PARKER St,Medium,Active
2626,1011,FOSTER St Site,FOSTER St,Medium,Active
2627,1012,Intersection of MACARELLI WAY & Cambridge St,MACARELLI WAY & Cambridge St,Small,Inactive
2628,1001,Intersection of Harvard Sq & Brattle St,Harvard Sq & Brattle St,Medium,Active
2629,1025,MILTON St Site,MILTON St,Small,Active
2630,1022,Intersection of MASSACHUSETTS Ave & EVERETT St,MASSACHUSETTS Ave & EVERETT St,Small,Inactive
2631,1020,SPRUCE Ave Site,SPRUCE Ave,Medium,Active
2632,1028,"100 Sidney St Site","100 Sidney St",Large,Inactive
2633,1025,Intersection of HAMPSHIRE St & Kendall Sq,HAMPSHIRE St & Kendall Sq,Large,Active
2634,1011,Eliot Cir Site,Eliot Cir,Large,Active
2635,1005,"100 Mount Auburn Pl Site","100 Mount Auburn Pl",Medium,Inactive
2636,1015,Intersection of OTIS St & THIRD St,OTIS St & THIRD St,Large,Active
2637,1005,Intersection of PEARL St & WILLIAM St,PEARL St & WILLIAM St,Small,Inactive
2638,1012,Intersection of HAMMOND St & Hammond St,HAMMOND St & Hammond St,Large,Inactive
2639,1005,Glenwood Ave Site,Glenwood Ave,Medium,Active
2640,1017,Follen St Site,Follen St,Large,Active
2641,1017,Intersection of Craigie St & SPARKS St,Craigie St & SPARKS St,Small,Active
2642,1024,Intersection of Alewife Brook Pky & MATIGNON Rd,Alewife Brook Pky & MATIGNON Rd,Medium,Active
2643,1012,Intersection of HAMPSHIRE St & ELM St,HAMPSHIRE St & ELM St,Large,Active
2644,1024,"300 HARVARD St Site","300 HARVARD St",Medium,Active
2645,1028,Intersection of SEAGRAVE Rd & WHITTEMORE Ave,SEAGRAVE Rd & WHITTEMORE Ave,Medium,Active
2646,1015,Intersection of CEDAR St & MASSACHUSETTS Ave,CEDAR St & MASSACHUSETTS Ave,Medium,Active
2647,1015,Intersection of BRATTLE Sq & Harvard Sq,BRATTLE Sq & Harvard Sq,Large,Active
2648,1006,"100 CAMBRIDGESIDE Pl Site","100 CAMBRIDGESIDE Pl",Medium,Active
2649,1012,BOW St Site,BOW St,Large,Inactive
2650,1027,CLIFTON St Site,CLIFTON St,Small,Inactive
2651,1029,HANCOCK Pl Site,HANCOCK Pl,Large,Active
2652,1020,ASHTON Pl Site,ASHTON Pl,Small,Inactive
2653,1018,Intersection of BRATTLE St & HILLIARD St,BRATTLE St & HILLIARD St,Large,Inactive
2654,1014,"100 RICHDALE Ave Site","100 RICHDALE Ave",Medium,Inactive
2655,1002,Intersection of MIDDLESEX St & PEMBERTON St,MIDDLESEX St & PEMBERTON St,Large,Active
2656,1009,"100 REGENT St Site","100 REGENT St",Medium,Active
2657,1005,"100 LEE St Site","100 LEE St",Small,Active
2658,1020,Intersection of COLUMBIA St & WASHINGTON St,COLUMBIA St & WASHINGTON St,Large,Inactive
2659,1026,Intersection of MASSACHUSETTS Ave & WENDELL St,MASSACHUSETTS Ave & WENDELL St,Medium,Active
2660,1029,Intersection of Green St & Pearl St,Green St & Pearl St,Small,Inactive
2661,1001,Intersection of BERKSHIRE Pl & CARDINAL MEDEIROS Ave,BERKSHIRE Pl & CARDINAL MEDEIROS Ave,Small,Active
2662,1023,"100 Haskell St Site","100 Haskell St",Large,Active
2663,1003,Intersection of MASSACHUSETTS Ave & PRENTISS St,MASSACHUSETTS Ave & PRENTISS St,Small,Inactive
2664,1006,Intersection of BROOKLINE Pl & PILGRIM St,BROOKLINE Pl & PILGRIM St,Medium,Active
2665,1005,Intersection of CAMBRIDGE St & OAKLAND St,CAMBRIDGE St & OAKLAND St,Small,Active
2666,1021,Intersection of FOSTER St & LOWELL St,FOSTER St & LOWELL St,Small,Active
2667,1027,"200 Appleton St Site","200 Appleton St",Medium,Active
2668,1005,Intersection of CAMBRIDGE St & HIGHLAND Ave,CAMBRIDGE St & HIGHLAND Ave,Small,Active
2669,1001,Intersection of Exeter Park & Exeter Park,Exeter Park & Exeter Park,Small,Active
2670,1017,"100 AMES St Site","100 AMES St",Small,Active
2671,1019,Intersection of Kendall Sq & Kendall Sq MBTA Stat,Kendall Sq & Kendall Sq MBTA Stat,Small,Inactive
2672,1014,Intersection of Mount Auburn St & ABERDEEN Ave,Mount Auburn St & ABERDEEN Ave,Medium,Active
2673,1012,MCLEAN Pl Site,MCLEAN Pl,Small,Active
2674,1010,Intersection of MAGNOLIA Ave & Line St,MAGNOLIA Ave & Line St,Medium,Active
2675,1020,Intersection of FAIRMONT St & RIVER St,FAIRMONT St & RIVER St,Small,Active
2676,1021,"1300 MASSACHUSETTS Ave Site","1300 MASSACHUSETTS Ave",Small,Active
2677,1018,Intersection of Broadway & Broadway,Broadway & Broadway,Small,Active
2678,1024,Intersection of Pemberton St & Middlesex St,Pemberton St & Middlesex St,Small,Active
2679,1027,Intersection of FERN St & FIELD St,FERN St & FIELD St,Medium,Active
2680,1011,Intersection of AGASSIZ St & LANCASTER St,AGASSIZ St & LANCASTER St,Medium,Active
2681,1030,Intersection of BRATTLE St & FAYERWEATHER St,BRATTLE St & FAYERWEATHER St,Medium,Active
2682,1002,Intersection of JFK St & Eliot St,JFK St & Eliot St,Large,Active
2683,1025,Intersection of BRISTOL St & CROSSLAND St,BRISTOL St & CROSSLAND St,Small,Active
2684,1018,Land Blvd Site,Land Blvd,Small,Inactive
2685,1029,Intersection of MASSACHUSETTS Ave & WASHBURN Ave,MASSACHUSETTS Ave & WASHBURN Ave,Medium,Active
2686,1025,"100 JFK St Site","100 JFK St",Large,Active
2687,1007,Intersection of HAMILTON St & PEARL St,HAMILTON St & PEARL St,Small,Inactive
2688,1024,Intersection of HOLYOKE St & Mount Auburn St,HOLYOKE St & Mount Auburn St,Medium,Active
2689,1015,Intersection of BISHOP ALLEN DR & SCHOOL St,BISHOP ALLEN DR & SCHOOL St,Small,Active
2690,1011,Intersection of RIVER St & AUBURN St,RIVER St & AUBURN St,Small,Active
2691,1018,Intersection of EVERETEZE WAY & Evereteze Way,EVERETEZE WAY & Evereteze Way,Medium,Active
2692,1023,Intersection of TECHNOLOGY Sq & PORTLAND St,TECHNOLOGY Sq & PORTLAND St,Medium,Inactive
2693,1012,Intersection of MASSACHUSETTS Ave & RINDGE Ave,MASSACHUSETTS Ave & RINDGE Ave,Small,Active
2694,1006,"200 Alewife Brook Pky Site","200 Alewife Brook Pky",Small,Active
2695,1020,Intersection of KELLY Rd & PlEASANT St,KELLY Rd & PlEASANT St,Medium,Inactive
2696,1023,Intersection of MAIN St & Galileo Galilei Way,MAIN St & Galileo Galilei Way,Small,Active
2697,1030,Intersection of CENTRE St & HANCOCK St,CENTRE St & HANCOCK St,Small,Active
2698,1013,"300 River St Site","300 River St",Medium,Active
2699,1020,"300 CHARLES St Site","300 CHARLES St",Small,Inactive
2700,1016,Intersection of EUSTIS St & HARRIS St,EUSTIS St & HARRIS St,Small,Active
2701,1018,Broadway Site,Broadway,Large,Inactive
2702,1010,Intersection of ANTRIM St & BROADWAY,ANTRIM St & BROADWAY,Medium,Inactive
2703,1028,Highland Park Site,Highland Park,Large,Inactive
2704,1023,"1000 Cambridge St Site","1000 Cambridge St",Large,Active
2705,1008,Intersection of WENDELL St & Oxford Ave,WENDELL St & Oxford Ave,Large,Active
2706,1018,Intersection of HANCOCK St & Hancock St,HANCOCK St & Hancock St,Small,Inactive
2707,1021,"100 FRANKLIN St Site","100 FRANKLIN St",Small,Active
2708,1001,Intersection of MIDDLESEX St & RINDGE Ave,MIDDLESEX St & RINDGE Ave,Large,Active
2709,1023,Intersection of Fresh Pond Pky & HURON Ave,Fresh Pond Pky & HURON Ave,Large,Active
2710,1008,"200 Putnam Ave Site","200 Putnam Ave",Large,Active
2711,1029,Intersection of PINE St & SCHOOL St,PINE St & SCHOOL St,Small,Active
2712,1006,Intersection of Kinnaird St & River St,Kinnaird St & River St,Large,Inactive
2713,1005,Intersection of MASSACHUSETTS Ave & MEACHAM Rd,MASSACHUSETTS Ave & MEACHAM Rd,Large,Active
2714,1015,Intersection of Allston St & Putnam Ave,Allston St & Putnam Ave,Medium,Active
2715,1022,"100 Rice St Site","100 Rice St",Medium,Inactive
2716,1015,"300 Concord Ave Site","300 Concord Ave",Small,Active
2717,1002,Intersection of KIRKLAND St & MYRTLE Ave,KIRKLAND St & MYRTLE Ave,Medium,Active
2718,1001,Intersection of Galileo Galilei Way & Vassar St,Galileo Galilei Way & Vassar St,Medium,Inactive
2719,1023,"200 Main St Site","200 Main St",Medium,Active
2720,1023,Intersection of CAMBRIDGESIDE Pl & Land Blvd,CAMBRIDGESIDE Pl & Land Blvd,Small,Inactive
2721,1026,Intersection of Porter Sq & Porter Sq,Porter Sq & Porter Sq,Medium,Active
2722,1011,ASH StREET Pl Site,ASH StREET Pl,Small,Inactive
2723,1010,Intersection of JACKSON Pl & Jackson Pl,JACKSON Pl & Jackson Pl,Large,Active
2724,1030,"100 Mount Pleasant St Site","100 Mount Pleasant St",Medium,Active
2725,1018,Intersection of OTIS St & SIXTH St,OTIS St & SIXTH St,Small,Inactive
2726,1018,Intersection of SPRINGFIELD St & Cambridge St,SPRINGFIELD St & Cambridge St,Medium,Inactive
2727,1017,FIELD St Site,FIELD St,Large,Active
2728,1026,Cambridge Ter Site,Cambridge Ter,Small,Active
2729,1008,Intersection of MASSACHUSETTS Ave & MELLEN St,MASSACHUSETTS Ave & MELLEN St,Small,Active
2730,1015,Sherman St Site,Sherman St,Small,Active
2731,1008,Intersection of CALLENDER St & Hews St,CALLENDER St & Hews St,Large,Active
2732,1017,Magee St Site,Magee St,Large,Active
2733,1012,Intersection of Eaton St & Pine St,Eaton St & Pine St,Large,Active
2734,1027,HENRY St Site,HENRY St,Small,Active
2735,1008,HADLEY St Site,HADLEY St,Large,Active
2736,1025,Hancock Park Site,Hancock Park,Medium,Active
2737,1014,Intersection of JFK St & Brattle St,JFK St & Brattle St,Large,Active
2738,1004,Intersection of EDMUNDS St & Russell Field,EDMUNDS St & Russell Field,Small,Active
2739,1001,MAIN St Site,MAIN St,Medium,Inactive
2740,1001,"100 GRANITE St Site","100 GRANITE St",Large,Active
2741,1019,Intersection of HOLYOKE Pl & Harvard Sq,HOLYOKE Pl & Harvard Sq,Medium,Active
2742,1016,"300 Cambridge St Site","300 Cambridge St",Medium,Active
2743,1014,"500 MASSACHUSETTS Ave Site","500 MASSACHUSETTS Ave",Small,Active
2744,1021,"200 Pearl St Site","200 Pearl St",Medium,Active
2745,1016,"100 BLANCHARD Rd Site","100 BLANCHARD Rd",Medium,Active
2746,1005,Intersection of GREEN St & LANDSDOWNE St,GREEN St & LANDSDOWNE St,Small,Inactive
2747,1009,Intersection of CARDINAL MEDEIROS Ave & MARCELLA St,CARDINAL MEDEIROS Ave & MARCELLA St,Small,Active
2748,1026,River St Site,River St,Small,Active
2749,1030,Everett St Site,Everett St,Medium,Active
2750,1028,YORK Pl Site,YORK Pl,Medium,Inactive
2751,1002,Intersection of JFK St & Eliot St,JFK St & Eliot St,Medium,Active
2752,1018,"600 HURON Ave Site","600 HURON Ave",Small,Inactive
2753,1006,"800 HURON Ave Site","800 HURON Ave",Large,Active
2754,1009,"500 CONCORD Ave Site","500 CONCORD Ave",Medium,Active
2755,1001,Intersection of BROOKLINE St & PILGRIM St,BROOKLINE St & PILGRIM St,Large,Active
2756,1009,Temple St Site,Temple St,Small,Active
2757,1025,Intersection of SCOTT St & Bryant St,SCOTT St & Bryant St,Medium,Inactive
2758,1016,Intersection of ELM St & HAMPSHIRE St,ELM St & HAMPSHIRE St,Large,Active
2759,1013,"500 MASSACHUSETTS Ave Site","500 MASSACHUSETTS Ave",Medium,Inactive
2760,1009,PEARL St Site,PEARL St,Medium,Active
2761,1021,WHITE St Site,WHITE St,Medium,Inactive
2762,1013,BREWER St Site,BREWER St,Large,Inactive
2763,1009,"200 Windsor St Site","200 Windsor St",Small,Inactive
2764,1011,"100 HAYES St Site","100 HAYES St",Medium,Active
2765,1004,Intersection of WHITTEMORE Ave & Whittemore Ave,WHITTEMORE Ave & Whittemore Ave,Small,Inactive
2766,1002,Intersection of MASSACHUSETTS Ave & Church St,MASSACHUSETTS Ave & Church St,Small,Active
2767,1029,Intersection of Massachusetts Ave & Church St,Massachusetts Ave & Church St,Large,Active
2768,1006,Intersection of FOLLEN St & WATERHOUSE St,FOLLEN St & WATERHOUSE St,Large,Inactive
2769,1014,WINTHROP St Site,WINTHROP St,Small,Active
2770,1004,GIBSON Ter Site,GIBSON Ter,Medium,Inactive
2771,1006,Intersection of TECHNOLOGY Sq & Technology Sq,TECHNOLOGY Sq & Technology Sq,Large,Active
2772,1019,"200 TECHNOLOGY Sq Site","200 TECHNOLOGY Sq",Medium,Inactive
2773,1006,"300 Rindge Ave Site","300 Rindge Ave",Medium,Inactive
2774,1002,Intersection of MASSACHUSETTS Ave & Central Sq,MASSACHUSETTS Ave & Central Sq,Medium,Active
2775,1018,Intersection of BRATTLE St & StORY St,BRATTLE St & StORY St,Small,Active
2776,1013,Intersection of JARVIS St & MASSACHUSETTS Ave,JARVIS St & MASSACHUSETTS Ave,Medium,Active
2777,1009,Intersection of ST PAUL St & Prospect St,ST PAUL St & Prospect St,Small,Active
2778,1023,Intersection of BINNEY St & LAND BLVD,BINNEY St & LAND BLVD,Small,Active
2779,1019,"600 HURON Ave Site","600 HURON Ave",Medium,Inactive
2780,1013,Intersection of CAMBRIDGESIDE Pl & First St,CAMBRIDGESIDE Pl & First St,Medium,Inactive
2781,1011,Intersection of CAMBRIDGE St & Tremont St,CAMBRIDGE St & Tremont St,Medium,Active
2782,1001,Bishop Allen Dr Site,Bishop Allen Dr,Medium,Active
2783,1024,Intersection of PORTER St & WARREN St,PORTER St & WARREN St,Small,Active
2784,1030,Intersection of INMAN St & HARVARD St,INMAN St & HARVARD St,Medium,Active
2785,1022,Intersection of HOWARD St & RIVER St,HOWARD St & RIVER St,Medium,Inactive
2786,1007,"200 Sidney St Site","200 Sidney St",Small,Inactive
2787,1025,Intersection of Mooney St & CAMBRIDGEPARK DR,Mooney St & CAMBRIDGEPARK DR,Large,Active
2788,1021,Intersection of REED St & RINDGE Ave,REED St & RINDGE Ave,Large,Active
2789,1015,Intersection of MASSACHUSETTS Ave & TROWBRIDGE St,MASSACHUSETTS Ave & TROWBRIDGE St,Small,Active
2790,1001,"300 DUDLEY St Site","300 DUDLEY St",Large,Active
2791,1012,Earhart St Site,Earhart St,Small,Active
2792,1026,"300 GARDEN St Site","300 GARDEN St",Medium,Active
2793,1007,Intersection of GREEN St & Hancock St,GREEN St & Hancock St,Medium,Inactive
2794,1015,Intersection of CENTRE St & DANA St,CENTRE St & DANA St,Large,Active
2795,1021,BELLIS CT Site,BELLIS CT,Medium,Inactive
2796,1019,Intersection of CHALK St & MAGAZINE St,CHALK St & MAGAZINE St,Large,Inactive
2797,1028,"100 Washington St Site","100 Washington St",Large,Inactive
2798,1029,Intersection of BROOKLINE St & PACIFIC St,BROOKLINE St & PACIFIC St,Medium,Inactive
2799,1025,Intersection of MASSACHUSETTS Ave & REMINGTON St,MASSACHUSETTS Ave & REMINGTON St,Medium,Active
2800,1001,Intersection of Callender St & Hews St,Callender St & Hews St,Large,Active
2801,1017,Intersection of MASSACHUSETTS Ave & Main St,MASSACHUSETTS Ave & Main St,Medium,Active
2802,1017,Marney St Site,Marney St,Small,Inactive
2803,1003,"500 ROOSEVELT TOWERS Site","500 ROOSEVELT TOWERS",Medium,Inactive
2804,1012,"200 BERKSHIRE St Site","200 BERKSHIRE St",Medium,Active
2805,1006,Intersection of BROADWAY & MAPLE Ave,BROADWAY & MAPLE Ave,Small,Active
2806,1026,"100 MEMORIAL DR Site","100 MEMORIAL DR",Medium,Inactive
2807,1011,Intersection of PEABODY St & Harvard Sq,PEABODY St & Harvard Sq,Medium,Active
2808,1003,MIFFLIN Pl Site,MIFFLIN Pl,Large,Active
2809,1008,Intersection of Walden Square Rd & Walden Square Rd,Walden Square Rd & Walden Square Rd,Medium,Active
2810,1014,Intersection of TEMPLE St & Massachusetts Ave,TEMPLE St & Massachusetts Ave,Medium,Active
2811,1014,Intersection of WALDEN SqUARE Rd & Walden Square Rd,WALDEN SqUARE Rd & Walden Square Rd,Small,Active
2812,1010,"400 PROSPECT St Site","400 PROSPECT St",Large,Active
2813,1002,PEARL StREET Pl Site,PEARL StREET Pl,Large,Active
2814,1014,Granite St Site,Granite St,Large,Inactive
2815,1009,"100 WHITE St Site","100 WHITE St",Medium,Active
2816,1003,Intersection of Auburn St & Auburn St,Auburn St & Auburn St,Large,Active
2817,1021,"200 Brookline St Site","200 Brookline St",Small,Active
2818,1026,Intersection of Fulkerson St & Cambridge St,Fulkerson St & Cambridge St,Large,Inactive
2819,1008,Intersection of FIFTH St & Thorndike St,FIFTH St & Thorndike St,Small,Active
2820,1016,Intersection of ELMWOOD Ave & TRAILL St,ELMWOOD Ave & TRAILL St,Large,Active
2821,1002,Intersection of BOWDOIN St & LINNAEAN St,BOWDOIN St & LINNAEAN St,Large,Active
2822,1006,Intersection of HARVARD St & Windsor St,HARVARD St & Windsor St,Small,Active
2823,1028,Intersection of MONTAGUE St & RIVER St,MONTAGUE St & RIVER St,Large,Inactive
2824,1021,Intersection of MASSACHUSETTS Ave & SACRAMENTO St,MASSACHUSETTS Ave & SACRAMENTO St,Large,Inactive
2825,1029,MORRISON CT Site,MORRISON CT,Large,Active
2826,1026,Allen St Site,Allen St,Medium,Active
2827,1025,Intersection of ABERDEEN Ave & Mount Auburn St,ABERDEEN Ave & Mount Auburn St,Small,Inactive
2828,1012,Intersection of MASSACHUSETTS Ave & Central Sq,MASSACHUSETTS Ave & Central Sq,Large,Active
2829,1005,Intersection of HARVARD Sq & JFK St,HARVARD Sq & JFK St,Small,Active
2830,1002,ARCADIA St Site,ARCADIA St,Small,Active
2831,1016,Gore Street Park Site,Gore Street Park,Small,Inactive
2832,1005,Intersection of ALBERTA Ter & MASSACHUSETTS Ave,ALBERTA Ter & MASSACHUSETTS Ave,Large,Active
2833,1015,Intersection of HANCOCK St & Hancock St,HANCOCK St & Hancock St,Large,Active
2834,1012,"300 Washington St Site","300 Washington St",Small,Active
2835,1004,AMORY St Site,AMORY St,Medium,Active
2836,1015,Intersection of MASSACHUSETTS Ave & PROSPECT St,MASSACHUSETTS Ave & PROSPECT St,Small,Active
2837,1011,Intersection of FAINWOOD CIR & Fayette St,FAINWOOD CIR & Fayette St,Medium,Active
2838,1016,Intersection of LEONARD Ave & Cambridge St,LEONARD Ave & Cambridge St,Small,Inactive
2839,1023,Intersection of Harvard St & Market St,Harvard St & Market St,Small,Inactive
2840,1006,Intersection of Hingham St & Memorial Dr,Hingham St & Memorial Dr,Small,Active
2841,1014,Intersection of BLANCHE St & MASSACHUSETTS Ave,BLANCHE St & MASSACHUSETTS Ave,Large,Active
2842,1018,Intersection of LINNAEAN St & RAYMOND St,LINNAEAN St & RAYMOND St,Medium,Active
2843,1012,Intersection of HURON Ave & Sherman St,HURON Ave & Sherman St,Medium,Active
2844,1027,Main St Site,Main St,Small,Inactive
2845,1011,Intersection of Clinton St & Clinton St,Clinton St & Clinton St,Large,Active
2846,1013,Intersection of GARDEN St & StEARNS St,GARDEN St & StEARNS St,Large,Inactive
2847,1021,Intersection of HURON Ave & ROYAL Ave,HURON Ave & ROYAL Ave,Medium,Inactive
2848,1023,Intersection of CLINTON St & MASSACHUSETTS Ave,CLINTON St & MASSACHUSETTS Ave,Large,Active
2849,1011,Intersection of MASSACHUSETTS Ave & WATERHOUSE St,MASSACHUSETTS Ave & WATERHOUSE St,Medium,Active
2850,1023,Intersection of Mount Auburn St & WINTHROP St,Mount Auburn St & WINTHROP St,Medium,Active
2851,1016,HUBBARD PARK Rd Site,HUBBARD PARK Rd,Medium,Active
2852,1015,"100 Smith Pl Site","100 Smith Pl",Large,Inactive
2853,1021,"800 SOMERVILLE Ave Site","800 SOMERVILLE Ave",Medium,Active
2854,1028,Intersection of EAST St & Monsignor OBrien Hwy,EAST St & Monsignor OBrien Hwy,Medium,Active
2855,1015,"400 KENDALL St Site","400 KENDALL St",Small,Active
2856,1025,Intersection of OSBORN St & Main St,OSBORN St & Main St,Medium,Active
2857,1004,Kendall Sq Site,Kendall Sq,Medium,Active
2858,1011,Auburn Park Site,Auburn Park,Small,Active
2859,1019,Intersection of FIELD St & HAZEL St,FIELD St & HAZEL St,Small,Active
2860,1015,Intersection of COLUMBIA Ter & Columbia St,COLUMBIA Ter & Columbia St,Large,Active
2861,1004,Intersection of MASSACHUSETTS Ave & Clarendon Ave,MASSACHUSETTS Ave & Clarendon Ave,Medium,Active
2862,1021,Intersection of PALMER St & Brattle St,PALMER St & Brattle St,Large,Active
2863,1013,Intersection of Mount Auburn St & PlYMPTON St,Mount Auburn St & PlYMPTON St,Large,Active
2864,1022,Cambridge Common Site,Cambridge Common,Small,Active
2865,1019,"100 Walden St Site","100 Walden St",Large,Inactive
2866,1002,Intersection of ANTRIM St & CAMBRIDGE St,ANTRIM St & CAMBRIDGE St,Medium,Active
2867,1014,Intersection of Broadway & Galileo Galilei Way,Broadway & Galileo Galilei Way,Small,Active
2868,1029,Intersection of ELIOT St & JFK St,ELIOT St & JFK St,Medium,Active
2869,1004,"200 Harvard St Site","200 Harvard St",Medium,Active
2870,1016,"700 TECHNOLOGY Sq Site","700 TECHNOLOGY Sq",Small,Inactive
2871,1021,Intersection of CUSHING St & Cushing St,CUSHING St & Cushing St,Medium,Active
2872,1020,Intersection of Corcoran Park & Corcoran Park,Corcoran Park & Corcoran Park,Small,Inactive
2873,1014,Intersection of Mount Pleasant St & UPLAND Rd,Mount Pleasant St & UPLAND Rd,Medium,Inactive
2874,1027,Intersection of FRANKLIN St & LANDSDOWNE St,FRANKLIN St & LANDSDOWNE St,Small,Inactive
2875,1029,Intersection of EDUCATION St & North Point Blvd,EDUCATION St & North Point Blvd,Large,Active
2876,1015,Kendall Sq MBTA Stat Site,Kendall Sq MBTA Stat,Medium,Inactive
2877,1028,WALDEN MEWS Site,WALDEN MEWS,Small,Inactive
2878,1003,"100 Essex St Site","100 Essex St",Medium,Active
2879,1008,Intersection of NORFOLK St & WASHINGTON St,NORFOLK St & WASHINGTON St,Medium,Active
2880,1016,Massachusetts Ave Site,Massachusetts Ave,Medium,Active
2881,1010,Intersection of CHESTER St & MASSACHUSETTS Ave,CHESTER St & MASSACHUSETTS Ave,Small,Active
2882,1004,Intersection of HIGH St & Park Ave,HIGH St & Park Ave,Large,Active
2883,1030,Intersection of Windsor St & Harvard St,Windsor St & Harvard St,Large,Active
2884,1018,"600 MASSACHUSETTS Ave Site","600 MASSACHUSETTS Ave",Large,Active
2885,1002,Intersection of CONCORD Ave & CORPORAL BURNS Rd,CONCORD Ave & CORPORAL BURNS Rd,Small,Active
2886,1017,DICKINSON St Site,DICKINSON St,Large,Active
2887,1013,WATERMAN Rd Site,WATERMAN Rd,Small,Active
2888,1004,Intersection of BROADWAY & Cambridge St,BROADWAY & Cambridge St,Medium,Active
2889,1026,"100 JACKSON St Site","100 JACKSON St",Medium,Active
2890,1025,GOODMAN Rd Site,GOODMAN Rd,Large,Active
2891,1030,Intersection of CAMBRIDGE St & PRESCOTT St,CAMBRIDGE St & PRESCOTT St,Small,Active
2892,1011,Intersection of GORE St & Monsignor OBrien Hwy,GORE St & Monsignor OBrien Hwy,Medium,Inactive
2893,1007,Intersection of ARROW St & MASSACHUSETTS Ave,ARROW St & MASSACHUSETTS Ave,Small,Active
2894,1012,WALKER Ter Site,WALKER Ter,Small,Inactive
2895,1010,Lopez St Site,Lopez St,Medium,Active
2896,1007,Intersection of BRATTLE St & JFK St,BRATTLE St & JFK St,Small,Inactive
2897,1013,Intersection of OTIS St & Sciarappa St,OTIS St & Sciarappa St,Medium,Active
2898,1007,Brookline St Site,Brookline St,Medium,Active
2899,1024,Harvard Sq Site,Harvard Sq,Medium,Inactive
2900,1017,Intersection of ELIOT St & WINTHROP St,ELIOT St & WINTHROP St,Small,Active
2901,1010,"100 TREMONT St Site","100 TREMONT St",Medium,Active
2902,1029,Intersection of LOCKE St & SHEA Rd,LOCKE St & SHEA Rd,Small,Inactive
2903,1010,Porter Sq Site,Porter Sq,Medium,Active
2904,1024,"100 Elm St Site","100 Elm St",Medium,Active
2905,1004,Intersection of SCOUTING WAY & Harvard St,SCOUTING WAY & Harvard St,Large,Active
2906,1020,Intersection of MASSACHUSETTS Ave & WINDSOR St,MASSACHUSETTS Ave & WINDSOR St,Large,Active
2907,1004,Intersection of CHURCH St & MASSACHUSETTS Ave,CHURCH St & MASSACHUSETTS Ave,Large,Inactive
2908,1022,Intersection of LINDEN St & Mount Auburn St,LINDEN St & Mount Auburn St,Small,Inactive
2909,1007,Intersection of BRATTLE St & MASSACHUSETTS Ave,BRATTLE St & MASSACHUSETTS Ave,Small,Inactive
2910,1022,"100 Dana St Site","100 Dana St",Medium,Active
2911,1001,Intersection of DECATUR St & Decatur St,DECATUR St & Decatur St,Medium,Inactive
2912,1012,Intersection of Kendall Sq MBTA Stat & Kendall Sq MBTA Stat,Kendall Sq MBTA Stat & Kendall Sq MBTA Stat,Medium,Active
2913,1024,"200 Vassal Ln Site","200 Vassal Ln",Medium,Inactive
2914,1013,Intersection of Porter Sq MBTA Stat & Porter Sq MBTA Stat,Porter Sq MBTA Stat & Porter Sq MBTA Stat,Small,Active
2915,1010,Intersection of FARWELL Pl & Farwell Pl,FARWELL Pl & Farwell Pl,Medium,Active
2916,1015,"600 Mount Auburn Pl Site","600 Mount Auburn Pl",Medium,Active
2917,1027,Intersection of KIMBALL LN & Hollis St,KIMBALL LN & Hollis St,Large,Active
2918,1013,Intersection of OXFORD St & WENDELL St,OXFORD St & WENDELL St,Medium,Active
2919,1023,Intersection of HARVEY St & MASSACHUSETTS Ave,HARVEY St & MASSACHUSETTS Ave,Medium,Inactive
2920,1022,Intersection of BRATTLE St & RIEDESEL Ave,BRATTLE St & RIEDESEL Ave,Medium,Active
2921,1022,Intersection of Church St & Church St,Church St & Church St,Small,Inactive
2922,1021,Intersection of GLENWOOD Ave & MAGAZINE St,GLENWOOD Ave & MAGAZINE St,Large,Inactive
2923,1022,Intersection of THORNDIKE WAY & Canal Park,THORNDIKE WAY & Canal Park,Medium,Active
2924,1028,Intersection of ASH St & BRATTLE St,ASH St & BRATTLE St,Medium,Active
2925,1009,"1400 MASSACHUSETTS Ave Site","1400 MASSACHUSETTS Ave",Large,Active
2926,1026,"600 MEMORIAL DR Site","600 MEMORIAL DR",Medium,Active
2927,1009,Intersection of BISHOP ALLEN DR & NORFOLK St,BISHOP ALLEN DR & NORFOLK St,Small,Active
2928,1015,Intersection of Ballord Pl & Putnam Ave,Ballord Pl & Putnam Ave,Medium,Active
2929,1010,Intersection of HARVARD St & MOORE St,HARVARD St & MOORE St,Small,Inactive
2930,1024,Intersection of EDUCATION St & Education St,EDUCATION St & Education St,Small,Active
2931,1026,"100 Gerrys Landing Site","100 Gerrys Landing",Medium,Active
2932,1025,CENTRAL Sq Site,CENTRAL Sq,Large,Active
2933,1029,"200 CUSHING St Site","200 CUSHING St",Small,Active
2934,1010,"100 COTTAGE St Site","100 COTTAGE St",Large,Inactive
2935,1008,Intersection of MASSACHUSETTS Ave & Prospect St,MASSACHUSETTS Ave & Prospect St,Medium,Active
2936,1024,Intersection of ASH St & Memorial Dr,ASH St & Memorial Dr,Small,Active
2937,1016,Intersection of EARHART St & Earhart St,EARHART St & Earhart St,Medium,Active
2938,1017,Intersection of HAYWARD St & MAIN St,HAYWARD St & MAIN St,Large,Active
2939,1026,Intersection of North Point Blvd & EDUCATION St,North Point Blvd & EDUCATION St,Medium,Active
2940,1027,Intersection of Cambridge St & Hampshire St,Cambridge St & Hampshire St,Medium,Active
2941,1005,Intersection of CHERRY St & MAIN St,CHERRY St & MAIN St,Small,Active
2942,1004,Intersection of Osborn St & Albany St,Osborn St & Albany St,Medium,Active
2943,1018,Intersection of BROOKLINE St & GRANITE St,BROOKLINE St & GRANITE St,Medium,Active
2944,1024,"200 HOLDEN GREEN Site","200 HOLDEN GREEN",Medium,Inactive
2945,1019,"100 TUFTS St Site","100 TUFTS St",Small,Active
2946,1004,Bow St Site,Bow St,Large,Inactive
2947,1028,Holyoke St Site,Holyoke St,Large,Active
2948,1007,Intersection of BERKSHIRE St & Donnelly Field,BERKSHIRE St & Donnelly Field,Medium,Active
2949,1010,Intersection of VANDINE St & Vandine St,VANDINE St & Vandine St,Small,Active
2950,1025,Intersection of HEWS St & WESTERN Ave,HEWS St & WESTERN Ave,Medium,Active
2951,1018,Intersection of PUTNAM Ave & Kinnaird St,PUTNAM Ave & Kinnaird St,Large,Active
2952,1019,Intersection of Hingham St & Elmer St,Hingham St & Elmer St,Small,Active
2953,1004,"200 Fresh Pond Pky Site","200 Fresh Pond Pky",Large,Inactive
2954,1010,New St Site,New St,Large,Active
2955,1001,Intersection of BERKELEY St & GARDEN St,BERKELEY St & GARDEN St,Small,Active
2956,1023,Intersection of CAMBRIDGE St & IRVING St,CAMBRIDGE St & IRVING St,Small,Active
2957,1018,Intersection of LEONARD Ave & LINE St,LEONARD Ave & LINE St,Medium,Active
2958,1005,Intersection of GORE St & GORE StREET Pl,GORE St & GORE StREET Pl,Medium,Inactive
2959,1015,Intersection of Alewife Brook Pky & MASSACHUSETTS Ave,Alewife Brook Pky & MASSACHUSETTS Ave,Large,Inactive
2960,1017,OLIVE Pl Site,OLIVE Pl,Small,Active
2961,1003,Intersection of NORTH POINT BLVD & EARHART St,NORTH POINT BLVD & EARHART St,Small,Active
2962,1012,HAMPSHIRE CT Site,HAMPSHIRE CT,Medium,Active
2963,1002,"400 Broadway Site","400 Broadway",Large,Active
2964,1001,Intersection of ALLSTON St & Pearl St,ALLSTON St & Pearl St,Large,Active
2965,1023,Intersection of Cambridge Common & Cambridge Common,Cambridge Common & Cambridge Common,Medium,Inactive
2966,1021,Intersection of FIRST St & Thorndike St,FIRST St & Thorndike St,Small,Active
2967,1017,Intersection of ELIOT St & WINTHROP St,ELIOT St & WINTHROP St,Medium,Active
2968,1022,"100 CRESCENT St Site","100 CRESCENT St",Medium,Active
2969,1016,Intersection of Buckingham St & Healey St,Buckingham St & Healey St,Medium,Active
2970,1005,"100 ROBERTS Rd Site","100 ROBERTS Rd",Medium,Inactive
2971,1015,DOANE St Site,DOANE St,Small,Active
2972,1003,Intersection of Bay St & Franklin St,Bay St & Franklin St,Medium,Active
2973,1028,Intersection of HAMPSHIRE St & Webster Ave,HAMPSHIRE St & Webster Ave,Small,Active
2974,1007,Broadway Site,Broadway,Medium,Active
2975,1011,Intersection of Columbia Ter & Clement Morgan Park,Columbia Ter & Clement Morgan Park,Large,Active
2976,1010,Intersection of ESSEX St & HARVARD St,ESSEX St & HARVARD St,Small,Active
2977,1009,Intersection of BELMONT St & ERICSSON St,BELMONT St & ERICSSON St,Large,Active
2978,1014,AMHERST St Site,AMHERST St,Medium,Active
2979,1013,"200 MAIN St Site","200 MAIN St",Medium,Inactive
2980,1029,Intersection of SEVENTH St & SPRING St,SEVENTH St & SPRING St,Medium,Inactive
2981,1025,"100 Technology Sq Site","100 Technology Sq",Small,Active
2982,1030,"700 Cambridge St Site","700 Cambridge St",Large,Active
2983,1025,"100 Avon Hill St Site","100 Avon Hill St",Small,Inactive
2984,1002,FRANCIS Ave Site,FRANCIS Ave,Small,Active
2985,1003,Intersection of GILMORE St & Hoyt Field,GILMORE St & Hoyt Field,Medium,Active
2986,1007,Intersection of HENRY St & Brookline St,HENRY St & Brookline St,Large,Active
2987,1021,Intersection of AVON St & Linnaean St,AVON St & Linnaean St,Medium,Inactive
2988,1018,Intersection of BRATTLE St & MERCER CIR,BRATTLE St & MERCER CIR,Small,Active
2989,1003,Intersection of MASSACHUSETTS Ave & Massachusetts Ave,MASSACHUSETTS Ave & Massachusetts Ave,Medium,Active
2990,1010,Intersection of Mount Auburn St & StORY St,Mount Auburn St & StORY St,Large,Active
2991,1022,"100 Putnam Ave Site","100 Putnam Ave",Medium,Active
2992,1029,Intersection of MAGAZINE St & MASSACHUSETTS Ave,MAGAZINE St & MASSACHUSETTS Ave,Large,Active
2993,1007,AVON Pl Site,AVON Pl,Large,Active
2994,1009,Intersection of CHERRY St & EATON St,CHERRY St & EATON St,Medium,Active
2995,1017,MICHAEL WAY Site,MICHAEL WAY,Small,Active
2996,1011,Intersection of APPLETON St & HURON Ave,APPLETON St & HURON Ave,Medium,Active
2997,1007,"100 SAVILLE St Site","100 SAVILLE St",Small,Active
2998,1024,WINTER St Site,WINTER St,Small,Active
2999,1028,Intersection of HIGHLAND St & SPARKS St,HIGHLAND St & SPARKS St,Medium,Active
3000,1014,Intersection of Franklin St & Magazine St,Franklin St & Magazine St,Small,Inactive
3001,1019,Intersection of GOLD StAR Rd & MASSACHUSETTS Ave,GOLD StAR Rd & MASSACHUSETTS Ave,Small,Active
3002,1004,Intersection of First St & Cambridgeside Pl,First St & Cambridgeside Pl,Medium,Active
3003,1026,Intersection of FRANKLIN St & Brookline Pl,FRANKLIN St & Brookline Pl,Medium,Inactive
3004,1006,Intersection of PORTER Sq & Porter Sq,PORTER Sq & Porter Sq,Medium,Active
3005,1010,"100 Cambridge St Site","100 Cambridge St",Small,Inactive
3006,1007,Intersection of HAMPSHIRE St & Portland St,HAMPSHIRE St & Portland St,Large,Active
3007,1013,Intersection of MASSACHUSETTS Ave & PlEASANT St,MASSACHUSETTS Ave & PlEASANT St,Small,Inactive
3008,1014,Intersection of OSBORN St & Albany St,OSBORN St & Albany St,Large,Active
3009,1004,"100 Erie St Site","100 Erie St",Medium,Inactive
3010,1008,Intersection of PEARL St & TUFTS St,PEARL St & TUFTS St,Large,Inactive
3011,1005,Intersection of First St & Hurley St,First St & Hurley St,Medium,Active
3012,1001,Intersection of LOPEZ St & PEARL St,LOPEZ St & PEARL St,Medium,Active
3013,1004,Intersection of Richard Ave & Massachusetts Ave,Richard Ave & Massachusetts Ave,Large,Active
3014,1003,WELLINGTON LN Site,WELLINGTON LN,Medium,Inactive
3015,1009,BERKELEY Pl Site,BERKELEY Pl,Large,Active
3016,1008,Intersection of Ash St & Mount Auburn St,Ash St & Mount Auburn St,Medium,Inactive
3017,1001,Intersection of Brattle St & Sparks St,Brattle St & Sparks St,Small,Active
3018,1027,LEIGHTON St Site,LEIGHTON St,Small,Inactive
3019,1006,"200 Hancock St Site","200 Hancock St",Medium,Active
3020,1009,Intersection of HADLEY St & MASSACHUSETTS Ave,HADLEY St & MASSACHUSETTS Ave,Medium,Inactive
3021,1007,MERCER CIR Site,MERCER CIR,Large,Inactive
3022,1004,Intersection of FLAGG St & Banks St,FLAGG St & Banks St,Small,Active
3023,1013,"300 Third St Site","300 Third St",Large,Active
3024,1017,Intersection of INDUSTRIAL PARK Rd & NORTH POINT BLVD,INDUSTRIAL PARK Rd & NORTH POINT BLVD,Medium,Active
3025,1028,NORTH POINT BLVD Site,NORTH POINT BLVD,Medium,Inactive
3026,1002,Intersection of Waterhouse St & Waterhouse St,Waterhouse St & Waterhouse St,Large,Active
3027,1028,Intersection of FARRAR St & HOLDEN GREEN,FARRAR St & HOLDEN GREEN,Medium,Inactive
3028,1005,"400 Green St Site","400 Green St",Small,Inactive
3029,1012,Clary St Site,Clary St,Large,Active
3030,1027,HASTINGS Sq Site,HASTINGS Sq,Small,Active
3031,1021,Intersection of Prospect St & Harvard St,Prospect St & Harvard St,Small,Active
3032,1008,Intersection of Elm Street North & MILLER Ave,Elm Street North & MILLER Ave,Small,Active
3033,1006,Holworthy St Site,Holworthy St,Large,Active
3034,1008,BOW St Site,BOW St,Medium,Active
3035,1018,Intersection of HURLEY St & SCIARAPPA St,HURLEY St & SCIARAPPA St,Small,Active
3036,1003,"100 Sciarappa St Site","100 Sciarappa St",Small,Active
3037,1022,Intersection of HURLEY St & SIXTH St,HURLEY St & SIXTH St,Small,Active
3038,1012,Intersection of BENT St & Fulkerson St,BENT St & Fulkerson St,Medium,Active
3039,1029,"400 MASSACHUSETTS Ave Site","400 MASSACHUSETTS Ave",Medium,Inactive
3040,1026,Intersection of Brookline Pl & Brookline Pl,Brookline Pl & Brookline Pl,Large,Inactive
3041,1003,Intersection of MASSACHUSETTS Ave & Massachusetts Ave,MASSACHUSETTS Ave & Massachusetts Ave,Medium,Active
3042,1022,Education St Site,Education St,Large,Active
3043,1006,"400 Massachusetts Ave Site","400 Massachusetts Ave",Large,Active
3044,1002,Intersection of FAWCETT St & Concord Ave,FAWCETT St & Concord Ave,Large,Inactive
3045,1023,Intersection of AVON HILL St & LINNAEAN St,AVON HILL St & LINNAEAN St,Large,Active
3046,1012,Intersection of CHANNING St & Mount Auburn St,CHANNING St & Mount Auburn St,Large,Active
3047,1002,Intersection of CHALK St & Pleasant St,CHALK St & Pleasant St,Small,Active
3048,1006,"100 Elm Street North Site","100 Elm Street North",Medium,Active
3049,1017,"100 Clarendon Ave Site","100 Clarendon Ave",Small,Active
3050,1003,Intersection of MARTIN St & WRIGHT St,MARTIN St & WRIGHT St,Large,Inactive
3051,1002,Intersection of RIVER St & WESTERN Ave,RIVER St & WESTERN Ave,Medium,Active
3052,1023,"1300 MASSACHUSETTS Ave Site","1300 MASSACHUSETTS Ave",Small,Active
3053,1030,Remington St Site,Remington St,Small,Active
3054,1020,BRATTLE St Site,BRATTLE St,Large,Active
3055,1008,Bay State Rd Site,Bay State Rd,Small,Inactive
3056,1022,Intersection of HILLIARD St & Fuller Pl,HILLIARD St & Fuller Pl,Small,Inactive
3057,1012,Intersection of Galileo Galilei Way & MAIN St,Galileo Galilei Way & MAIN St,Small,Active
3058,1026,MANASSAS Ave Site,MANASSAS Ave,Small,Active
3059,1004,Intersection of Second St & Gore St,Second St & Gore St,Small,Active
3060,1005,Bigelow St Site,Bigelow St,Large,Active
3061,1013,"600 MASSACHUSETTS Ave Site","600 MASSACHUSETTS Ave",Large,Active
3062,1029,Intersection of Washington St & Washington St,Washington St & Washington St,Small,Inactive
3063,1015,Intersection of CALLENDER St & HEWS St,CALLENDER St & HEWS St,Large,Active
3064,1025,POND Pl Site,POND Pl,Large,Active
3065,1023,Intersection of BANKS St & Mount Auburn St,BANKS St & Mount Auburn St,Medium,Active
3066,1016,Intersection of MASSACHUSETTS Ave & WESTERN Ave,MASSACHUSETTS Ave & WESTERN Ave,Small,Active
3067,1010,KIMBALL St Site,KIMBALL St,Large,Active
3068,1030,Intersection of CENTRE St & Hancock St,CENTRE St & Hancock St,Large,Inactive
3069,1030,"200 Huron Ave Site","200 Huron Ave",Small,Inactive
3070,1025,MASSACHUSETTS Ave Site,MASSACHUSETTS Ave,Medium,Active
3071,1023,Intersection of CHARLES St & Fulkerson St,CHARLES St & Fulkerson St,Small,Active
3072,1016,KENWAY St Site,KENWAY St,Medium,Active
3073,1012,Intersection of SEVENTH St & THORNDIKE St,SEVENTH St & THORNDIKE St,Small,Inactive
3074,1017,Intersection of STATE St & VILLAGE St,STATE St & VILLAGE St,Small,Active
3075,1016,Intersection of ALLSTON St & PlEASANT St,ALLSTON St & PlEASANT St,Small,Active
3076,1012,Intersection of Landsdowne St & Pacific St,Landsdowne St & Pacific St,Small,Active
3077,1008,Intersection of Concord Ave & Fayerweather St,Concord Ave & Fayerweather St,Medium,Active
3078,1020,Intersection of MASSACHUSETTS Ave & PUTNAM Ave,MASSACHUSETTS Ave & PUTNAM Ave,Medium,Active
3079,1003,Intersection of GORHAM St & WENDELL St,GORHAM St & WENDELL St,Large,Active
3080,1016,Intersection of MASSACHUSETTS Ave & Rindge Ave,MASSACHUSETTS Ave & Rindge Ave,Small,Active
3081,1030,Intersection of THIRD St & WINTER St,THIRD St & WINTER St,Medium,Active
3082,1013,"300 GROVE St Site","300 GROVE St",Medium,Active
3083,1023,"100 Franklin St Site","100 Franklin St",Medium,Active
3084,1028,Intersection of CAMBRIDGE St & OAK St,CAMBRIDGE St & OAK St,Small,Inactive
3085,1019,Intersection of FAIRFIELD St & PEMBERTON St,FAIRFIELD St & PEMBERTON St,Large,Active
3086,1008,Intersection of Pemberton St & Fairfield St,Pemberton St & Fairfield St,Medium,Active
3087,1022,Intersection of FROST St & ROSELAND St,FROST St & ROSELAND St,Small,Inactive
3088,1005,Intersection of Seventh St & Thorndike St,Seventh St & Thorndike St,Medium,Inactive
3089,1020,"100 Raymond St Site","100 Raymond St",Medium,Active
3090,1008,Intersection of Putnam Ave & Pearl St,Putnam Ave & Pearl St,Large,Active
3091,1024,Intersection of NORFOLK St & Norfolk St,NORFOLK St & Norfolk St,Medium,Active
3092,1012,"300 HAMPSHIRE St Site","300 HAMPSHIRE St",Medium,Active
3093,1001,Cambridge Pky Site,Cambridge Pky,Small,Active
3094,1025,Intersection of BAY St & KINNAIRD St,BAY St & KINNAIRD St,Small,Inactive
3095,1030,Intersection of Vassar St & Main St,Vassar St & Main St,Large,Inactive
3096,1021,Intersection of HARVARD St & Bigelow St,HARVARD St & Bigelow St,Small,Active
3097,1020,HAMPSHIRE St Site,HAMPSHIRE St,Small,Active
3098,1006,CHANNING CIR Site,CHANNING CIR,Large,Active
3099,1022,"300 Haskell St Site","300 Haskell St",Medium,Active
3100,1018,Intersection of Binney St & Fifth St,Binney St & Fifth St,Large,Active
3101,1008,Intersection of Massachusetts Ave & Western Ave,Massachusetts Ave & Western Ave,Small,Active
3102,1007,Thingvalla Ave Site,Thingvalla Ave,Large,Active
3103,1001,Intersection of GARDEN St & WALKER St,GARDEN St & WALKER St,Medium,Active
3104,1021,Intersection of NEWTON St & PUTNAM Ave,NEWTON St & PUTNAM Ave,Large,Active
3105,1016,Intersection of CHARLES St & Third St,CHARLES St & Third St,Small,Active
3106,1012,Leighton St Site,Leighton St,Small,Active
3107,1006,"400 Huron Ave Site","400 Huron Ave",Large,Active
3108,1020,"100 Hampshire St Site","100 Hampshire St",Medium,Active
3109,1002,Ellsworth Ave Site,Ellsworth Ave,Large,Active
3110,1029,Oak St Site,Oak St,Medium,Inactive
3111,1014,Market St Site,Market St,Medium,Active
3112,1004,Bay St Site,Bay St,Large,Active
3113,1001,"100 Pacific St Site","100 Pacific St",Medium,Inactive
3114,1023,Herbert St Site,Herbert St,Small,Inactive
3115,1018,"100 Tremont St Site","100 Tremont St",Large,Active
3116,1013,"200 Newtowne Ct Site","200 Newtowne Ct",Medium,Active
3117,1002,Intersection of Davis St & Harvard St,Davis St & Harvard St,Small,Active
3118,1009,Intersection of DOUGLASS St & Bishop Allen Dr,DOUGLASS St & Bishop Allen Dr,Large,Active
3119,1021,HUDSON Pl Site,HUDSON Pl,Small,Active
3120,1002,"400 Binney St Site","400 Binney St",Small,Active
3121,1027,Intersection of MASSACHUSETTS Ave & Norfolk St,MASSACHUSETTS Ave & Norfolk St,Small,Active
3122,1025,"500 Huron Ave Site","500 Huron Ave",Medium,Active
3123,1009,"100 Landsdowne St Site","100 Landsdowne St",Large,Active
3124,1001,Intersection of Garden St & Linnaean St,Garden St & Linnaean St,Large,Active
3125,1011,"300 Webster Ave Site","300 Webster Ave",Medium,Active
3126,1003,St Johns Rd Site,St Johns Rd,Large,Active
3127,1020,Intersection of HURON Ave & SHERMAN St,HURON Ave & SHERMAN St,Small,Active
3128,1030,Lincoln St Site,Lincoln St,Large,Active
3129,1023,"100 Spring St Site","100 Spring St",Medium,Active
3130,1026,Intersection of MASSACHUSETTS Ave & Pleasant St,MASSACHUSETTS Ave & Pleasant St,Small,Active
3131,1004,RUTLAND St Site,RUTLAND St,Medium,Active
3132,1018,"400 VASSAR St Site","400 VASSAR St",Small,Active
3133,1023,WHITE St Site,WHITE St,Small,Active
3134,1006,"100 Granville Rd Site","100 Granville Rd",Large,Active
3135,1003,"100 Lawn St Site","100 Lawn St",Small,Active
3136,1022,Sciarappa St Site,Sciarappa St,Medium,Inactive
3137,1011,May St Site,May St,Large,Inactive
3138,1015,"100 Sidney St Site","100 Sidney St",Medium,Active
3139,1022,"500 Cambridge St Site","500 Cambridge St",Small,Inactive
3140,1028,"100 BAY StATE Rd Site","100 BAY StATE Rd",Medium,Active
3141,1005,BELVIDERE Pl Site,BELVIDERE Pl,Medium,Active
3142,1020,Intersection of BLAKE St & ORCHARD St,BLAKE St & ORCHARD St,Small,Active
3143,1010,"200 Walden St Site","200 Walden St",Large,Active
3144,1012,Intersection of BRATTLE Sq & Brattle Sq,BRATTLE Sq & Brattle Sq,Medium,Inactive
3145,1015,Intersection of MAIN St & MASSACHUSETTS Ave,MAIN St & MASSACHUSETTS Ave,Small,Active
3146,1017,"100 Scott St Site","100 Scott St",Large,Active
3147,1010,"100 SCOTT St Site","100 SCOTT St",Large,Inactive
3148,1006,Intersection of FARRAR St & SCOTT St,FARRAR St & SCOTT St,Large,Active
3149,1018,Intersection of Follen St & Follen St,Follen St & Follen St,Medium,Active
3150,1013,BRATTLE St Site,BRATTLE St,Medium,Active
3151,1003,Intersection of BISHOP ALLEN DR & MAIN St,BISHOP ALLEN DR & MAIN St,Medium,Active
3152,1030,Intersection of HOLYOKE Pl & Mount Auburn St,HOLYOKE Pl & Mount Auburn St,Large,Active
3153,1024,Intersection of EATON St & PINE St,EATON St & PINE St,Medium,Active
3154,1010,Intersection of ERIE St & Erie St,ERIE St & Erie St,Small,Active
3155,1030,"200 Franklin St Site","200 Franklin St",Medium,Active
3156,1014,Intersection of CAMBRIDGE St & PRESCOTT St,CAMBRIDGE St & PRESCOTT St,Medium,Active
3157,1006,BAY StATE Rd Site,BAY StATE Rd,Large,Active
3158,1003,Intersection of Richdale Ave & UPLAND Rd,Richdale Ave & UPLAND Rd,Medium,Active
3159,1016,Intersection of GARFIELD St & MASSACHUSETTS Ave,GARFIELD St & MASSACHUSETTS Ave,Small,Inactive
3160,1007,Intersection of DAY St & MASSACHUSETTS Ave,DAY St & MASSACHUSETTS Ave,Large,Active
3161,1020,Intersection of JFK St & JFK St,JFK St & JFK St,Small,Inactive
3162,1014,Intersection of Oxford Ave & Wendell St,Oxford Ave & Wendell St,Large,Active
3163,1009,Lakeview Ave Site,Lakeview Ave,Large,Active
3164,1015,Riedesel Ave Site,Riedesel Ave,Medium,Active
3165,1021,DAVENPORT St Site,DAVENPORT St,Small,Active
3166,1003,"100 Auburn Ct Site","100 Auburn Ct",Large,Active
3167,1002,Intersection of Dudley St & Clifton St,Dudley St & Clifton St,Medium,Active
3168,1027,CLEVELAND St Site,CLEVELAND St,Large,Active
3169,1002,Intersection of Huron Ave & Standish St,Huron Ave & Standish St,Large,Active
3170,1003,Intersection of Lincoln St & Lincoln St,Lincoln St & Lincoln St,Large,Inactive
3171,1018,"100 Fresh Pond Ln Site","100 Fresh Pond Ln",Large,Active
3172,1014,Farrell Way Site,Farrell Way,Large,Inactive
3173,1020,Intersection of Massachusetts Ave & Brookline St,Massachusetts Ave & Brookline St,Large,Active
3174,1018,Peabody Ter Site,Peabody Ter,Medium,Active
3175,1010,"900 MASSACHUSETTS Ave Site","900 MASSACHUSETTS Ave",Large,Active
3176,1025,Intersection of HURON Ave & PARK Ave,HURON Ave & PARK Ave,Small,Active
3177,1002,Intersection of HOUGHTON St & Springfield St,HOUGHTON St & Springfield St,Medium,Inactive
3178,1025,Gibson Ter Site,Gibson Ter,Small,Inactive
3179,1029,"100 WASHINGTON St Site","100 WASHINGTON St",Large,Active
3180,1022,GRISWOLD St Site,GRISWOLD St,Small,Inactive
3181,1001,"100 Fifth St Site","100 Fifth St",Large,Active
3182,1004,Intersection of Harvard St & Harvard St,Harvard St & Harvard St,Large,Active
3183,1014,PETERS St Site,PETERS St,Medium,Inactive
3184,1001,Intersection of LINCOLN St & WILLOW St,LINCOLN St & WILLOW St,Medium,Active
3185,1014,"1300 MASSACHUSETTS Ave Site","1300 MASSACHUSETTS Ave",Large,Active
3186,1016,Intersection of MASSACHUSETTS Ave & Western Ave,MASSACHUSETTS Ave & Western Ave,Medium,Inactive
3187,1022,Intersection of Magazine St & Franklin St,Magazine St & Franklin St,Small,Active
3188,1014,"300 Main St Site","300 Main St",Medium,Active
3189,1029,Intersection of APPIAN WAY & Alpine St,APPIAN WAY & Alpine St,Medium,Active
3190,1020,Intersection of PACIFIC St & Pacific St,PACIFIC St & Pacific St,Small,Active
3191,1003,Intersection of Earhart St & North Point Blvd,Earhart St & North Point Blvd,Medium,Active
3192,1003,HILLSIDE Pl Site,HILLSIDE Pl,Large,Active
3193,1009,"100 Belmont St Site","100 Belmont St",Small,Active
3194,1006,"600 Cambridge St Site","600 Cambridge St",Large,Active
3195,1025,Intersection of MASSACHUSETTS Ave & Sidney St,MASSACHUSETTS Ave & Sidney St,Small,Inactive
3196,1013,Intersection of Danehy Park & Alewife Brook Pky,Danehy Park & Alewife Brook Pky,Large,Active
3197,1021,Intersection of Washington Ave & Lancaster St,Washington Ave & Lancaster St,Large,Active
3198,1002,Berkeley St Site,Berkeley St,Medium,Active
3199,1008,Intersection of MASON St & PHILLIPS Pl,MASON St & PHILLIPS Pl,Large,Active
3200,1021,Blair Pl Site,Blair Pl,Medium,Inactive
3201,1002,Intersection of Massachusetts Ave & Harvard Sq,Massachusetts Ave & Harvard Sq,Small,Active
3202,1004,Day St Site,Day St,Large,Active
3203,1025,Intersection of Cedar St & MASSACHUSETTS Ave,Cedar St & MASSACHUSETTS Ave,Large,Active
3204,1015,Intersection of CAMBRIDGE St & Ellery St,CAMBRIDGE St & Ellery St,Small,Active
3205,1004,"100 Sparks St Site","100 Sparks St",Small,Active
3206,1013,Intersection of FENNO St & SHERMAN St,FENNO St & SHERMAN St,Large,Active
3207,1028,Hancock Pl Site,Hancock Pl,Small,Active
3208,1012,"100 OXFORD St Site","100 OXFORD St",Medium,Active
3209,1028,Clinton St Site,Clinton St,Small,Active
3210,1013,Intersection of Putnam Ave & Magazine St,Putnam Ave & Magazine St,Small,Inactive
3211,1014,Intersection of BROOKLINE St & HAMILTON St,BROOKLINE St & HAMILTON St,Large,Active
3212,1020,"600 MASSACHUSETTS Ave Site","600 MASSACHUSETTS Ave",Medium,Inactive
3213,1018,Intersection of THIRD St & THORNDIKE St,THIRD St & THORNDIKE St,Small,Active
3214,1029,Intersection of MAIN St & Massachusetts Ave,MAIN St & Massachusetts Ave,Medium,Inactive
3215,1028,Coolidge Hill Rd Site,Coolidge Hill Rd,Medium,Active
3216,1006,Intersection of MARKET St & Windsor St,MARKET St & Windsor St,Medium,Active
3217,1029,Phillips Pl Site,Phillips Pl,Large,Active
3218,1011,"200 CAMBRIDGE St Site","200 CAMBRIDGE St",Small,Active
3219,1030,Intersection of Linden St & Massachusetts Ave,Linden St & Massachusetts Ave,Large,Active
3220,1002,Intersection of AUBURN St & BROOKLINE St,AUBURN St & BROOKLINE St,Small,Inactive
3221,1028,Intersection of Cambridge Common & Garden St,Cambridge Common & Garden St,Small,Active
3222,1023,Intersection of Willow St & Roosevelt Towers,Willow St & Roosevelt Towers,Large,Inactive
3223,1019,BROWN St Site,BROWN St,Medium,Active
3224,1019,Intersection of WARREN St & Jefferson St,WARREN St & Jefferson St,Medium,Active
3225,1005,Intersection of Massachusetts Ave & Norfolk St,Massachusetts Ave & Norfolk St,Small,Inactive
3226,1019,Tenney St Site,Tenney St,Large,Active
3227,1002,Intersection of ALLSTON St & Peters St,ALLSTON St & Peters St,Medium,Inactive
3228,1010,Intersection of BERKSHIRE St & PlYMOUTH St,BERKSHIRE St & PlYMOUTH St,Medium,Active
3229,1025,Magazine St Site,Magazine St,Small,Active
3230,1002,Intersection of Massachusetts Ave & Rindge Ave,Massachusetts Ave & Rindge Ave,Small,Inactive
3231,1030,Intersection of Watson St & Salem St,Watson St & Salem St,Large,Active
3232,1011,"100 Dana Pl Site","100 Dana Pl",Small,Active
3233,1018,Intersection of Massachusetts Ave & Garden St,Massachusetts Ave & Garden St,Medium,Inactive
3234,1029,"100 Main St Site","100 Main St",Medium,Inactive
3235,1024,"300 Dunster St Site","300 Dunster St",Medium,Active
3236,1015,Intersection of Cambridge St & First St,Cambridge St & First St,Medium,Active
3237,1009,Second St Site,Second St,Large,Active
3238,1023,Rockingham St Site,Rockingham St,Large,Active
3239,1019,"200 Erie St Site","200 Erie St",Small,Active
3240,1009,Intersection of Chauncy St & Garden St,Chauncy St & Garden St,Small,Inactive
3241,1003,"700 Technology Sq Site","700 Technology Sq",Small,Inactive
3242,1021,Intersection of FIFTH St & Bent St,FIFTH St & Bent St,Large,Inactive
3243,1009,Intersection of ELM St & HAMPSHIRE St,ELM St & HAMPSHIRE St,Medium,Active
3244,1028,Intersection of LINNAEAN St & MASSACHUSETTS Ave,LINNAEAN St & MASSACHUSETTS Ave,Small,Active
3245,1030,Intersection of MARKET St & UNION St,MARKET St & UNION St,Medium,Inactive
3246,1014,EARHART St Site,EARHART St,Small,Active
3247,1019,"200 Chestnut St Site","200 Chestnut St",Small,Active
3248,1007,Intersection of Massachusetts Ave & Bow St,Massachusetts Ave & Bow St,Small,Active
3249,1016,Otis St Site,Otis St,Small,Active
3250,1016,Winthrop St Site,Winthrop St,Small,Active
3251,1028,Intersection of Cambridge St & Columbia St,Cambridge St & Columbia St,Medium,Active
3252,1001,"100 Prince St Site","100 Prince St",Small,Active
3253,1004,"500 Massachusetts Ave Site","500 Massachusetts Ave",Medium,Active
3254,1004,Intersection of FIRST St & Canal Park,FIRST St & Canal Park,Large,Active
3255,1007,Intersection of GARDEN St & MASSACHUSETTS Ave,GARDEN St & MASSACHUSETTS Ave,Small,Inactive
3256,1008,Normandy Ave Site,Normandy Ave,Medium,Active
3257,1017,"800 Technology Sq Site","800 Technology Sq",Large,Inactive
3258,1005,Intersection of Bent St & Second St,Bent St & Second St,Large,Active
3259,1007,"600 Memorial Dr Site","600 Memorial Dr",Large,Active
3260,1028,Intersection of Massachusetts Ave & Garden St,Massachusetts Ave & Garden St,Medium,Active
3261,1020,Intersection of LINE St & MAGNOLIA Ave,LINE St & MAGNOLIA Ave,Small,Active
3262,1029,"200 Lexington Ave Site","200 Lexington Ave",Small,Active
3263,1020,Lee St Site,Lee St,Medium,Active
3264,1004,Intersection of Cambridge St & Prospect St,Cambridge St & Prospect St,Small,Active
3265,1028,"100 Memorial Dr Site","100 Memorial Dr",Medium,Active
3266,1006,"300 Garden St Site","300 Garden St",Small,Active
3267,1007,Richard Ave Site,Richard Ave,Large,Active
3268,1018,Harding St Site,Harding St,Small,Active
3269,1005,Rogers St Site,Rogers St,Medium,Inactive
3270,1020,Cogswell Ave Site,Cogswell Ave,Medium,Active
3271,1030,Intersection of Broadway & Norfolk St,Broadway & Norfolk St,Large,Active
3272,1029,Woodrow Wilson Ct Site,Woodrow Wilson Ct,Medium,Active
3273,1003,Intersection of Franklin St & River St,Franklin St & River St,Small,Inactive
3274,1007,Intersection of BROADWAY & Norfolk St,BROADWAY & Norfolk St,Small,Active
3275,1027,Intersection of Massachusetts Ave & Linnaean St,Massachusetts Ave & Linnaean St,Large,Active
3276,1028,"300 Prospect St Site","300 Prospect St",Medium,Active
3277,1022,Kinnaird St Site,Kinnaird St,Large,Active
3278,1014,"100 Upland Rd Site","100 Upland Rd",Small,Active
3279,1007,"100 Kinnaird St Site","100 Kinnaird St",Large,Inactive
3280,1005,Richdale Ave Site,Richdale Ave,Medium,Active
3281,1029,Intersection of AMESBURY St & MEMORIAL DR,AMESBURY St & MEMORIAL DR,Large,Active
3282,1022,Intersection of ELM St & HARVARD St,ELM St & HARVARD St,Medium,Active
3283,1005,Intersection of Church St & Massachusetts Ave,Church St & Massachusetts Ave,Medium,Inactive
3284,1030,Magazine St Site,Magazine St,Small,Active
3285,1023,"1300 Massachusetts Ave Site","1300 Massachusetts Ave",Small,Inactive
3286,1002,Reservoir St Site,Reservoir St,Small,Active
3287,1030,Intersection of MASSACHUSETTS Ave & Peabody St,MASSACHUSETTS Ave & Peabody St,Medium,Active
3288,1027,Intersection of Bishop Allen Dr & Essex St,Bishop Allen Dr & Essex St,Large,Active
3289,1021,Hampshire St Site,Hampshire St,Medium,Inactive
3290,1022,Intersection of Mount Auburn St & Hawthorne St,Mount Auburn St & Hawthorne St,Small,Active
3291,1006,Intersection of APPLETON St & HIGHLAND St,APPLETON St & HIGHLAND St,Small,Active
3292,1015,Intersection of Kirkland St & Trowbridge St,Kirkland St & Trowbridge St,Large,Active
3293,1021,"400 GREEN St Site","400 GREEN St",Small,Active
3294,1010,Intersection of SELLERS St & Massachusetts Ave,SELLERS St & Massachusetts Ave,Small,Inactive
3295,1023,Intersection of BINNEY St & SECOND St,BINNEY St & SECOND St,Small,Active
3296,1026,CAMBRIDGE Center Site,CAMBRIDGE Center,Large,Active
3297,1024,Intersection of MASSACHUSETTS Ave & WESTERN Ave,MASSACHUSETTS Ave & WESTERN Ave,Medium,Active
3298,1007,Leonard Ave Site,Leonard Ave,Small,Active
3299,1005,Intersection of Willow St & Lincoln St,Willow St & Lincoln St,Large,Inactive
3300,1001,Intersection of HARVARD Sq & Massachusetts Ave,HARVARD Sq & Massachusetts Ave,Small,Active
3301,1013,MAGOUN St Site,MAGOUN St,Large,Inactive
3302,1021,"600 MASSACHUSETTS Ave Site","600 MASSACHUSETTS Ave",Small,Active
3303,1026,"100 Bishop Allen Dr Site","100 Bishop Allen Dr",Large,Active
3304,1018,Intersection of WHITTEMORE Ave & Madison Ave,WHITTEMORE Ave & Madison Ave,Small,Active
3305,1013,BRATTLE St Site,BRATTLE St,Medium,Active
3306,1021,Intersection of PRINCE St & Prince St,PRINCE St & Prince St,Small,Active
3307,1021,"900 Main St Site","900 Main St",Large,Active
3308,1018,Intersection of BROOKLINE Pl & Pilgrim St,BROOKLINE Pl & Pilgrim St,Small,Active
3309,1005,Intersection of Mount Auburn St & PUTNAM Ave,Mount Auburn St & PUTNAM Ave,Medium,Inactive
3310,1013,"500 MASSACHUSETTS Ave Site","500 MASSACHUSETTS Ave",Small,Active
3311,1004,"100 Norfolk St Site","100 Norfolk St",Large,Inactive
3312,1017,Intersection of Orchard St & Davenport St,Orchard St & Davenport St,Large,Active
3313,1003,Intersection of AVON St & SHEPARD St,AVON St & SHEPARD St,Medium,Inactive
3314,1017,Intersection of HARVARD St & Pine St,HARVARD St & Pine St,Large,Active
3315,1028,Intersection of CHANNING St & Channing St,CHANNING St & Channing St,Small,Active
3316,1011,Intersection of Mount Auburn St & SPARKS St,Mount Auburn St & SPARKS St,Small,Inactive
3317,1021,Intersection of FOREST St & MASSACHUSETTS Ave,FOREST St & MASSACHUSETTS Ave,Small,Active
3318,1020,Intersection of ELM St & WEBSTER Ave,ELM St & WEBSTER Ave,Large,Active
3319,1023,Intersection of PROSPECT St & Hampshire St,PROSPECT St & Hampshire St,Small,Active
3320,1021,Intersection of Broadway & Inman St,Broadway & Inman St,Small,Active
3321,1026,Ellsworth Park Site,Ellsworth Park,Small,Active
3322,1030,Intersection of Main St & Longfellow Bridge,Main St & Longfellow Bridge,Medium,Active
3323,1004,Intersection of Massachusetts Ave & Walden St,Massachusetts Ave & Walden St,Large,Inactive
3324,1002,Intersection of Flagg St & Banks St,Flagg St & Banks St,Large,Inactive
3325,1020,Intersection of WESTERN Ave & Magazine St,WESTERN Ave & Magazine St,Large,Inactive
3326,1016,Intersection of MASSACHUSETTS Ave & Green St,MASSACHUSETTS Ave & Green St,Medium,Inactive
3327,1028,Intersection of MASSACHUSETTS Ave & River St,MASSACHUSETTS Ave & River St,Large,Active
3328,1018,Intersection of SIXTH St & Charles St,SIXTH St & Charles St,Medium,Active
3329,1008,Intersection of Washburn Ave & Massachusetts Ave,Washburn Ave & Massachusetts Ave,Medium,Inactive
3330,1003,Intersection of FIRST St & Hurley St,FIRST St & Hurley St,Large,Active
3331,1009,Wendell St Site,Wendell St,Small,Active
3332,1029,Glassworks Ave Site,Glassworks Ave,Small,Active
3333,1020,Intersection of Sherman St & Stearns St,Sherman St & Stearns St,Large,Inactive
3334,1029,Intersection of MONTGOMERY St & RINDGE Ave,MONTGOMERY St & RINDGE Ave,Large,Active
3335,1006,"700 MASSACHUSETTS Ave Site","700 MASSACHUSETTS Ave",Medium,Active
3336,1010,Intersection of RIVER St & Putnam Ave,RIVER St & Putnam Ave,Large,Active
3337,1021,Intersection of CRESCENT St & SACRAMENTO St,CRESCENT St & SACRAMENTO St,Medium,Active
3338,1010,Intersection of Elm St & Webster Ave,Elm St & Webster Ave,Large,Inactive
3339,1013,Cambridgepark Dr Site,Cambridgepark Dr,Small,Active
3340,1017,Intersection of CAMBRIDGE St & MASSACHUSETTS Ave,CAMBRIDGE St & MASSACHUSETTS Ave,Small,Active
3341,1009,Intersection of DECATUR St & PEARL St,DECATUR St & PEARL St,Large,Active
3342,1017,"400 MEMORIAL DR Site","400 MEMORIAL DR",Medium,Inactive
3343,1024,Intersection of PEARL St & Lawrence St,PEARL St & Lawrence St,Small,Active
3344,1009,Surrey St Site,Surrey St,Medium,Active
3345,1009,Garfield St Site,Garfield St,Large,Active
3346,1001,Intersection of LAWRENCE St & Corporal McTernan St,LAWRENCE St & Corporal McTernan St,Large,Active
3347,1002,LONGFELLOW Rd Site,LONGFELLOW Rd,Small,Inactive
3348,1028,Intersection of GIBSON St & Mount Auburn St,GIBSON St & Mount Auburn St,Large,Active
3349,1016,"600 Main St Site","600 Main St",Small,Active
3350,1029,Intersection of FIFTH St & OTIS St,FIFTH St & OTIS St,Medium,Inactive
3351,1001,Intersection of Memorial Dr & Western Ave,Memorial Dr & Western Ave,Small,Inactive
3352,1010,Intersection of BALLORD Pl & PUTNAM Ave,BALLORD Pl & PUTNAM Ave,Small,Active
3353,1018,Longfellow Bridge Site,Longfellow Bridge,Medium,Active
3354,1026,Intersection of CAMBRIDGE St & HARDING St,CAMBRIDGE St & HARDING St,Small,Inactive
3355,1028,Intersection of Avon St & Martin St,Avon St & Martin St,Small,Active
3356,1008,Avon St Site,Avon St,Large,Active
3357,1021,"100 Pine St Site","100 Pine St",Medium,Active
3358,1028,Intersection of Western Ave & Memorial Dr,Western Ave & Memorial Dr,Small,Active
3359,1011,Intersection of Cambridge St & Willow St,Cambridge St & Willow St,Medium,Inactive
3360,1023,Bowdoin St Site,Bowdoin St,Medium,Active
3361,1002,Intersection of Harvard St & Quincy St,Harvard St & Quincy St,Small,Active
3362,1008,Hardwick St Site,Hardwick St,Large,Inactive
3363,1027,Jefferson St Site,Jefferson St,Medium,Active
3364,1022,Temple St Site,Temple St,Small,Inactive
3365,1008,"300 Brookline St Site","300 Brookline St",Medium,Active
3366,1017,Intersection of LANGDON St & MASSACHUSETTS Ave,LANGDON St & MASSACHUSETTS Ave,Large,Inactive
3367,1015,Intersection of Dunster St & Mount Auburn St,Dunster St & Mount Auburn St,Large,Active
3368,1017,Chauncy St Site,Chauncy St,Large,Inactive
3369,1028,Intersection of AGASSIZ St & LINNAEAN St,AGASSIZ St & LINNAEAN St,Small,Active
3370,1023,Intersection of Buena Vista Park & RICHDALE Ave,Buena Vista Park & RICHDALE Ave,Small,Inactive
3371,1024,Intersection of PEMBERTON St & RINDGE Ave,PEMBERTON St & RINDGE Ave,Large,Active
3372,1013,Intersection of Main St & Broadway,Main St & Broadway,Small,Active
3373,1019,Sparks St Site,Sparks St,Large,Active
3374,1005,Hancock St Site,Hancock St,Small,Inactive
3375,1012,GERRY St Site,GERRY St,Large,Active
3376,1001,"300 RIVER St Site","300 RIVER St",Medium,Active
3377,1023,"1700 MASSACHUSETTS Ave Site","1700 MASSACHUSETTS Ave",Large,Inactive
3378,1005,Intersection of Mount Auburn St & Dewolfe St,Mount Auburn St & Dewolfe St,Large,Inactive
3379,1008,HAZEL St Site,HAZEL St,Small,Inactive
3380,1013,COOLIDGE Ave Site,COOLIDGE Ave,Small,Active
3381,1008,Intersection of RIVER St & Memorial Dr,RIVER St & Memorial Dr,Small,Active
3382,1025,Intersection of Massachusetts Ave & Rindge Ave,Massachusetts Ave & Rindge Ave,Small,Active
3383,1023,Intersection of Massachusetts Ave & Vassar St,Massachusetts Ave & Vassar St,Small,Inactive
3384,1011,Intersection of GORE St & THIRD St,GORE St & THIRD St,Small,Inactive
3385,1001,Intersection of CEDAR St & RICE St,CEDAR St & RICE St,Medium,Inactive
3386,1013,Intersection of MASSACHUSETTS Ave & Amherst St,MASSACHUSETTS Ave & Amherst St,Large,Active
3387,1019,"200 VASSAL LN Site","200 VASSAL LN",Large,Inactive
3388,1024,Sacramento Pl Site,Sacramento Pl,Large,Active
3389,1003,Intersection of Hayward St & Main St,Hayward St & Main St,Medium,Active
3390,1024,"100 Webster Ave Site","100 Webster Ave",Large,Active
3391,1017,Intersection of SPRING St & Third St,SPRING St & Third St,Medium,Inactive
3392,1005,Intersection of Front St & Windsor St,Front St & Windsor St,Medium,Active
3393,1020,"200 PUTNAM Ave Site","200 PUTNAM Ave",Medium,Inactive
3394,1021,CAMBRIDGE Center Site,CAMBRIDGE Center,Large,Inactive
3395,1008,JFK St Site,JFK St,Medium,Inactive
3396,1026,Intersection of DUDLEY St & JACKSON St,DUDLEY St & JACKSON St,Large,Inactive
3397,1014,Intersection of Sidney St & Green St,Sidney St & Green St,Large,Inactive
3398,1004,Intersection of HARVARD Sq & Brattle St,HARVARD Sq & Brattle St,Small,Active
3399,1011,"100 FAYERWEATHER St Site","100 FAYERWEATHER St",Small,Active
3400,1020,CHESTNUT St Site,CHESTNUT St,Medium,Active
3401,1015,"200 Columbia St Site","200 Columbia St",Medium,Inactive
3402,1019,Intersection of GREEN St & Bay St,GREEN St & Bay St,Large,Active
3403,1007,Intersection of Inman St & Broadway,Inman St & Broadway,Medium,Active
3404,1019,Intersection of Second St & Linsky Way,Second St & Linsky Way,Medium,Active
3405,1028,Intersection of SHERMAN St & WALDEN St,SHERMAN St & WALDEN St,Large,Inactive
3406,1019,Intersection of MASSACHUSETTS Ave & ROSELAND St,MASSACHUSETTS Ave & ROSELAND St,Medium,Active
3407,1011,"100 StEARNS St Site","100 StEARNS St",Medium,Active
3408,1026,Columbia St Site,Columbia St,Large,Active
3409,1005,Pleasant St Site,Pleasant St,Large,Inactive
3410,1005,Chester St Site,Chester St,Small,Active
3411,1030,"600 MASSACHUSETTS Ave Site","600 MASSACHUSETTS Ave",Large,Active
3412,1022,Intersection of CLEMENT MORGAN PARK & Columbia St,CLEMENT MORGAN PARK & Columbia St,Small,Active
3413,1008,Kendall Sq MBTA Stat Site,Kendall Sq MBTA Stat,Medium,Active
3414,1010,"100 WALDEN St Site","100 WALDEN St",Large,Active
3415,1006,Intersection of BAY St & FRANKLIN St,BAY St & FRANKLIN St,Large,Active
3416,1015,Intersection of BRISTOL St & WEBSTER Ave,BRISTOL St & WEBSTER Ave,Large,Active
3417,1016,DINSMORE CT Site,DINSMORE CT,Medium,Active
3418,1028,Intersection of JAMES St & MASON St,JAMES St & MASON St,Small,Inactive
3419,1017,"300 RIVER St Site","300 RIVER St",Medium,Inactive
3420,1008,Intersection of BROOKLINE St & WAVERLY St,BROOKLINE St & WAVERLY St,Medium,Active
3421,1008,Intersection of MASSACHUSETTS Ave & SHEPARD St,MASSACHUSETTS Ave & SHEPARD St,Large,Inactive
3422,1025,Intersection of Church St & MASSACHUSETTS Ave,Church St & MASSACHUSETTS Ave,Small,Inactive
3423,1009,SHEPARD St Site,SHEPARD St,Medium,Active
3424,1002,Intersection of Prospect St & Massachusetts Ave,Prospect St & Massachusetts Ave,Large,Active
3425,1015,"200 BISHOP ALLEN DR Site","200 BISHOP ALLEN DR",Medium,Active
3426,1018,Intersection of Hayes St & Mount Auburn St,Hayes St & Mount Auburn St,Medium,Active
3427,1003,"200 William St Site","200 William St",Large,Active
3428,1017,Cambridgepark Dr Site,Cambridgepark Dr,Large,Active
3429,1004,Lowell St Site,Lowell St,Small,Active
3430,1030,Intersection of Locust St & Holworthy St,Locust St & Holworthy St,Medium,Inactive
3431,1004,Intersection of COLUMBIA St & SUFFOLK St,COLUMBIA St & SUFFOLK St,Large,Active
3432,1014,Intersection of BEECH St & MASSACHUSETTS Ave,BEECH St & MASSACHUSETTS Ave,Large,Inactive
3433,1009,Intersection of Massachusetts Ave & Day St,Massachusetts Ave & Day St,Small,Active
3434,1009,"300 Mount Auburn St Site","300 Mount Auburn St",Small,Active
3435,1025,University Rd Site,University Rd,Large,Active
3436,1026,"100 Homer Ave Site","100 Homer Ave",Small,Inactive
3437,1023,Intersection of Green St & Putnam Ave,Green St & Putnam Ave,Large,Active
3438,1030,Forest St Site,Forest St,Medium,Active
3439,1018,INDUSTRIAL PARK Rd Site,INDUSTRIAL PARK Rd,Small,Active
3440,1010,"400 Prospect St Site","400 Prospect St",Medium,Active
3441,1021,"1200 Cambridge St Site","1200 Cambridge St",Medium,Inactive
3442,1004,"200 Fresh Pond Pky Site","200 Fresh Pond Pky",Medium,Active
3443,1012,Intersection of Broadway & Hampshire St,Broadway & Hampshire St,Large,Inactive
3444,1027,Intersection of MIDDLESEX St & Middlesex St,MIDDLESEX St & Middlesex St,Medium,Active
3445,1008,"100 FOURTH StREET Pl Site","100 FOURTH StREET Pl",Medium,Active
3446,1002,Intersection of Massachusetts Ave & Prospect St,Massachusetts Ave & Prospect St,Medium,Active
3447,1022,Ellery St Site,Ellery St,Large,Inactive
3448,1013,"100 Jackson St Site","100 Jackson St",Medium,Active
3449,1021,Intersection of Massachusetts Ave & River St,Massachusetts Ave & River St,Medium,Active
3450,1016,Intersection of Tierney St & Winslow St,Tierney St & Winslow St,Small,Active
3451,1028,Intersection of BISHOP ALLEN DR & NORFOLK St,BISHOP ALLEN DR & NORFOLK St,Large,Active
3452,1002,Intersection of WINTHROP St & Eliot St,WINTHROP St & Eliot St,Medium,Active
3453,1011,Intersection of Norfolk St & Hampshire St,Norfolk St & Hampshire St,Small,Inactive
3454,1010,Intersection of Bishop Allen Dr & Prospect St,Bishop Allen Dr & Prospect St,Large,Active
3455,1015,"100 Auburn St Site","100 Auburn St",Large,Active
3456,1017,Intersection of Massachusetts Ave & Plympton St,Massachusetts Ave & Plympton St,Large,Inactive
3457,1008,Tufts St Site,Tufts St,Large,Active
3458,1018,Intersection of Banks St & Flagg St,Banks St & Flagg St,Large,Active
3459,1023,Intersection of Holyoke St & Mount Auburn St,Holyoke St & Mount Auburn St,Large,Active
3460,1009,Inman St Site,Inman St,Medium,Active
3461,1025,Creighton St Site,Creighton St,Medium,Active
3462,1008,"200 Pemberton St Site","200 Pemberton St",Medium,Active
3463,1027,"1500 Massachusetts Ave Site","1500 Massachusetts Ave",Medium,Active
3464,1014,"100 Sherman St Site","100 Sherman St",Small,Active
3465,1028,Fayette St Site,Fayette St,Medium,Active
3466,1026,Intersection of HANCOCK St & Centre St,HANCOCK St & Centre St,Large,Active
3467,1025,Haskell St Site,Haskell St,Medium,Active
3468,1018,Intersection of Harvard St & Portland St,Harvard St & Portland St,Medium,Active
3469,1022,"300 Walden St Site","300 Walden St",Large,Active
3470,1020,Intersection of Middlesex St & Rindge Ave,Middlesex St & Rindge Ave,Medium,Active
3471,1030,Intersection of MALCOLM Rd & StANDISH St,MALCOLM Rd & StANDISH St,Medium,Active
3472,1020,"500 BROADWAY Site","500 BROADWAY",Medium,Active
3473,1021,BLANCHE St Site,BLANCHE St,Small,Active
3474,1012,"100 Ellery St Site","100 Ellery St",Medium,Active
3475,1019,Intersection of Bent St & Sixth St,Bent St & Sixth St,Large,Inactive
3476,1014,Intersection of DUNSTER St & Mount Auburn St,DUNSTER St & Mount Auburn St,Large,Inactive
3477,1017,Intersection of JFK St & WINTHROP St,JFK St & WINTHROP St,Medium,Active
3478,1024,Intersection of DAVENPORT St & Elm St,DAVENPORT St & Elm St,Medium,Active
3479,1021,Intersection of Bishop Allen Dr & Temple St,Bishop Allen Dr & Temple St,Medium,Active
3480,1003,Cottage Park Ave Site,Cottage Park Ave,Large,Inactive
3481,1026,Intersection of Third St & Broadway,Third St & Broadway,Large,Active
3482,1030,"200 Chilton St Site","200 Chilton St",Small,Active
3483,1023,"200 Washington St Site","200 Washington St",Small,Active
3484,1007,"1300 Massachusetts Ave Site","1300 Massachusetts Ave",Small,Active
3485,1017,Arlington St Site,Arlington St,Large,Inactive
3486,1012,STINSON CT Site,STINSON CT,Small,Active
3487,1009,Intersection of HASTINGS Sq & Chestnut St,HASTINGS Sq & Chestnut St,Medium,Inactive
3488,1015,"100 Fresh Pond Pky Site","100 Fresh Pond Pky",Medium,Active
3489,1018,Intersection of Galileo Galilei Way & Broadway,Galileo Galilei Way & Broadway,Large,Active
3490,1021,Grozier Rd Site,Grozier Rd,Small,Active
3491,1013,Intersection of Appleton St & Concord Ave,Appleton St & Concord Ave,Medium,Inactive
3492,1030,Intersection of CEDAR St & Dudley St,CEDAR St & Dudley St,Large,Inactive
3493,1021,"100 Larchwood Dr Site","100 Larchwood Dr",Small,Active
3494,1030,Land Blvd Site,Land Blvd,Medium,Active
3495,1008,"100 Grozier Rd Site","100 Grozier Rd",Small,Active
3496,1014,Intersection of Lexington Ave & Brattle St,Lexington Ave & Brattle St,Large,Active
3497,1008,Intersection of Green St & Brookline St,Green St & Brookline St,Small,Active
3498,1014,Intersection of Douglass St & Massachusetts Ave,Douglass St & Massachusetts Ave,Large,Active
3499,1007,"100 Berkshire Pl Site","100 Berkshire Pl",Small,Inactive
3500,1023,"300 Western Ave Site","300 Western Ave",Medium,Active
3501,1012,Yerxa Rd Site,Yerxa Rd,Large,Active
3502,1011,Intersection of MASSACHUSETTS Ave & SOMERVILLE Ave,MASSACHUSETTS Ave & SOMERVILLE Ave,Large,Active
3503,1022,Elmer St Site,Elmer St,Large,Active
3504,1022,"300 Broadway Site","300 Broadway",Small,Active
3505,1011,Intersection of RIVER St & Auburn St,RIVER St & Auburn St,Small,Active
3506,1025,BERKSHIRE Pl Site,BERKSHIRE Pl,Medium,Active
3507,1022,Intersection of Magazine St & William St,Magazine St & William St,Large,Inactive
3508,1028,"100 Follen St Site","100 Follen St",Large,Active
3509,1029,"800 Memorial Dr Site","800 Memorial Dr",Small,Active
3510,1013,KIRKLAND Pl Site,KIRKLAND Pl,Small,Inactive
3511,1018,"100 Gore St Site","100 Gore St",Medium,Active
3512,1002,Intersection of Hampshire St & Prospect St,Hampshire St & Prospect St,Medium,Inactive
3513,1029,Intersection of Pearl St & Cottage St,Pearl St & Cottage St,Small,Active
3514,1021,Lincoln Way Site,Lincoln Way,Large,Active
3515,1015,WALDEN SqUARE Rd Site,WALDEN SqUARE Rd,Medium,Inactive
3516,1020,Intersection of Raymond St & Walden St,Raymond St & Walden St,Small,Inactive
3517,1027,Upland Rd Site,Upland Rd,Small,Inactive
3518,1018,"300 Windsor St Site","300 Windsor St",Large,Inactive
3519,1015,Greenough Ave Site,Greenough Ave,Small,Inactive
3520,1019,Eustis St Site,Eustis St,Small,Inactive
3521,1023,Intersection of HOVEY Ave & MAGNOLIA Ave,HOVEY Ave & MAGNOLIA Ave,Medium,Active
3522,1024,Intersection of HARVARD St & INMAN St,HARVARD St & INMAN St,Small,Inactive
3523,1012,Intersection of Putnam Gdns & Putnam Gdns,Putnam Gdns & Putnam Gdns,Small,Active
3524,1013,"100 Trowbridge St Site","100 Trowbridge St",Medium,Active
3525,1022,Intersection of SHERMAN St & Pemberton St,SHERMAN St & Pemberton St,Large,Active
3526,1011,"100 Foster St Site","100 Foster St",Large,Active
3527,1005,"100 Cushing St Site","100 Cushing St",Medium,Active
3528,1029,"200 Concord Ave Site","200 Concord Ave",Medium,Active
3529,1001,Cushing St Site,Cushing St,Large,Active
3530,1024,Madison St Site,Madison St,Large,Inactive
3531,1003,"2200 MASSACHUSETTS Ave Site","2200 MASSACHUSETTS Ave",Large,Inactive
3532,1022,Intersection of PLEASANT St & WESTERN Ave,PLEASANT St & WESTERN Ave,Large,Active
3533,1019,Intersection of MASSACHUSETTS Ave & Essex St,MASSACHUSETTS Ave & Essex St,Large,Inactive
3534,1023,Concord Ave Site,Concord Ave,Medium,Active
3535,1029,Antrim St Site,Antrim St,Small,Active
3536,1030,Foch St Site,Foch St,Large,Active
3537,1007,"100 Howard St Site","100 Howard St",Large,Active
3538,1012,"100 AMORY St Site","100 AMORY St",Small,Inactive
3539,1015,"100 Ames St Site","100 Ames St",Small,Inactive
3540,1025,Regent St Site,Regent St,Small,Inactive
3541,1005,"200 Hampshire St Site","200 Hampshire St",Small,Active
3542,1015,Intersection of Bishop Allen Dr & Columbia St,Bishop Allen Dr & Columbia St,Small,Active
3543,1008,Intersection of CAMBRIDGE St & Warren St,CAMBRIDGE St & Warren St,Small,Active
3544,1010,Intersection of MASSACHUSETTS Ave & Garden St,MASSACHUSETTS Ave & Garden St,Medium,Active
3545,1026,Hubbard Ave Site,Hubbard Ave,Small,Inactive
3546,1016,"100 Lexington Ave Site","100 Lexington Ave",Small,Active
3547,1008,Arnold Cir Site,Arnold Cir,Medium,Inactive
3548,1001,Royal Ave Site,Royal Ave,Small,Inactive
3549,1012,Intersection of Parker St & Concord Ave,Parker St & Concord Ave,Large,Active
3550,1005,Intersection of Roberts Rd & Kirkland St,Roberts Rd & Kirkland St,Large,Active
3551,1003,Intersection of BISHOP ALLEN DR & PROSPECT St,BISHOP ALLEN DR & PROSPECT St,Small,Inactive
3552,1001,Intersection of BISHOP ALLEN DR & Massachusetts Ave,BISHOP ALLEN DR & Massachusetts Ave,Medium,Active
3553,1004,Winter St Site,Winter St,Large,Active
3554,1008,Portland St Site,Portland St,Medium,Active
3555,1003,"300 Harvard St Site","300 Harvard St",Large,Active
3556,1010,"100 Museum St Site","100 Museum St",Small,Inactive
3557,1002,McLean Pl Site,McLean Pl,Medium,Active
3558,1011,HEMLOCK Rd Site,HEMLOCK Rd,Medium,Active
3559,1025,Fairmont Ave Site,Fairmont Ave,Medium,Inactive
3560,1010,"100 Winter St Site","100 Winter St",Large,Inactive
3561,1021,Prospect St Site,Prospect St,Large,Active
3562,1014,"800 Main St Site","800 Main St",Large,Active
3563,1007,"200 Magazine St Site","200 Magazine St",Small,Inactive
3564,1027,Intersection of Pleasant St & Massachusetts Ave,Pleasant St & Massachusetts Ave,Large,Active
3565,1027,Langdon Sq Site,Langdon Sq,Small,Inactive
3566,1002,"100 Pearl St Site","100 Pearl St",Medium,Inactive
3567,1009,"100 Magazine St Site","100 Magazine St",Medium,Active
3568,1016,Intersection of HARVEY St & REED St,HARVEY St & REED St,Small,Active
3569,1013,Intersection of FIRST St & THORNDIKE WAY,FIRST St & THORNDIKE WAY,Large,Active
3570,1009,Intersection of CONCORD Ave & GARDEN St,CONCORD Ave & GARDEN St,Small,Inactive
3571,1020,Intersection of LINCOLN St & Elm St,LINCOLN St & Elm St,Medium,Active
3572,1004,Intersection of BROADWAY & Maple Ave,BROADWAY & Maple Ave,Medium,Active
3573,1022,"1300 CAMBRIDGE St Site","1300 CAMBRIDGE St",Small,Inactive
3574,1010,Intersection of SIDNEY St & Green St,SIDNEY St & Green St,Large,Inactive
3575,1026,Intersection of GARDEN St & Massachusetts Ave,GARDEN St & Massachusetts Ave,Large,Inactive
3576,1026,"800 Cambridge St Site","800 Cambridge St",Small,Active
3577,1022,Fort Washington Pl Site,Fort Washington Pl,Small,Active
3578,1012,Willard St Site,Willard St,Large,Active
3579,1017,Intersection of Prospect St & Cambridge St,Prospect St & Cambridge St,Medium,Active
3580,1014,"100 Maple Ave Site","100 Maple Ave",Small,Inactive
3581,1014,"100 Binney St Site","100 Binney St",Large,Active
3582,1025,Max Ave Site,Max Ave,Large,Inactive
3583,1002,Intersection of LAUREL St & RIVER St,LAUREL St & RIVER St,Medium,Active
3584,1021,"100 Gold Star Rd Site","100 Gold Star Rd",Medium,Active
3585,1025,"200 Prospect St Site","200 Prospect St",Medium,Active
3586,1020,Murdock St Site,Murdock St,Medium,Inactive
3587,1011,Intersection of Chalk St & Magazine St,Chalk St & Magazine St,Medium,Active
3588,1016,Intersection of Locke St & Meacham Rd,Locke St & Meacham Rd,Small,Active
3589,1019,Intersection of Eliot St & Winthrop St,Eliot St & Winthrop St,Large,Inactive
3590,1023,Intersection of Auburn St & Pearl St,Auburn St & Pearl St,Small,Active
3591,1006,"100 Berkshire St Site","100 Berkshire St",Small,Inactive
3592,1024,Intersection of BISHOP ALLEN DR & Douglass St,BISHOP ALLEN DR & Douglass St,Small,Inactive
3593,1019,Intersection of Pearl St & Green St,Pearl St & Green St,Small,Active
3594,1005,"100 Blackstone St Site","100 Blackstone St",Small,Active
3595,1026,"800 MASSACHUSETTS Ave Site","800 MASSACHUSETTS Ave",Medium,Active
3596,1004,Union St Site,Union St,Medium,Active
3597,1015,Intersection of PACIFIC St & WAVERLY St,PACIFIC St & WAVERLY St,Large,Active
3598,1029,"100 Fayerweather St Site","100 Fayerweather St",Small,Active
3599,1004,"200 First St Site","200 First St",Large,Active
3600,1020,WHITE St Site,WHITE St,Medium,Inactive
3601,1010,Blanchard Rd Site,Blanchard Rd,Medium,Active
3602,1024,Intersection of Otis St & Fifth St,Otis St & Fifth St,Medium,Active
3603,1022,"100 Jefferson Park Site","100 Jefferson Park",Small,Active
3604,1003,Intersection of Plymouth St & Webster Ave,Plymouth St & Webster Ave,Small,Inactive
3605,1026,"100 Washington St Site","100 Washington St",Medium,Active
3606,1005,"100 Blanchard Rd Site","100 Blanchard Rd",Large,Active
3607,1006,Intersection of RINDGE Ave & SHERMAN St,RINDGE Ave & SHERMAN St,Large,Active
3608,1021,"400 Columbia St Site","400 Columbia St",Medium,Active
3609,1022,Intersection of ARLINGTON St & WALNUT Ave,ARLINGTON St & WALNUT Ave,Large,Inactive
3610,1008,Intersection of Franklin St & Pearl St,Franklin St & Pearl St,Medium,Active
3611,1007,Intersection of LINDEN St & Linden St,LINDEN St & Linden St,Large,Active
3612,1021,Intersection of DEWOLFE St & MEMORIAL DR,DEWOLFE St & MEMORIAL DR,Medium,Inactive
3613,1010,"700 Green St Site","700 Green St",Large,Active
3614,1006,Intersection of GOLD StAR Rd & Gold Star Rd,GOLD StAR Rd & Gold Star Rd,Small,Active
3615,1014,"100 Aberdeen Ave Site","100 Aberdeen Ave",Medium,Active
3616,1004,Intersection of BELMONT St & HOLWORTHY St,BELMONT St & HOLWORTHY St,Medium,Active
3617,1028,Intersection of HARDING St & Cambridge St,HARDING St & Cambridge St,Large,Inactive
3618,1025,Intersection of HINGHAM St & PUTNAM Ave,HINGHAM St & PUTNAM Ave,Medium,Inactive
3619,1013,Intersection of Second St & Thorndike Pl,Second St & Thorndike Pl,Medium,Active
3620,1020,"100 Second St Site","100 Second St",Medium,Active
3621,1017,"200 Cambridge St Site","200 Cambridge St",Small,Active
3622,1023,Arrow St Site,Arrow St,Small,Active
3623,1007,Watson St Site,Watson St,Large,Active
3624,1004,BIRCH St Site,BIRCH St,Small,Active
3625,1029,Intersection of FIRST St & Athenaeum St,FIRST St & Athenaeum St,Large,Active
3626,1014,Intersection of Western Ave & Howard St,Western Ave & Howard St,Small,Inactive
3627,1003,Intersection of Fresh Pond Pky & Mount Auburn St,Fresh Pond Pky & Mount Auburn St,Large,Active
3628,1024,Murray Hill Rd Site,Murray Hill Rd,Small,Active
3629,1005,Intersection of Binney St & Galileo Galilei Way,Binney St & Galileo Galilei Way,Small,Active
3630,1016,Beech St Site,Beech St,Large,Active
3631,1026,Cottage St Site,Cottage St,Medium,Active
3632,1023,"100 Reservoir St Site","100 Reservoir St",Medium,Active
3633,1020,Story St Site,Story St,Small,Active
3634,1004,"300 Broadway Site","300 Broadway",Large,Active
3635,1024,Sherman St Site,Sherman St,Medium,Active
3636,1030,Griswold St Site,Griswold St,Large,Inactive
3637,1024,Cleveland St Site,Cleveland St,Medium,Inactive
3638,1002,GARDEN St Site,GARDEN St,Large,Active
3639,1030,Intersection of SELLERS St & Massachusetts Ave,SELLERS St & Massachusetts Ave,Small,Active
3640,1018,Intersection of Third St & Gore St,Third St & Gore St,Large,Inactive
3641,1019,Intersection of Quincy Sq & Cambridge St,Quincy Sq & Cambridge St,Medium,Active
3642,1028,Intersection of WARREN St & Porter Rd,WARREN St & Porter Rd,Small,Active
3643,1028,Intersection of HURLBUT St & MARTIN St,HURLBUT St & MARTIN St,Large,Active
3644,1019,"100 Chestnut St Site","100 Chestnut St",Medium,Active
3645,1017,"100 Allston St Site","100 Allston St",Small,Inactive
3646,1014,Acacia St Site,Acacia St,Large,Active
3647,1019,"200 Willow St Site","200 Willow St",Medium,Active
3648,1022,Intersection of ELMER St & HINGHAM St,ELMER St & HINGHAM St,Large,Active
3649,1024,"200 Technology Sq Site","200 Technology Sq",Large,Active
3650,1013,"200 Third St Site","200 Third St",Small,Active
3651,1012,"100 WESTERN Ave Site","100 WESTERN Ave",Small,Active
3652,1030,Intersection of GREEN St & Sidney St,GREEN St & Sidney St,Medium,Active
3653,1026,Intersection of MACARELLI WAY & Marion St,MACARELLI WAY & Marion St,Small,Inactive
3654,1006,Allston St Site,Allston St,Medium,Active
3655,1021,Intersection of RINDGE Ave & SHERMAN St,RINDGE Ave & SHERMAN St,Large,Active
3656,1004,Intersection of RAYMOND St & SHERIDAN St,RAYMOND St & SHERIDAN St,Large,Inactive
3657,1019,Intersection of Norfolk St & Washington St,Norfolk St & Washington St,Medium,Active
3658,1016,Intersection of Magazine St & Chalk St,Magazine St & Chalk St,Large,Active
3659,1013,Intersection of Massachusetts Ave & Prospect St,Massachusetts Ave & Prospect St,Small,Active
3660,1004,Intersection of Brattle St & Palmer St,Brattle St & Palmer St,Large,Active
3661,1030,Intersection of BOND St & Concord Ave,BOND St & Concord Ave,Small,Active
3662,1023,"400 NORFOLK St Site","400 NORFOLK St",Medium,Inactive
3663,1017,Intersection of PEARL St & PERRY St,PEARL St & PERRY St,Medium,Active
3664,1023,Intersection of Winthrop St & JFK St,Winthrop St & JFK St,Large,Inactive
3665,1001,Intersection of Plympton St & Massachusetts Ave,Plympton St & Massachusetts Ave,Large,Active
3666,1018,"800 Massachusetts Ave Site","800 Massachusetts Ave",Small,Active
3667,1020,Dickinson St Site,Dickinson St,Small,Active
3668,1017,Churchill Ave Site,Churchill Ave,Large,Active
3669,1027,Intersection of CLARK St & HAMPSHIRE St,CLARK St & HAMPSHIRE St,Large,Active
3670,1028,Intersection of WINDSOR St & Main St,WINDSOR St & Main St,Medium,Active
3671,1027,Eighth St Site,Eighth St,Medium,Active
3672,1015,Intersection of FULKERSON St & THORNDIKE St,FULKERSON St & THORNDIKE St,Medium,Inactive
3673,1011,Fourth Street Pl Site,Fourth Street Pl,Large,Active
3674,1025,Intersection of APPIAN WAY & BRATTLE St,APPIAN WAY & BRATTLE St,Large,Active
3675,1028,GORE StREET Pl Site,GORE StREET Pl,Large,Active
3676,1022,"300 Magazine St Site","300 Magazine St",Medium,Active
3677,1013,"100 Western Ave Site","100 Western Ave",Large,Active
3678,1001,Intersection of Berkeley St & Garden St,Berkeley St & Garden St,Small,Active
3679,1017,Intersection of Prospect St & Hampshire St,Prospect St & Hampshire St,Large,Active
3680,1006,Intersection of Galileo Galilei Way & Binney St,Galileo Galilei Way & Binney St,Large,Active
3681,1004,Intersection of CAMBRIDGESIDE Pl & Charles St,CAMBRIDGESIDE Pl & Charles St,Large,Active
3682,1020,"1700 Cambridge St Site","1700 Cambridge St",Large,Active
3683,1016,Intersection of Hardwick St & Berkshire Pl,Hardwick St & Berkshire Pl,Large,Active
3684,1015,Intersection of BISHOP ALLEN DR & Massachusetts Ave,BISHOP ALLEN DR & Massachusetts Ave,Small,Active
3685,1027,"200 Hurley St Site","200 Hurley St",Small,Active
3686,1015,Intersection of BROADWAY & Binney St,BROADWAY & Binney St,Large,Active
3687,1006,Intersection of Moore St & Broadway,Moore St & Broadway,Medium,Active
3688,1015,"100 Vassar St Site","100 Vassar St",Large,Active
3689,1014,"100 Sixth St Site","100 Sixth St",Large,Active
3690,1028,"100 Sixth St Site","100 Sixth St",Large,Active
3691,1011,Intersection of ALLSTON St & PEARL St,ALLSTON St & PEARL St,Medium,Active
3692,1007,Intersection of DOVER St & MASSACHUSETTS Ave,DOVER St & MASSACHUSETTS Ave,Medium,Active
3693,1009,Intersection of CHURCHILL Ave & MASSACHUSETTS Ave,CHURCHILL Ave & MASSACHUSETTS Ave,Medium,Active
3694,1026,Third St Site,Third St,Small,Active
3695,1016,Intersection of DANA St & MASSACHUSETTS Ave,DANA St & MASSACHUSETTS Ave,Medium,Active
3696,1005,"300 Allston St Site","300 Allston St",Small,Active
3697,1025,"500 Concord Ave Site","500 Concord Ave",Small,Inactive
3698,1020,Crawford St Site,Crawford St,Medium,Inactive
3699,1029,"100 Orchard St Site","100 Orchard St",Medium,Active
3700,1010,Gray St Site,Gray St,Medium,Inactive
3701,1018,Intersection of Pleasant St & Green St,Pleasant St & Green St,Small,Active
3702,1003,BRADBURY St Site,BRADBURY St,Large,Active
3703,1013,Intersection of IRVING St & SCOTT St,IRVING St & SCOTT St,Medium,Inactive
3704,1011,OLD DEE Rd Site,OLD DEE Rd,Medium,Active
3705,1017,Intersection of IRVING St & Kirkland St,IRVING St & Kirkland St,Medium,Active
3706,1030,Intersection of KIRKLAND St & LINE St,KIRKLAND St & LINE St,Small,Inactive
3707,1030,Intersection of Mount Auburn St & Traill St,Mount Auburn St & Traill St,Small,Inactive
3708,1022,Moulton St Site,Moulton St,Large,Inactive
3709,1013,JFK St Site,JFK St,Medium,Inactive
3710,1006,Intersection of HURLBUT St & LINNAEAN St,HURLBUT St & LINNAEAN St,Small,Active
3711,1017,Intersection of HIGHLAND Ave & MARIE Ave,HIGHLAND Ave & MARIE Ave,Large,Active
3712,1027,Intersection of ANTRIM St & Cambridge St,ANTRIM St & Cambridge St,Medium,Active
3713,1013,Intersection of MASSACHUSETTS Ave & Linnaean St,MASSACHUSETTS Ave & Linnaean St,Small,Active
3714,1019,Intersection of AMHERST St & CARLETON St,AMHERST St & CARLETON St,Medium,Inactive
3715,1021,"300 RIVER St Site","300 RIVER St",Medium,Inactive
3716,1019,Intersection of GRANITE St & MAGAZINE St,GRANITE St & MAGAZINE St,Small,Inactive
3717,1010,"400 Evereteze Way Site","400 Evereteze Way",Small,Active
3718,1003,Intersection of Memorial Dr & Western Ave,Memorial Dr & Western Ave,Small,Inactive
3719,1014,Brown St Site,Brown St,Medium,Active
3720,1026,Intersection of Bristol St & Webster Ave,Bristol St & Webster Ave,Medium,Active
3721,1019,Intersection of Farrar St & Scott St,Farrar St & Scott St,Large,Active
3722,1005,Intersection of LAWRENCE St & Dana Pl,LAWRENCE St & Dana Pl,Medium,Inactive
3723,1029,Intersection of BERKSHIRE St & CAMBRIDGE St,BERKSHIRE St & CAMBRIDGE St,Small,Active
3724,1005,Intersection of BROADWAY & DICKINSON St,BROADWAY & DICKINSON St,Medium,Active
3725,1020,Intersection of FOCH St & Gladstone St,FOCH St & Gladstone St,Large,Active
3726,1017,Intersection of TUDOR St & Sidney St,TUDOR St & Sidney St,Large,Active
3727,1021,EDMUNDS St Site,EDMUNDS St,Small,Active
3728,1010,Intersection of Massachusetts Ave & Dunster St,Massachusetts Ave & Dunster St,Small,Inactive
3729,1005,Intersection of Huron Ave & Park Ave,Huron Ave & Park Ave,Large,Active
3730,1004,Intersection of MAPLE Ave & Broadway,MAPLE Ave & Broadway,Large,Active
3731,1006,Intersection of HANCOCK St & MASSACHUSETTS Ave,HANCOCK St & MASSACHUSETTS Ave,Large,Active
3732,1026,Intersection of FARWELL Pl & Brattle St,FARWELL Pl & Brattle St,Small,Active
3733,1004,Intersection of BRATTLE St & CHANNING St,BRATTLE St & CHANNING St,Large,Active
3734,1030,"200 Bent St Site","200 Bent St",Large,Inactive
3735,1007,Intersection of Sixth St & Binney St,Sixth St & Binney St,Small,Inactive
3736,1007,Intersection of AMES St & MEMORIAL DR,AMES St & MEMORIAL DR,Medium,Active
3737,1018,"700 Massachusetts Ave Site","700 Massachusetts Ave",Medium,Active
3738,1003,"800 Concord Ave Site","800 Concord Ave",Large,Inactive
3739,1001,"900 Cambridge St Site","900 Cambridge St",Medium,Active
3740,1024,Intersection of BISHOP ALLEN DR & Columbia St,BISHOP ALLEN DR & Columbia St,Medium,Active
3741,1025,Warren St Site,Warren St,Medium,Active
3742,1004,Intersection of Market St & Broadway,Market St & Broadway,Medium,Active
3743,1006,Marie Ave Site,Marie Ave,Large,Inactive
3744,1009,Intersection of Linnaean St & Massachusetts Ave,Linnaean St & Massachusetts Ave,Medium,Inactive
3745,1022,"200 WESTERN Ave Site","200 WESTERN Ave",Medium,Active
3746,1014,"100 Chilton St Site","100 Chilton St",Small,Active
3747,1028,Inman Pl Site,Inman Pl,Large,Active
3748,1012,Hayes St Site,Hayes St,Small,Active
3749,1028,"300 Evereteze Way Site","300 Evereteze Way",Small,Active
3750,1025,Intersection of Broadway & Cambridge St,Broadway & Cambridge St,Large,Active
3751,1020,"100 Banks St Site","100 Banks St",Medium,Inactive
3752,1024,Intersection of Massachusetts Ave & Douglass St,Massachusetts Ave & Douglass St,Small,Inactive
3753,1025,Intersection of Bishop Allen Dr & Douglass St,Bishop Allen Dr & Douglass St,Large,Active
3754,1004,Intersection of HENRY St & WAVERLY St,HENRY St & WAVERLY St,Medium,Active
3755,1021,"200 Albany St Site","200 Albany St",Large,Active
3756,1030,Intersection of PINE St & Washington St,PINE St & Washington St,Small,Inactive
3757,1024,Intersection of CALLENDER St & HOWARD St,CALLENDER St & HOWARD St,Medium,Inactive
3758,1012,Mellen St Site,Mellen St,Medium,Active
3759,1010,Intersection of BISHOP ALLEN DR & Prospect St,BISHOP ALLEN DR & Prospect St,Large,Active
3760,1030,Intersection of HIGH St & PARK Ave,HIGH St & PARK Ave,Medium,Active
3761,1022,Intersection of Dover St & Massachusetts Ave,Dover St & Massachusetts Ave,Small,Active
3762,1028,"400 Washington St Site","400 Washington St",Small,Active
3763,1007,Intersection of Second St & Cambridge St,Second St & Cambridge St,Small,Inactive
3764,1003,Intersection of Sciarappa St & Spring St,Sciarappa St & Spring St,Large,Inactive
3765,1023,St Mary Rd Site,St Mary Rd,Medium,Active
3766,1028,Intersection of Cameron Ave & Massachusetts Ave,Cameron Ave & Massachusetts Ave,Medium,Active
3767,1014,Intersection of Beech St & Massachusetts Ave,Beech St & Massachusetts Ave,Medium,Active
3768,1024,River St Site,River St,Small,Inactive
3769,1010,Austin Park Site,Austin Park,Medium,Inactive
3770,1016,Intersection of Watson St & Brookline St,Watson St & Brookline St,Small,Active
3771,1016,Rollins Ct Site,Rollins Ct,Medium,Active
3772,1022,Intersection of Massachusetts Ave & Sellers St,Massachusetts Ave & Sellers St,Small,Active
3773,1010,Garden St Site,Garden St,Medium,Active
3774,1025,Intersection of Magazine St & Putnam Ave,Magazine St & Putnam Ave,Large,Active
3775,1013,Lexington Ave Site,Lexington Ave,Large,Inactive
3776,1006,Intersection of Allston St & Pleasant St,Allston St & Pleasant St,Small,Active
3777,1012,Larch Rd Site,Larch Rd,Small,Active
3778,1009,Intersection of SCIARAPPA St & Winter St,SCIARAPPA St & Winter St,Medium,Active
3779,1013,Fairmont St Site,Fairmont St,Medium,Active
3780,1004,Athens St Site,Athens St,Large,Active
3781,1024,Intersection of Massachusetts Ave & Front St,Massachusetts Ave & Front St,Medium,Active
3782,1011,Intersection of MASSACHUSETTS Ave & Sellers St,MASSACHUSETTS Ave & Sellers St,Small,Active
3783,1020,Intersection of MASSACHUSETTS Ave & NORRIS St,MASSACHUSETTS Ave & NORRIS St,Small,Active
3784,1018,Sherman St Site,Sherman St,Small,Active
3785,1026,Andrew St Site,Andrew St,Small,Active
3786,1011,"100 Oxford Ave Site","100 Oxford Ave",Small,Active
3787,1025,Carver St Site,Carver St,Large,Inactive
3788,1021,Intersection of Concord Ave & Huron Ave,Concord Ave & Huron Ave,Large,Active
3789,1004,Cedar St Site,Cedar St,Small,Inactive
3790,1018,Intersection of Coolidge Hill & Mount Auburn St,Coolidge Hill & Mount Auburn St,Medium,Active
3791,1001,Agassiz St Site,Agassiz St,Small,Inactive
3792,1027,Jackson Pl Site,Jackson Pl,Large,Active
3793,1007,Intersection of AUBURN St & Brookline St,AUBURN St & Brookline St,Small,Active
3794,1006,Intersection of Cambridge St & Third St,Cambridge St & Third St,Large,Active
3795,1015,Intersection of IRVING St & KIRKLAND St,IRVING St & KIRKLAND St,Large,Active
3796,1018,Intersection of Essex St & Harvard St,Essex St & Harvard St,Small,Active
3797,1024,Intersection of Gurney St & Huron Ave,Gurney St & Huron Ave,Small,Inactive
3798,1011,Intersection of ASHTON Pl & IRVING St,ASHTON Pl & IRVING St,Medium,Active
3799,1020,Buckingham St Site,Buckingham St,Large,Active
3800,1024,Intersection of Hancock St & Centre St,Hancock St & Centre St,Medium,Inactive
3801,1015,Intersection of CAMBRIDGESIDE Pl & LAND BLVD,CAMBRIDGESIDE Pl & LAND BLVD,Small,Inactive
3802,1016,"1300 Cambridge St Site","1300 Cambridge St",Large,Inactive
3803,1007,Intersection of BROADWAY & COLUMBIA St,BROADWAY & COLUMBIA St,Medium,Active
3804,1021,GLENN Ter Site,GLENN Ter,Medium,Inactive
3805,1010,Intersection of Broadway & Portland St,Broadway & Portland St,Medium,Inactive
3806,1026,Intersection of Green St & Magazine Beach,Green St & Magazine Beach,Small,Active
3807,1012,Intersection of Concord Ave & Moulton St,Concord Ave & Moulton St,Small,Active
3808,1024,Intersection of HARVARD St & Remington St,HARVARD St & Remington St,Small,Inactive
3809,1014,GURNEY St Site,GURNEY St,Large,Active
3810,1025,Intersection of MAGNOLIA Ave & MYRTLE Ave,MAGNOLIA Ave & MYRTLE Ave,Small,Inactive
3811,1005,Intersection of VASSAR St & Massachusetts Ave,VASSAR St & Massachusetts Ave,Large,Inactive
3812,1026,Intersection of ROBERTS Rd & Roberts Rd,ROBERTS Rd & Roberts Rd,Medium,Active
3813,1021,Intersection of Cambridge St & Tremont St,Cambridge St & Tremont St,Medium,Active
3814,1018,Intersection of Broadway & Main St,Broadway & Main St,Small,Active
3815,1005,Intersection of Mount Pleasant St & WALDEN St,Mount Pleasant St & WALDEN St,Medium,Active
3816,1003,Intersection of Broadway & Broadway,Broadway & Broadway,Small,Active
3817,1023,Intersection of WESTERN Ave & Massachusetts Ave,WESTERN Ave & Massachusetts Ave,Large,Inactive
3818,1026,"100 Moulton St Site","100 Moulton St",Medium,Active
3819,1005,Intersection of CAMBRIDGE St & FULKERSON St,CAMBRIDGE St & FULKERSON St,Small,Active
3820,1024,"300 Putnam Ave Site","300 Putnam Ave",Medium,Active
3821,1017,Intersection of WENDELL St & Oxford St,WENDELL St & Oxford St,Medium,Active
3822,1019,Intersection of GORE St & Winter St,GORE St & Winter St,Small,Active
3823,1019,Intersection of Harrington Ter & Harrington Ter,Harrington Ter & Harrington Ter,Medium,Active
3824,1025,"200 Concord Ave Site","200 Concord Ave",Medium,Active
3825,1021,Intersection of Danehy Park & Sherman St,Danehy Park & Sherman St,Medium,Inactive
3826,1012,"100 New St Site","100 New St",Medium,Active
3827,1025,CAMBRIDGE Center Site,CAMBRIDGE Center,Large,Inactive
3828,1029,Intersection of KENDALL St & Third St,KENDALL St & Third St,Medium,Active
3829,1009,LEE St Site,LEE St,Medium,Inactive
3830,1001,"100 Garden St Site","100 Garden St",Small,Active
3831,1018,Intersection of WEBSTER Ave & YORK St,WEBSTER Ave & YORK St,Large,Active
3832,1021,Intersection of EVERETEZE WAY & Roosevelt Towers,EVERETEZE WAY & Roosevelt Towers,Small,Active
3833,1004,Intersection of Gore St & Sciarappa St,Gore St & Sciarappa St,Small,Inactive
3834,1010,"200 Prospect St Site","200 Prospect St",Small,Active
3835,1025,Sellers St Site,Sellers St,Large,Active
3836,1007,Intersection of Bishop Allen Dr & Main St,Bishop Allen Dr & Main St,Small,Active
3837,1022,Newton St Site,Newton St,Small,Active
3838,1023,"300 Pearl St Site","300 Pearl St",Small,Active
3839,1001,Intersection of Jefferson Park & Jackson Cir,Jefferson Park & Jackson Cir,Medium,Inactive
3840,1017,Intersection of Charles St & Fulkerson St,Charles St & Fulkerson St,Small,Active
3841,1024,"100 MAY St Site","100 MAY St",Large,Active
3842,1029,Intersection of Inman St & Broadway,Inman St & Broadway,Large,Active
3843,1029,Intersection of Haskell St & Rindge Ave,Haskell St & Rindge Ave,Medium,Active
3844,1002,"200 Tremont St Site","200 Tremont St",Large,Inactive
3845,1028,"100 Antrim St Site","100 Antrim St",Large,Active
3846,1026,Intersection of FRANKLIN St & Sidney St,FRANKLIN St & Sidney St,Medium,Active
3847,1011,Intersection of DANFORTH St & MEMORIAL DR,DANFORTH St & MEMORIAL DR,Small,Active
3848,1009,Intersection of CAMBRIDGE St & Prospect St,CAMBRIDGE St & Prospect St,Medium,Active
3849,1007,Intersection of BROADWAY & Main St,BROADWAY & Main St,Small,Inactive
3850,1022,Intersection of TEMPLE St & Bishop Allen Dr,TEMPLE St & Bishop Allen Dr,Small,Active
3851,1017,WOOD St Site,WOOD St,Large,Active
3852,1017,Intersection of Mifflin Pl & Mount Auburn St,Mifflin Pl & Mount Auburn St,Medium,Active
3853,1002,"700 MAIN St Site","700 MAIN St",Large,Active
3854,1006,ELLERY Pl Site,ELLERY Pl,Large,Active
3855,1014,Intersection of Bow St & Plympton St,Bow St & Plympton St,Small,Active
3856,1006,Intersection of NEW St & Bay State Rd,NEW St & Bay State Rd,Large,Active
3857,1002,Intersection of HARVARD St & SCOUTING WAY,HARVARD St & SCOUTING WAY,Medium,Active
3858,1001,BROADWAY Site,BROADWAY,Large,Active
3859,1010,Intersection of JFK St & Mount Auburn St,JFK St & Mount Auburn St,Large,Active
3860,1021,Intersection of CAMBRIDGE St & FAYETTE St,CAMBRIDGE St & FAYETTE St,Small,Active
3861,1005,Intersection of ELIOT St & JFK St,ELIOT St & JFK St,Medium,Active
3862,1002,Lopez Ave Site,Lopez Ave,Large,Active
3863,1022,Plympton St Site,Plympton St,Small,Active
3864,1016,Intersection of Willard St & Mount Auburn St,Willard St & Mount Auburn St,Large,Inactive
3865,1025,"400 Cardinal Medeiros Ave Site","400 Cardinal Medeiros Ave",Medium,Active
3866,1002,Bristol St Site,Bristol St,Large,Active
3867,1010,Intersection of MELLEN St & Mellen St,MELLEN St & Mellen St,Large,Active
3868,1002,"9700 Massachusetts Ave Site","9700 Massachusetts Ave",Small,Active
3869,1016,Intersection of BLACKSTONE St & Memorial Dr,BLACKSTONE St & Memorial Dr,Large,Active
3870,1016,CHERRY St Site,CHERRY St,Small,Inactive
3871,1019,"100 York St Site","100 York St",Medium,Active
3872,1029,"400 BROADWAY Site","400 BROADWAY",Large,Active
3873,1007,Hudson St Site,Hudson St,Medium,Active
3874,1022,"200 Albany St Site","200 Albany St",Medium,Active
3875,1012,"100 Evereteze Way Site","100 Evereteze Way",Large,Active
3876,1024,Intersection of Massachusetts Ave & Essex St,Massachusetts Ave & Essex St,Small,Active
3877,1015,Ballord Pl Site,Ballord Pl,Medium,Inactive
3878,1008,"700 Memorial Dr Site","700 Memorial Dr",Medium,Active
3879,1006,Intersection of COTTAGE PARK Ave & MASSACHUSETTS Ave,COTTAGE PARK Ave & MASSACHUSETTS Ave,Large,Active
3880,1028,Intersection of Massachusetts Ave & State St,Massachusetts Ave & State St,Large,Inactive
3881,1027,Intersection of Sellers St & Massachusetts Ave,Sellers St & Massachusetts Ave,Large,Inactive
3882,1010,Intersection of Lawrence St & Magazine St,Lawrence St & Magazine St,Large,Inactive
3883,1003,Intersection of Mount Auburn St & Plympton St,Mount Auburn St & Plympton St,Large,Active
3884,1019,Intersection of GARDEN St & Waterhouse St,GARDEN St & Waterhouse St,Large,Active
3885,1017,Intersection of Brattle St & JFK St,Brattle St & JFK St,Small,Active
3886,1007,"100 Winthrop Sq Site","100 Winthrop Sq",Medium,Inactive
3887,1021,"200 Hampshire St Site","200 Hampshire St",Small,Inactive
3888,1020,"500 WINDSOR St Site","500 WINDSOR St",Small,Active
3889,1026,Intersection of Hampshire St & Portland St,Hampshire St & Portland St,Large,Active
3890,1004,"100 MASSACHUSETTS Ave Site","100 MASSACHUSETTS Ave",Medium,Active
3891,1014,Intersection of Brattle St & Mason St,Brattle St & Mason St,Small,Active
3892,1020,Intersection of MASSACHUSETTS Ave & WALDEN St,MASSACHUSETTS Ave & WALDEN St,Large,Inactive
3893,1022,Intersection of CHARLES St & Fifth St,CHARLES St & Fifth St,Large,Inactive
3894,1015,Intersection of BENT St & THIRD St,BENT St & THIRD St,Medium,Active
3895,1024,Intersection of WHITNEY Ave & Magazine St,WHITNEY Ave & Magazine St,Small,Active
3896,1008,Intersection of BRATTLE St & JFK St,BRATTLE St & JFK St,Small,Active
3897,1021,Field St Site,Field St,Small,Inactive
3898,1015,"1100 Massachusetts Ave Site","1100 Massachusetts Ave",Large,Inactive
3899,1022,Intersection of FRANKLIN St & HANCOCK St,FRANKLIN St & HANCOCK St,Medium,Inactive
3900,1020,Intersection of PUTNAM Ave & WHITNEY Ave,PUTNAM Ave & WHITNEY Ave,Medium,Active
3901,1028,Intersection of BRYANT St & SCOTT St,BRYANT St & SCOTT St,Small,Active
3902,1014,Intersection of BRATTLE St & MASSACHUSETTS Ave,BRATTLE St & MASSACHUSETTS Ave,Large,Active
3903,1027,Intersection of LOPEZ St & Pearl St,LOPEZ St & Pearl St,Small,Inactive
3904,1029,Intersection of BROOKLINE St & DECATUR St,BROOKLINE St & DECATUR St,Medium,Inactive
3905,1009,"800 TECHNOLOGY Sq Site","800 TECHNOLOGY Sq",Large,Active
3906,1008,Intersection of DAVENPORT St & Elm Street North,DAVENPORT St & Elm Street North,Small,Active
3907,1026,Ashburton Pl Site,Ashburton Pl,Small,Active
3908,1028,Intersection of DAVENPORT St & SAGINAW Ave,DAVENPORT St & SAGINAW Ave,Large,Active
3909,1026,Intersection of Gore St & Lambert St,Gore St & Lambert St,Medium,Active
3910,1017,"300 Hurley St Site","300 Hurley St",Large,Active
3911,1002,Intersection of Corcoran Ln & Thingvalla Ave,Corcoran Ln & Thingvalla Ave,Small,Active
3912,1025,"300 Binney St Site","300 Binney St",Small,Inactive
3913,1024,"700 Kendall St Site","700 Kendall St",Small,Active
3914,1030,Intersection of EARHART St & GLASSWORKS Ave,EARHART St & GLASSWORKS Ave,Small,Inactive
3915,1003,Intersection of MIDDLESEX St & VAN NORDEN St,MIDDLESEX St & VAN NORDEN St,Medium,Active
3916,1008,Intersection of EMILY St & SIDNEY St,EMILY St & SIDNEY St,Medium,Inactive
3917,1012,Gilmore St Site,Gilmore St,Small,Inactive
3918,1001,CAMELIA Ave Site,CAMELIA Ave,Medium,Active
3919,1010,Intersection of Putnam Ave & Ballord Pl,Putnam Ave & Ballord Pl,Medium,Inactive
3920,1020,Plymouth St Site,Plymouth St,Medium,Active
3921,1003,Intersection of MASSACHUSETTS Ave & Pearl St,MASSACHUSETTS Ave & Pearl St,Small,Active
3922,1006,Intersection of THORNDIKE St & Fifth St,THORNDIKE St & Fifth St,Large,Active
3923,1007,ELLERY Sq Site,ELLERY Sq,Large,Active
3924,1020,Intersection of MASSACHUSETTS Ave & Brookline St,MASSACHUSETTS Ave & Brookline St,Large,Inactive
3925,1023,Intersection of BROOKLINE St & MASSACHUSETTS Ave,BROOKLINE St & MASSACHUSETTS Ave,Small,Active
3926,1025,Intersection of HOLWORTHY St & Belmont St,HOLWORTHY St & Belmont St,Medium,Inactive
3927,1027,"100 HOVEY Ave Site","100 HOVEY Ave",Medium,Active
3928,1018,Intersection of ELLERY St & Harvard St,ELLERY St & Harvard St,Small,Inactive
3929,1011,Intersection of MASSACHUSETTS Ave & Prospect St,MASSACHUSETTS Ave & Prospect St,Small,Active
3930,1019,Intersection of COOLIDGE HILL Rd & Mount Auburn St,COOLIDGE HILL Rd & Mount Auburn St,Large,Active
3931,1005,Intersection of INMAN St & Broadway,INMAN St & Broadway,Large,Active
3932,1019,"100 New St Site","100 New St",Small,Inactive
3933,1011,Chatham St Site,Chatham St,Large,Active
3934,1024,"100 School St Site","100 School St",Medium,Active
3935,1012,Intersection of Landsdowne St & Massachusetts Ave,Landsdowne St & Massachusetts Ave,Small,Active
3936,1010,Intersection of Pine St & School St,Pine St & School St,Small,Active
3937,1008,Douglass St Site,Douglass St,Medium,Active
3938,1024,Intersection of WINDSOR St & Washington St,WINDSOR St & Washington St,Medium,Active
3939,1028,Intersection of INMAN St & Inman Pl,INMAN St & Inman Pl,Medium,Active
3940,1028,Intersection of NORFOLK CT & NORFOLK St,NORFOLK CT & NORFOLK St,Large,Inactive
3941,1009,"700 CONCORD Ave Site","700 CONCORD Ave",Small,Active
3942,1004,Intersection of MASSACHUSETTS Ave & Chester St,MASSACHUSETTS Ave & Chester St,Large,Active
3943,1005,WYMAN St Site,WYMAN St,Medium,Inactive
3944,1021,Intersection of Massachusetts Ave & Sidney St,Massachusetts Ave & Sidney St,Large,Active
3945,1008,Intersection of FULKERSON St & SPRING St,FULKERSON St & SPRING St,Medium,Active
3946,1023,Intersection of HOMER Ave & Mount Auburn St,HOMER Ave & Mount Auburn St,Large,Active
3947,1009,"400 Green St Site","400 Green St",Large,Active
3948,1015,Intersection of MAGAZINE St & Florence St,MAGAZINE St & Florence St,Medium,Active
3949,1015,Intersection of CAMBRIDGE St & Dana St,CAMBRIDGE St & Dana St,Large,Active
3950,1016,Intersection of Bishop Allen Dr & Norfolk St,Bishop Allen Dr & Norfolk St,Small,Inactive
3951,1014,Holyoke Pl Site,Holyoke Pl,Large,Active
3952,1008,Intersection of BROADWAY & HAMPSHIRE St,BROADWAY & HAMPSHIRE St,Large,Active
3953,1018,"100 BROADWAY Site","100 BROADWAY",Small,Active
3954,1010,"100 MATIGNON Rd Site","100 MATIGNON Rd",Medium,Active
3955,1028,FARRELL WAY Site,FARRELL WAY,Small,Active
3956,1020,Intersection of HERBERT St & RICHDALE Ave,HERBERT St & RICHDALE Ave,Large,Active
3957,1006,Intersection of HURON Ave & LARCHWOOD DR,HURON Ave & LARCHWOOD DR,Medium,Active
3958,1012,Intersection of Broadway & Fayette St,Broadway & Fayette St,Large,Active
3959,1002,APPLETON Ter Site,APPLETON Ter,Large,Active
3960,1007,Intersection of River St & Memorial Dr,River St & Memorial Dr,Small,Active
3961,1016,"300 RINDGE Ave Site","300 RINDGE Ave",Small,Active
3962,1003,Intersection of MASSACHUSETTS Ave & PEABODY St,MASSACHUSETTS Ave & PEABODY St,Medium,Active
3963,1013,Intersection of LOWELL St & Mount Auburn St,LOWELL St & Mount Auburn St,Medium,Active
3964,1003,Intersection of HOLWORTHY St & HURON Ave,HOLWORTHY St & HURON Ave,Medium,Active
3965,1027,Tremont St Site,Tremont St,Large,Active
3966,1018,Intersection of MIFFLIN Pl & Mount Auburn St,MIFFLIN Pl & Mount Auburn St,Small,Active
3967,1011,Intersection of ESSEX St & Ashburton Pl,ESSEX St & Ashburton Pl,Small,Active
3968,1008,Intersection of Thorndike St & First St,Thorndike St & First St,Small,Active
3969,1006,Intersection of Hurley St & Third St,Hurley St & Third St,Medium,Active
3970,1001,Intersection of MASSACHUSETTS Ave & Dunster St,MASSACHUSETTS Ave & Dunster St,Small,Active
3971,1028,Intersection of Windsor St & Lincoln St,Windsor St & Lincoln St,Small,Active
3972,1001,Intersection of FRANKLIN St & PUTNAM Ave,FRANKLIN St & PUTNAM Ave,Small,Inactive
3973,1023,Intersection of CLIFTON St & HARVEY St,CLIFTON St & HARVEY St,Medium,Active
3974,1008,Fresh Pond Pky Site,Fresh Pond Pky,Small,Inactive
3975,1005,Intersection of Broadway & Third St,Broadway & Third St,Medium,Inactive
3976,1028,Intersection of ELLSWORTH Ave & Ellsworth Park,ELLSWORTH Ave & Ellsworth Park,Small,Active
3977,1016,Intersection of HAMPSHIRE St & UNION St,HAMPSHIRE St & UNION St,Small,Active
3978,1011,Intersection of NEWTOWNE CT & Washington St,NEWTOWNE CT & Washington St,Small,Active
3979,1005,Intersection of Buena Vista Park & UPLAND Rd,Buena Vista Park & UPLAND Rd,Medium,Active
3980,1004,Intersection of Harvard St & Davis St,Harvard St & Davis St,Medium,Active
3981,1030,Intersection of BISHOP ALLEN DR & Essex St,BISHOP ALLEN DR & Essex St,Small,Inactive
3982,1006,HINGHAM St Site,HINGHAM St,Large,Inactive
3983,1014,Intersection of Main St & Windsor St,Main St & Windsor St,Medium,Active
3984,1022,Intersection of MASSACHUSETTS Ave & Massachusetts Ave,MASSACHUSETTS Ave & Massachusetts Ave,Medium,Active
3985,1019,SIDNEY St Site,SIDNEY St,Small,Active
3986,1009,"400 Norfolk St Site","400 Norfolk St",Large,Inactive
3987,1012,Binney St Site,Binney St,Small,Active
3988,1011,Intersection of BEECH St & Elm St,BEECH St & Elm St,Medium,Active
3989,1014,Kimball St Site,Kimball St,Medium,Active
3990,1023,Intersection of Main St & Ames St,Main St & Ames St,Small,Inactive
3991,1016,Intersection of BAY StATE Rd & NEW St,BAY StATE Rd & NEW St,Small,Active
3992,1001,CYPRESS St Site,CYPRESS St,Large,Active
3993,1013,Intersection of Albany St & Pacific St,Albany St & Pacific St,Large,Active
3994,1023,WORCESTER St Site,WORCESTER St,Medium,Active
3995,1021,Intersection of LAWRENCE St & Magazine St,LAWRENCE St & Magazine St,Large,Active
3996,1021,Intersection of Palmer St & Brattle St,Palmer St & Brattle St,Large,Active
3997,1030,Intersection of KIRKLAND St & OXFORD St,KIRKLAND St & OXFORD St,Medium,Inactive
3998,1013,Intersection of Massachusetts Ave & Everett St,Massachusetts Ave & Everett St,Medium,Active
3999,1002,Intersection of NORTH POINT BLVD & Education St,NORTH POINT BLVD & Education St,Medium,Active
4000,1004,Intersection of HASKELL St & Pemberton St,HASKELL St & Pemberton St,Medium,Active
4001,1028,Intersection of CONCORD Ave & MADISON St,CONCORD Ave & MADISON St,Small,Inactive
4002,1006,Hingham St Site,Hingham St,Medium,Active
4003,1026,Pine St Site,Pine St,Medium,Active
4004,1027,Intersection of GORE St & Sixth St,GORE St & Sixth St,Medium,Active
4005,1023,Intersection of AMORY St & HAMPSHIRE St,AMORY St & HAMPSHIRE St,Large,Active
4006,1027,"100 BOW St Site","100 BOW St",Medium,Inactive
4007,1005,ALLSTON CT Site,ALLSTON CT,Small,Active
4008,1025,Intersection of LINNAEAN St & WALKER St,LINNAEAN St & WALKER St,Small,Active
4009,1003,"1300 MASSACHUSETTS Ave Site","1300 MASSACHUSETTS Ave",Medium,Inactive
4010,1001,"200 Cambridgepark Dr Site","200 Cambridgepark Dr",Small,Active
4011,1004,Intersection of MASSACHUSETTS Ave & Porter Sq,MASSACHUSETTS Ave & Porter Sq,Large,Inactive
4012,1025,Intersection of Cambridge St & Windsor St,Cambridge St & Windsor St,Medium,Active
4013,1020,Intersection of GARFIELD St & OXFORD St,GARFIELD St & OXFORD St,Small,Active
4014,1002,"300 RINDGE Ave Site","300 RINDGE Ave",Small,Active
4015,1026,Intersection of MUNROE St & Third St,MUNROE St & Third St,Medium,Active
4016,1030,Intersection of MUNROE St & THIRD St,MUNROE St & THIRD St,Small,Inactive
4017,1030,Intersection of MEAD St & WALDEN St,MEAD St & WALDEN St,Medium,Inactive
4018,1005,Intersection of GARDEN St & WALDEN St,GARDEN St & WALDEN St,Small,Active
4019,1003,Intersection of BOWDOIN St & HUDSON St,BOWDOIN St & HUDSON St,Large,Active
4020,1029,Intersection of CONCORD Ave & FERN St,CONCORD Ave & FERN St,Small,Active
4021,1028,Intersection of WATER St & Monsignor OBrien Hwy,WATER St & Monsignor OBrien Hwy,Small,Active
4022,1029,"100 CORCORAN LN Site","100 CORCORAN LN",Medium,Active
4023,1009,"100 White St Site","100 White St",Small,Active
4024,1020,Intersection of Main St & Dock St,Main St & Dock St,Medium,Inactive
4025,1006,Intersection of CHILTON St & Concord Ave,CHILTON St & Concord Ave,Large,Inactive
4026,1018,STATE St Site,STATE St,Medium,Active
4027,1006,Intersection of BROADWAY & ELLSWORTH Ave,BROADWAY & ELLSWORTH Ave,Medium,Active
4028,1019,Intersection of WINDSOR St & Palermo St,WINDSOR St & Palermo St,Small,Inactive
4029,1028,Intersection of Windsor St & Broadway,Windsor St & Broadway,Large,Active
4030,1012,Intersection of MASSACHUSETTS Ave & Blake St,MASSACHUSETTS Ave & Blake St,Medium,Inactive
4031,1025,Intersection of GREEN St & Pleasant St,GREEN St & Pleasant St,Small,Active
4032,1011,Intersection of GILMORE St & Western Ave,GILMORE St & Western Ave,Small,Active
4033,1002,REVERE St Site,REVERE St,Medium,Active
4034,1015,Intersection of MARTIN St & MASSACHUSETTS Ave,MARTIN St & MASSACHUSETTS Ave,Small,Active
4035,1012,Intersection of MASSACHUSETTS Ave & Putnam Ave,MASSACHUSETTS Ave & Putnam Ave,Medium,Active
4036,1012,"100 CLARK St Site","100 CLARK St",Medium,Inactive
4037,1009,Intersection of CHILTON St & HURON Ave,CHILTON St & HURON Ave,Medium,Active
4038,1021,CROSSLAND St Site,CROSSLAND St,Large,Active
4039,1024,Intersection of MASSACHUSETTS Ave & Bay St,MASSACHUSETTS Ave & Bay St,Medium,Active
4040,1002,Intersection of CAMBRIDGE St & Antrim St,CAMBRIDGE St & Antrim St,Small,Active
4041,1022,"1400 Kendall Sq Site","1400 Kendall Sq",Large,Active
4042,1003,"300 KENDALL St Site","300 KENDALL St",Small,Inactive
4043,1012,Flagg St Site,Flagg St,Large,Active
4044,1028,Intersection of BRYANT St & IRVING St,BRYANT St & IRVING St,Large,Active
4045,1030,Intersection of ELLERY St & Broadway,ELLERY St & Broadway,Large,Active
4046,1026,Intersection of BENNETT St & ELIOT St,BENNETT St & ELIOT St,Large,Active
4047,1016,COTTAGE CT Site,COTTAGE CT,Small,Active
4048,1021,Intersection of GARDEN St & SHERMAN St,GARDEN St & SHERMAN St,Medium,Active
4049,1028,Intersection of Putnam Ave & River St,Putnam Ave & River St,Small,Active
4050,1024,Intersection of Garden St & Appian Way,Garden St & Appian Way,Medium,Active
4051,1026,Intersection of Eliot St & Bennett St,Eliot St & Bennett St,Small,Active
4052,1030,"100 Gerrys Landing Rd Site","100 Gerrys Landing Rd",Large,Inactive
4053,1001,Intersection of MASSACHUSETTS Ave & NEWPORT Rd,MASSACHUSETTS Ave & NEWPORT Rd,Large,Inactive
4054,1021,Intersection of GORE St & Rufo Rd,GORE St & Rufo Rd,Medium,Active
4055,1003,Healey St Site,Healey St,Medium,Inactive
4056,1020,Intersection of DUDLEY St & MONTGOMERY St,DUDLEY St & MONTGOMERY St,Small,Inactive
4057,1002,Intersection of Massachusetts Ave & Massachusetts Ave,Massachusetts Ave & Massachusetts Ave,Medium,Inactive
4058,1009,Intersection of NORFOLK CT & Elm St,NORFOLK CT & Elm St,Small,Inactive
4059,1019,Intersection of WHEELER St & Concord Ave,WHEELER St & Concord Ave,Medium,Active
4060,1015,Intersection of NORFOLK St & SUFFOLK St,NORFOLK St & SUFFOLK St,Medium,Active
4061,1018,"1100 MASSACHUSETTS Ave Site","1100 MASSACHUSETTS Ave",Medium,Active
4062,1026,Intersection of Massachusetts Ave & Douglass St,Massachusetts Ave & Douglass St,Large,Active
4063,1011,Intersection of BRATTLE St & LOWELL St,BRATTLE St & LOWELL St,Large,Active
4064,1025,Intersection of Putnam Ave & Magee St,Putnam Ave & Magee St,Small,Inactive
4065,1023,Intersection of MASSACHUSETTS Ave & Western Ave,MASSACHUSETTS Ave & Western Ave,Medium,Active
4066,1016,Intersection of Peabody St & Massachusetts Ave,Peabody St & Massachusetts Ave,Small,Active
4067,1022,"200 GARDEN St Site","200 GARDEN St",Medium,Active
4068,1017,Intersection of BOARDMAN St & Harvard St,BOARDMAN St & Harvard St,Large,Active
4069,1005,"800 Somerville Ave Site","800 Somerville Ave",Large,Active
4070,1012,Intersection of CADBURY Rd & SHERMAN St,CADBURY Rd & SHERMAN St,Medium,Active
4071,1011,Intersection of LAWN CT & May St,LAWN CT & May St,Medium,Active
4072,1030,Intersection of ALLSTON St & FAIRMONT Ave,ALLSTON St & FAIRMONT Ave,Large,Active
4073,1015,Intersection of PEMBERTON St & SARGENT St,PEMBERTON St & SARGENT St,Large,Active
4074,1027,"400 Franklin St Site","400 Franklin St",Small,Active
4075,1003,Blackstone St Site,Blackstone St,Large,Active
4076,1001,Intersection of HARDING St & JEFFERSON St,HARDING St & JEFFERSON St,Medium,Active
4077,1020,Intersection of GERRY St & Mount Auburn St,GERRY St & Mount Auburn St,Small,Inactive
4078,1029,Intersection of PLYMOUTH St & Hamlin St,PLYMOUTH St & Hamlin St,Medium,Inactive
4079,1016,ALLSTON St Site,ALLSTON St,Small,Active
4080,1002,Intersection of AKRON St & BANKS St,AKRON St & BANKS St,Medium,Active
4081,1002,Intersection of Danehy Park & New St,Danehy Park & New St,Large,Inactive
4082,1003,"900 MASSACHUSETTS Ave Site","900 MASSACHUSETTS Ave",Medium,Inactive
4083,1008,DANA Pl Site,DANA Pl,Small,Active
4084,1024,Intersection of KIRKLAND St & TROWBRIDGE St,KIRKLAND St & TROWBRIDGE St,Medium,Active
4085,1028,CARLETON St Site,CARLETON St,Small,Active
4086,1015,Intersection of MASSACHUSETTS Ave & Mount Vernon St,MASSACHUSETTS Ave & Mount Vernon St,Medium,Active
4087,1007,"100 Wadsworth St Site","100 Wadsworth St",Large,Active
4088,1006,Water St Site,Water St,Large,Active
4089,1009,Intersection of FARRAR St & IRVING St,FARRAR St & IRVING St,Medium,Active
4090,1020,"200 BENT St Site","200 BENT St",Medium,Active
4091,1028,"500 BROADWAY Site","500 BROADWAY",Medium,Inactive
4092,1001,WESTACOTT CT Site,WESTACOTT CT,Small,Active
4093,1008,"900 MASSACHUSETTS Ave Site","900 MASSACHUSETTS Ave",Medium,Active
4094,1023,Prospect St Site,Prospect St,Medium,Active
4095,1023,Intersection of Harding St & Cambridge St,Harding St & Cambridge St,Small,Active
4096,1003,DOUGLASS St Site,DOUGLASS St,Large,Active
4097,1004,Intersection of Cardinal Medeiros Ave & Cambridge St,Cardinal Medeiros Ave & Cambridge St,Medium,Active
4098,1026,"100 Monsignor OBrien Hwy Site","100 Monsignor OBrien Hwy",Medium,Active
4099,1025,"500 Windsor St Site","500 Windsor St",Large,Active
4100,1015,Intersection of VAIL CT & Bishop Allen Dr,VAIL CT & Bishop Allen Dr,Large,Active
4101,1006,Intersection of CHANNING St & Brattle St,CHANNING St & Brattle St,Small,Active
4102,1015,"200 Appleton St Site","200 Appleton St",Medium,Active
4103,1021,Intersection of MASSACHUSETTS Ave & PEARL St,MASSACHUSETTS Ave & PEARL St,Medium,Active
4104,1003,Intersection of MASSACHUSETTS Ave & Waterhouse St,MASSACHUSETTS Ave & Waterhouse St,Small,Inactive
4105,1025,"100 PEARL StREET Pl Site","100 PEARL StREET Pl",Large,Inactive
4106,1021,Central Sq MBTA Stat Site,Central Sq MBTA Stat,Small,Active
4107,1021,"100 CLAY St Site","100 CLAY St",Large,Active
4108,1014,Holworthy Pl Site,Holworthy Pl,Small,Inactive
4109,1020,Intersection of DAVENPORT St & MASSACHUSETTS Ave,DAVENPORT St & MASSACHUSETTS Ave,Large,Inactive
4110,1014,Intersection of CAMBRIDGE Ter & RICHDALE Ave,CAMBRIDGE Ter & RICHDALE Ave,Small,Inactive
4111,1004,WHITE St Site,WHITE St,Large,Active
4112,1012,"200 Thorndike Pl Site","200 Thorndike Pl",Large,Active
4113,1017,"1400 MASSACHUSETTS Ave Site","1400 MASSACHUSETTS Ave",Large,Active
4114,1007,Pilgrim St Site,Pilgrim St,Large,Active
4115,1009,Intersection of GLASSWORKS Ave & LEIGHTON St,GLASSWORKS Ave & LEIGHTON St,Large,Inactive
4116,1003,Intersection of Fainwood Cir & Fayette St,Fainwood Cir & Fayette St,Medium,Inactive
4117,1028,AUDREY St Site,AUDREY St,Large,Active
4118,1013,Monsignor OBrien Hwy Site,Monsignor OBrien Hwy,Medium,Active
4119,1015,Intersection of Webster Ave & Plymouth St,Webster Ave & Plymouth St,Large,Active
4120,1018,Intersection of CAMBRIDGE St & Webster Ave,CAMBRIDGE St & Webster Ave,Medium,Inactive
4121,1019,Intersection of MASSACHUSETTS Ave & Garden St,MASSACHUSETTS Ave & Garden St,Medium,Inactive
4122,1001,Intersection of Hampshire St & Broadway,Hampshire St & Broadway,Small,Active
4123,1006,Intersection of EDMUNDS St & MASSACHUSETTS Ave,EDMUNDS St & MASSACHUSETTS Ave,Large,Active
4124,1027,"1200 MASSACHUSETTS Ave Site","1200 MASSACHUSETTS Ave",Small,Inactive
4125,1027,Intersection of Eliot St & Mount Auburn St,Eliot St & Mount Auburn St,Small,Active
4126,1023,Intersection of JEFFERSON St & Marion St,JEFFERSON St & Marion St,Large,Active
4127,1027,Intersection of LINE St & Line St,LINE St & Line St,Small,Inactive
4128,1027,MAGEE St Site,MAGEE St,Large,Active
4129,1002,Intersection of WESTERN Ave & Auburn St,WESTERN Ave & Auburn St,Small,Inactive
4130,1024,Intersection of West St & Broadway Ter,West St & Broadway Ter,Large,Active
4131,1014,Intersection of Amory St & Broadway,Amory St & Broadway,Large,Inactive
4132,1006,Intersection of Mellen St & Massachusetts Ave,Mellen St & Massachusetts Ave,Large,Active
4133,1014,Landsdowne St Site,Landsdowne St,Medium,Active
4134,1004,"500 BROADWAY Site","500 BROADWAY",Small,Active
4135,1021,"100 FRESH POND Pl Site","100 FRESH POND Pl",Medium,Active
4136,1008,"100 LOPEZ St Site","100 LOPEZ St",Small,Active
4137,1030,Intersection of Central Sq & Central Sq,Central Sq & Central Sq,Small,Active
4138,1003,Intersection of EIGHTH St & SPRING St,EIGHTH St & SPRING St,Small,Inactive
4139,1019,Intersection of LAWRENCE St & PEARL St,LAWRENCE St & PEARL St,Medium,Active
4140,1030,WALKER StREET Pl Site,WALKER StREET Pl,Small,Inactive
4141,1014,Intersection of SIXTH St & THORNDIKE St,SIXTH St & THORNDIKE St,Medium,Active
4142,1027,Intersection of Cardinal Medeiros Ave & Binney St,Cardinal Medeiros Ave & Binney St,Large,Active
4143,1020,Intersection of RICHARD Ave & MURRAY HILL Rd,RICHARD Ave & MURRAY HILL Rd,Small,Active
4144,1017,Intersection of PLYMOUTH St & Webster Ave,PLYMOUTH St & Webster Ave,Small,Active
4145,1025,"100 Fulkerson St Site","100 Fulkerson St",Large,Active
4146,1008,Intersection of BANKS St & Grant St,BANKS St & Grant St,Large,Active
4147,1024,Intersection of Mount Auburn St & Holyoke St,Mount Auburn St & Holyoke St,Small,Active
4148,1014,"100 LAND BLVD Site","100 LAND BLVD",Large,Inactive
4149,1026,Intersection of MASSACHUSETTS Ave & Temple St,MASSACHUSETTS Ave & Temple St,Medium,Active
4150,1006,Intersection of LEIGHTON St & North Point Blvd,LEIGHTON St & North Point Blvd,Medium,Active
4151,1023,Intersection of Cambridge St & Columbia St,Cambridge St & Columbia St,Small,Active
4152,1022,Intersection of Amherst St & Wadsworth St,Amherst St & Wadsworth St,Medium,Inactive
4153,1016,Intersection of WINDSOR St & Cambridge St,WINDSOR St & Cambridge St,Medium,Active
4154,1025,UNION Ter Site,UNION Ter,Small,Active
4155,1019,Intersection of EDUCATION St & MUSEUM WAY,EDUCATION St & MUSEUM WAY,Large,Active
4156,1014,Intersection of PEMBERTON St & Haskell St,PEMBERTON St & Haskell St,Small,Inactive
4157,1019,WORTHINGTON St Site,WORTHINGTON St,Medium,Active
4158,1003,Intersection of LAND BLVD & MONSIGNOR OBRIEN HWY,LAND BLVD & MONSIGNOR OBRIEN HWY,Small,Active
4159,1010,Intersection of Massachusetts Ave & Memorial Dr,Massachusetts Ave & Memorial Dr,Small,Inactive
4160,1019,Intersection of BLACKSTONE St & River St,BLACKSTONE St & River St,Medium,Inactive
4161,1009,"100 Pleasant St Site","100 Pleasant St",Medium,Active
4162,1028,Intersection of COLUMBIA St & MASSACHUSETTS Ave,COLUMBIA St & MASSACHUSETTS Ave,Small,Inactive
4163,1020,Intersection of FIRST St & Otis St,FIRST St & Otis St,Medium,Active
4164,1013,Intersection of DEWOLFE St & MILL St,DEWOLFE St & MILL St,Medium,Active
4165,1007,Intersection of BROOKLINE St & MEMORIAL DR,BROOKLINE St & MEMORIAL DR,Medium,Inactive
4166,1014,Intersection of BINNEY St & Galileo Galilei Way,BINNEY St & Galileo Galilei Way,Medium,Active
4167,1009,Park Ave Site,Park Ave,Medium,Inactive
4168,1027,Intersection of RAYMOND St & WALDEN St,RAYMOND St & WALDEN St,Medium,Active
4169,1028,Mason St Site,Mason St,Large,Active
4170,1023,GLASSWORKS Ave Site,GLASSWORKS Ave,Small,Active
4171,1025,"100 HANCOCK St Site","100 HANCOCK St",Medium,Active
4172,1028,Intersection of BROADWAY & HAMPSHIRE St,BROADWAY & HAMPSHIRE St,Small,Active
4173,1019,Intersection of Rindge Ave & Clay St,Rindge Ave & Clay St,Large,Active
4174,1015,Intersection of Elm Street North & TENNEY St,Elm Street North & TENNEY St,Medium,Active
4175,1020,PEABODY St Site,PEABODY St,Small,Active
4176,1014,"100 BELMONT St Site","100 BELMONT St",Medium,Inactive
4177,1024,"200 HURON Ave Site","200 HURON Ave",Medium,Active
4178,1006,Intersection of Broadway & Trowbridge St,Broadway & Trowbridge St,Medium,Active
4179,1021,Intersection of Prince St & MAGAZINE St,Prince St & MAGAZINE St,Medium,Active
4180,1029,Intersection of ERIE St & MAGAZINE St,ERIE St & MAGAZINE St,Medium,Active
4181,1004,Intersection of CHESTNUT St & SIDNEY St,CHESTNUT St & SIDNEY St,Medium,Active
4182,1008,Intersection of Hews St & WESTERN Ave,Hews St & WESTERN Ave,Medium,Inactive
4183,1017,Intersection of DUDLEY St & MASSACHUSETTS Ave,DUDLEY St & MASSACHUSETTS Ave,Large,Active
4184,1030,Intersection of BRATTLE St & Church St,BRATTLE St & Church St,Large,Active
4185,1009,Laurel St Site,Laurel St,Medium,Inactive
4186,1001,Intersection of NORTH POINT BLVD & Museum Way,NORTH POINT BLVD & Museum Way,Medium,Active
4187,1024,"300 LEXINGTON Ave Site","300 LEXINGTON Ave",Large,Inactive
4188,1020,"200 Fifth St Site","200 Fifth St",Large,Active
4189,1025,"200 GARDEN St Site","200 GARDEN St",Large,Active
4190,1014,Intersection of Mount Auburn St & TRAILL St,Mount Auburn St & TRAILL St,Medium,Inactive
4191,1011,CHURCH St Site,CHURCH St,Small,Active
4192,1021,Intersection of ELLERY St & MASSACHUSETTS Ave,ELLERY St & MASSACHUSETTS Ave,Small,Inactive
4193,1003,"600 Massachusetts Ave Site","600 Massachusetts Ave",Small,Active
4194,1009,Intersection of Main St & Broadway,Main St & Broadway,Small,Active
4195,1027,SACRAMENTO St Site,SACRAMENTO St,Medium,Inactive
4196,1014,Intersection of MASSACHUSETTS Ave & Shea Rd,MASSACHUSETTS Ave & Shea Rd,Small,Active
4197,1030,Intersection of GORE St & Gore St,GORE St & Gore St,Large,Active
4198,1009,Intersection of CONCORD Ave & FAWCETT St,CONCORD Ave & FAWCETT St,Large,Inactive
4199,1004,CAMDEN Pl Site,CAMDEN Pl,Small,Active
4200,1027,"100 Otis St Site","100 Otis St",Large,Active
4201,1004,Intersection of BERKELEY St & PHILLIPS Pl,BERKELEY St & PHILLIPS Pl,Medium,Active
4202,1028,Intersection of CLARY St & PROSPECT St,CLARY St & PROSPECT St,Small,Active
4203,1008,HOLWORTHY Pl Site,HOLWORTHY Pl,Small,Active
4204,1002,Intersection of Madison Ave & Whittemore Ave,Madison Ave & Whittemore Ave,Medium,Inactive
4205,1009,Intersection of ELIOT St & Brattle St,ELIOT St & Brattle St,Large,Active
4206,1029,VANDINE St Site,VANDINE St,Medium,Active
4207,1014,Intersection of FRANKLIN St & RIVER St,FRANKLIN St & RIVER St,Medium,Active
4208,1022,Intersection of Cambridge St & Hampshire St,Cambridge St & Hampshire St,Large,Inactive
4209,1009,Intersection of SCHOOL St & Bishop Allen Dr,SCHOOL St & Bishop Allen Dr,Medium,Inactive
4210,1024,Intersection of Pemberton St & Haskell St,Pemberton St & Haskell St,Large,Active
4211,1023,"100 Brookline Pl Site","100 Brookline Pl",Large,Active
4212,1016,"300 MEMORIAL DR Site","300 MEMORIAL DR",Medium,Active
4213,1029,Intersection of CRESCENT St & OXFORD St,CRESCENT St & OXFORD St,Large,Active
4214,1030,"100 BREWSTER St Site","100 BREWSTER St",Medium,Active
4215,1017,Intersection of MASSACHUSETTS Ave & Inman St,MASSACHUSETTS Ave & Inman St,Large,Active
4216,1016,Intersection of APPLETON St & SAVILLE St,APPLETON St & SAVILLE St,Small,Active
4217,1030,Intersection of LINNAEAN St & Avon Hill St,LINNAEAN St & Avon Hill St,Large,Inactive
4218,1012,"200 PlEASANT St Site","200 PlEASANT St",Large,Active
4219,1003,Intersection of ACACIA St & ASH St,ACACIA St & ASH St,Medium,Active
4220,1011,Intersection of ORCHARD St & RUSSELL St,ORCHARD St & RUSSELL St,Large,Inactive
4221,1014,Intersection of Essex St & Bishop Allen Dr,Essex St & Bishop Allen Dr,Small,Active
4222,1018,Intersection of BERKSHIRE St & HARDWICK St,BERKSHIRE St & HARDWICK St,Small,Active
4223,1021,Intersection of CARDINAL MEDEIROS Ave & HARDWICK St,CARDINAL MEDEIROS Ave & HARDWICK St,Large,Active
4224,1021,Intersection of BROADWAY & CRAWFORD St,BROADWAY & CRAWFORD St,Large,Active
4225,1005,"200 HARVARD St Site","200 HARVARD St",Small,Active
4226,1016,Intersection of MASSACHUSETTS Ave & Mellen St,MASSACHUSETTS Ave & Mellen St,Medium,Active
4227,1020,Concord Ave Site,Concord Ave,Small,Active
4228,1005,Intersection of INMAN St & MASSACHUSETTS Ave,INMAN St & MASSACHUSETTS Ave,Small,Active
4229,1003,Intersection of Sparks St & Brattle St,Sparks St & Brattle St,Large,Active
4230,1012,Intersection of GORE StREET Pl & Rufo Rd,GORE StREET Pl & Rufo Rd,Large,Active
4231,1001,Intersection of BUCKINGHAM St & HEALEY St,BUCKINGHAM St & HEALEY St,Small,Inactive
4232,1021,Intersection of STANDISH St & Waterman Rd,STANDISH St & Waterman Rd,Medium,Active
4233,1029,Intersection of Standish St & Waterman Rd,Standish St & Waterman Rd,Small,Active
4234,1009,Intersection of Brattle St & Mount Auburn St,Brattle St & Mount Auburn St,Small,Inactive
4235,1029,Intersection of Trowbridge St & Massachusetts Ave,Trowbridge St & Massachusetts Ave,Medium,Active
4236,1009,Intersection of Gold Star Rd & Seven Pines Ave,Gold Star Rd & Seven Pines Ave,Small,Inactive
4237,1004,Intersection of Elm St & Broadway,Elm St & Broadway,Small,Active
4238,1003,Intersection of HIGHLAND Ave & Broadway,HIGHLAND Ave & Broadway,Large,Inactive
4239,1017,Intersection of EIGHTH St & OTIS St,EIGHTH St & OTIS St,Medium,Active
4240,1002,Intersection of Sherman St & Walden St,Sherman St & Walden St,Large,Active
4241,1024,"200 Alewife Brook Pky Site","200 Alewife Brook Pky",Large,Active
4242,1001,Broadway Site,Broadway,Medium,Active
4243,1008,Intersection of UPLAND Rd & WASHINGTON Ave,UPLAND Rd & WASHINGTON Ave,Medium,Active
4244,1013,Intersection of Essex St & Massachusetts Ave,Essex St & Massachusetts Ave,Small,Active
4245,1023,CORPORAL BURNS Rd Site,CORPORAL BURNS Rd,Large,Active
4246,1015,Intersection of ENDICOTT St & Memorial Dr,ENDICOTT St & Memorial Dr,Medium,Inactive
4247,1008,Intersection of Yerxa Rd & Pemberton St,Yerxa Rd & Pemberton St,Large,Active
4248,1012,Intersection of Cambridgepark Pl & Alewife Brook Pky,Cambridgepark Pl & Alewife Brook Pky,Large,Active
4249,1022,HOLWORTHY Ter Site,HOLWORTHY Ter,Medium,Active
4250,1012,Intersection of MASSACHUSETTS Ave & PEABODY St,MASSACHUSETTS Ave & PEABODY St,Small,Active
4251,1014,ORCHARD St Site,ORCHARD St,Large,Active
4252,1015,"200 Thorndike St Site","200 Thorndike St",Medium,Active
4253,1015,Intersection of Temple St & Massachusetts Ave,Temple St & Massachusetts Ave,Small,Active
4254,1009,"300 Columbia St Site","300 Columbia St",Large,Active
4255,1019,Intersection of Albany St & Main St,Albany St & Main St,Medium,Inactive
4256,1026,Intersection of RINDGE Ave & SARGENT St,RINDGE Ave & SARGENT St,Large,Active
4257,1020,Intersection of MAIN St & Vassar St,MAIN St & Vassar St,Medium,Inactive
4258,1029,Intersection of Oxford St & Kirkland St,Oxford St & Kirkland St,Medium,Active
4259,1022,Intersection of Putnam Ave & Surrey St,Putnam Ave & Surrey St,Large,Active
4260,1008,"100 MASSACHUSETTS Ave Site","100 MASSACHUSETTS Ave",Large,Active
4261,1021,Intersection of ROLLINS CT & WATSON St,ROLLINS CT & WATSON St,Medium,Active
4262,1019,CRAIGIE CIR Site,CRAIGIE CIR,Small,Active
4263,1006,ST GERARD Ter Site,ST GERARD Ter,Large,Active
4264,1020,Intersection of HANCOCK St & Centre St,HANCOCK St & Centre St,Medium,Inactive
4265,1025,Intersection of River St & Green St,River St & Green St,Medium,Active
4266,1029,Intersection of Cambridgeside Pl & Land Blvd,Cambridgeside Pl & Land Blvd,Small,Active
4267,1019,"1800 MASSACHUSETTS Ave Site","1800 MASSACHUSETTS Ave",Small,Active
4268,1004,Intersection of CONCORD Ave & Fresh Pond Pky,CONCORD Ave & Fresh Pond Pky,Small,Inactive
4269,1023,Intersection of Harvey St & Jackson St,Harvey St & Jackson St,Large,Active
4270,1007,Carlisle St Site,Carlisle St,Medium,Active
4271,1028,Intersection of Fresh Pond Pky & LARCH Rd,Fresh Pond Pky & LARCH Rd,Medium,Active
4272,1028,Intersection of FRANKLIN St & SODEN St,FRANKLIN St & SODEN St,Medium,Inactive
4273,1004,"100 Broadway Site","100 Broadway",Small,Inactive
4274,1022,Intersection of HOLWORTHY St & High St,HOLWORTHY St & High St,Medium,Active
4275,1012,"8200 Central Sq Site","8200 Central Sq",Large,Active
4276,1013,Intersection of BANKS St & COWPERTHWAITE St,BANKS St & COWPERTHWAITE St,Small,Active
4277,1003,"100 Linnaean St Site","100 Linnaean St",Small,Active
4278,1022,Intersection of CARDINAL MEDEIROS Ave & Binney St,CARDINAL MEDEIROS Ave & Binney St,Small,Inactive
4279,1012,Intersection of CENTRAL Sq & Massachusetts Ave,CENTRAL Sq & Massachusetts Ave,Small,Active
4280,1002,Intersection of PROSPECT St & St MARY Rd,PROSPECT St & St MARY Rd,Large,Active
4281,1024,NICHOLS Pl Site,NICHOLS Pl,Medium,Active
4282,1002,Intersection of ALBANY St & Portland St,ALBANY St & Portland St,Large,Active
4283,1027,"100 Amory St Site","100 Amory St",Medium,Active
4284,1023,Intersection of MAGAZINE St & RIVERSIDE Rd,MAGAZINE St & RIVERSIDE Rd,Large,Inactive
4285,1009,"400 Cambridge St Site","400 Cambridge St",Small,Inactive
4286,1001,Intersection of Pemberton St & Warwick Park,Pemberton St & Warwick Park,Small,Active
4287,1008,Intersection of EVERETEZE WAY & Cambridge St,EVERETEZE WAY & Cambridge St,Large,Inactive
4288,1023,Intersection of KIRKLAND St & Irving St,KIRKLAND St & Irving St,Large,Active
4289,1006,ESSEX St Site,ESSEX St,Medium,Active
4290,1006,"600 MASSACHUSETTS Ave Site","600 MASSACHUSETTS Ave",Large,Active
4291,1022,"400 Fresh Pond Pky Site","400 Fresh Pond Pky",Large,Active
4292,1025,Intersection of Bent St & First St,Bent St & First St,Medium,Active
4293,1018,Intersection of HUBBARD Ave & RAYMOND St,HUBBARD Ave & RAYMOND St,Medium,Active
4294,1017,Intersection of CAMBRIDGE St & FIFTH St,CAMBRIDGE St & FIFTH St,Medium,Active
4295,1029,Intersection of SHERMAN St & StEARNS St,SHERMAN St & StEARNS St,Large,Active
4296,1012,Intersection of JFK Park & Mount Auburn St,JFK Park & Mount Auburn St,Medium,Inactive
4297,1006,Intersection of Harvard St & Prospect St,Harvard St & Prospect St,Small,Active
4298,1026,Intersection of Upland Rd & Massachusetts Ave,Upland Rd & Massachusetts Ave,Small,Active
4299,1027,Intersection of CAMBRIDGE St & Windsor St,CAMBRIDGE St & Windsor St,Small,Active
4300,1008,Intersection of BROADWAY & Main St,BROADWAY & Main St,Large,Inactive
4301,1019,"100 Fawcett St Site","100 Fawcett St",Small,Active
4302,1028,Trowbridge St Site,Trowbridge St,Large,Active
4303,1010,Intersection of MAY St & VINEYARD St,MAY St & VINEYARD St,Large,Active
4304,1001,Intersection of CONCORD Ave & GRISWOLD St,CONCORD Ave & GRISWOLD St,Small,Active
4305,1025,Intersection of ALPINE St & CONCORD Ave,ALPINE St & CONCORD Ave,Medium,Active
4306,1029,Intersection of MEMORIAL DR & WESTERN AveNUE BRIDGE,MEMORIAL DR & WESTERN AveNUE BRIDGE,Large,Active
4307,1013,"100 Aberdeen Ave Site","100 Aberdeen Ave",Small,Active
4308,1017,Intersection of Mount Auburn St & Homer Ave,Mount Auburn St & Homer Ave,Large,Inactive
4309,1003,APPLETON Rd Site,APPLETON Rd,Medium,Active
4310,1008,Intersection of CHILTON St & CONCORD Ave,CHILTON St & CONCORD Ave,Medium,Inactive
4311,1014,Jackson St Site,Jackson St,Small,Inactive
4312,1003,Intersection of MEMORIAL DR & Mount Auburn St,MEMORIAL DR & Mount Auburn St,Large,Active
4313,1016,Intersection of OXFORD St & Everett St,OXFORD St & Everett St,Large,Inactive
4314,1013,Intersection of Holyoke St & Massachusetts Ave,Holyoke St & Massachusetts Ave,Large,Active
4315,1020,Intersection of GARDEN St & SHEPARD St,GARDEN St & SHEPARD St,Large,Inactive
4316,1024,Intersection of CARDINAL MEDEIROS Ave & YORK Pl,CARDINAL MEDEIROS Ave & YORK Pl,Small,Active
4317,1017,"200 BROADWAY Site","200 BROADWAY",Medium,Active
4318,1013,Intersection of Windsor St & Palermo St,Windsor St & Palermo St,Small,Active
4319,1029,Intersection of Hawthorne St & Brattle St,Hawthorne St & Brattle St,Large,Active
4320,1006,Intersection of MASSACHUSETTS Ave & Shepard St,MASSACHUSETTS Ave & Shepard St,Large,Inactive
4321,1017,Intersection of MASSACHUSETTS Ave & TEMPLE St,MASSACHUSETTS Ave & TEMPLE St,Medium,Inactive
4322,1014,Intersection of Rockwell St & PlEASANT St,Rockwell St & PlEASANT St,Large,Active
4323,1017,Intersection of CHESTNUT St & HASTINGS Sq,CHESTNUT St & HASTINGS Sq,Small,Inactive
4324,1030,Intersection of DOCK St & MAIN St,DOCK St & MAIN St,Small,Inactive
4325,1008,Intersection of QUINCY St & Broadway,QUINCY St & Broadway,Medium,Active
4326,1011,Intersection of WAVERLY St & Erie St,WAVERLY St & Erie St,Small,Active
4327,1020,Intersection of BROOKLINE St & Green St,BROOKLINE St & Green St,Small,Active
4328,1028,Intersection of CONCORD Ave & Craigie St,CONCORD Ave & Craigie St,Small,Active
4329,1001,Intersection of ATHENS St & Mount Auburn St,ATHENS St & Mount Auburn St,Small,Active
4330,1026,Smith Pl Site,Smith Pl,Large,Active
4331,1007,Intersection of THINGVALLA Ave & Corcoran Ln,THINGVALLA Ave & Corcoran Ln,Small,Active
4332,1021,Intersection of HASKELL St & MASSACHUSETTS Ave,HASKELL St & MASSACHUSETTS Ave,Medium,Inactive
4333,1021,Intersection of CONCORD Ave & ROYAL Ave,CONCORD Ave & ROYAL Ave,Medium,Active
4334,1017,MUSEUM St Site,MUSEUM St,Small,Inactive
4335,1030,Intersection of Birch St & Bay State Rd,Birch St & Bay State Rd,Medium,Inactive
4336,1010,Intersection of First St & Canal Park,First St & Canal Park,Small,Active
4337,1011,Intersection of FLORENCE St & PlEASANT St,FLORENCE St & PlEASANT St,Medium,Active
4338,1022,"100 CHURCHILL Ave Site","100 CHURCHILL Ave",Medium,Active
4339,1030,Intersection of Brattle St & StORY St,Brattle St & StORY St,Small,Active
4340,1009,Intersection of Broadway & NORFOLK St,Broadway & NORFOLK St,Small,Active
4341,1009,Somerville Ave Site,Somerville Ave,Large,Active
4342,1024,Intersection of PALMER St & Palmer St,PALMER St & Palmer St,Small,Active
4343,1005,Longfellow Rd Site,Longfellow Rd,Small,Active
4344,1017,Intersection of BERKSHIRE St & BRISTOL St,BERKSHIRE St & BRISTOL St,Large,Active
4345,1009,Intersection of BOARDMAN St & BROADWAY,BOARDMAN St & BROADWAY,Small,Active
4346,1017,Intersection of HARDWICK St & Berkshire St,HARDWICK St & Berkshire St,Small,Active
4347,1024,Intersection of Massachusetts Ave & Upland Rd,Massachusetts Ave & Upland Rd,Large,Inactive
4348,1021,Intersection of MASSACHUSETTS Ave & Porter St,MASSACHUSETTS Ave & Porter St,Small,Active
4349,1019,Intersection of ELM St & MARKET St,ELM St & MARKET St,Small,Active
4350,1027,"300 Fresh Pond Golf Course Site","300 Fresh Pond Golf Course",Large,Active
4351,1007,"300 MAIN St Site","300 MAIN St",Large,Active
4352,1023,"300 Franklin St Site","300 Franklin St",Medium,Active
4353,1009,MILL St Site,MILL St,Small,Active
4354,1007,Intersection of ALLSTON St & MAGAZINE St,ALLSTON St & MAGAZINE St,Medium,Inactive
4355,1013,Intersection of CHALK St & PlEASANT St,CHALK St & PlEASANT St,Medium,Active
4356,1011,"100 UNION St Site","100 UNION St",Large,Active
4357,1014,Intersection of ABERDEEN Ave & Aberdeen Ave,ABERDEEN Ave & Aberdeen Ave,Small,Inactive
4358,1019,"200 MEMORIAL DR Site","200 MEMORIAL DR",Small,Active
4359,1011,"100 Lakeview Ave Site","100 Lakeview Ave",Large,Inactive
4360,1013,Intersection of KIRKLAND St & ROBERTS Rd,KIRKLAND St & ROBERTS Rd,Medium,Active
4361,1014,Intersection of BAY St & MASSACHUSETTS Ave,BAY St & MASSACHUSETTS Ave,Large,Inactive
4362,1013,Intersection of Alewife Brook Pky & Alewife Brook Pky,Alewife Brook Pky & Alewife Brook Pky,Small,Active
4363,1001,HAMPSHIRE St Site,HAMPSHIRE St,Large,Active
4364,1008,Intersection of COWPERTHWAITE St & DEWOLFE St,COWPERTHWAITE St & DEWOLFE St,Small,Active
4365,1012,Intersection of Massachusetts Ave & Dunster St,Massachusetts Ave & Dunster St,Medium,Inactive
4366,1019,Intersection of PUTNAM Ave & Pleasant St,PUTNAM Ave & Pleasant St,Small,Active
4367,1012,Intersection of FAYERWEATHER St & IVY St,FAYERWEATHER St & IVY St,Medium,Active
4368,1008,Intersection of BROADWAY & Ames St,BROADWAY & Ames St,Medium,Inactive
4369,1008,Intersection of Mount Auburn St & Aberdeen Ave,Mount Auburn St & Aberdeen Ave,Small,Active
4370,1029,"200 BROADWAY Site","200 BROADWAY",Small,Active
4371,1021,Hollis Park Site,Hollis Park,Medium,Active
4372,1013,Intersection of Walnut Ave & Upland Rd,Walnut Ave & Upland Rd,Large,Inactive
4373,1012,Intersection of Fresh Pond Pky & LAKEVIEW Ave,Fresh Pond Pky & LAKEVIEW Ave,Small,Active
4374,1029,"400 Main St Site","400 Main St",Medium,Active
4375,1016,Intersection of PEARL St & Pearl St,PEARL St & Pearl St,Medium,Inactive
4376,1001,Intersection of Auburn St & Magazine St,Auburn St & Magazine St,Large,Inactive
4377,1013,Intersection of Prospect St & Harvard Sq,Prospect St & Harvard Sq,Small,Active
4378,1026,Intersection of Kassul Park & WHITTEMORE Ave,Kassul Park & WHITTEMORE Ave,Medium,Active
4379,1007,CHANNING Pl Site,CHANNING Pl,Large,Active
4380,1028,Intersection of SCIARAPPA St & Fourth Street Pl,SCIARAPPA St & Fourth Street Pl,Medium,Active
4381,1026,Quincy St Site,Quincy St,Small,Inactive
4382,1005,Intersection of Brewer St & Mount Auburn St,Brewer St & Mount Auburn St,Large,Active
4383,1008,"500 GREEN St Site","500 GREEN St",Medium,Active
4384,1025,Intersection of CARDINAL MEDEIROS Ave & PlYMOUTH St,CARDINAL MEDEIROS Ave & PlYMOUTH St,Large,Inactive
4385,1027,Intersection of PETERS St & PETERS St,PETERS St & PETERS St,Small,Inactive
4386,1014,"100 REED StREET CT Site","100 REED StREET CT",Large,Active
4387,1023,Intersection of Gore St & Fifth St,Gore St & Fifth St,Small,Active
4388,1030,Intersection of BLANCHARD Rd & SOUTH NORMANDY Ave,BLANCHARD Rd & SOUTH NORMANDY Ave,Medium,Active
4389,1013,Intersection of MOULTON St & WILSON Rd,MOULTON St & WILSON Rd,Small,Active
4390,1015,Intersection of SUMNER Rd & Irving Ter,SUMNER Rd & Irving Ter,Medium,Active
4391,1023,Intersection of Massachusetts Ave & Dana St,Massachusetts Ave & Dana St,Medium,Active
4392,1017,Intersection of Mount Auburn St & Belmont St,Mount Auburn St & Belmont St,Small,Inactive
4393,1015,Intersection of HUBBARD Ave & WALDEN St,HUBBARD Ave & WALDEN St,Medium,Inactive
4394,1020,Intersection of Broadway & Columbia St,Broadway & Columbia St,Large,Active
4395,1018,Intersection of Camp St & Fair Oaks St,Camp St & Fair Oaks St,Medium,Inactive
4396,1018,Intersection of LINCOLN St & WEBSTER Ave,LINCOLN St & WEBSTER Ave,Small,Active
4397,1002,"100 COLUMBIA Ter Site","100 COLUMBIA Ter",Large,Active
4398,1004,WADSWORTH St Site,WADSWORTH St,Large,Inactive
4399,1030,Intersection of HINGHAM St & Memorial Dr,HINGHAM St & Memorial Dr,Medium,Active
4400,1001,"800 MEMORIAL DR Site","800 MEMORIAL DR",Medium,Inactive
4401,1004,Intersection of HAMPSHIRE St & TREMONT St,HAMPSHIRE St & TREMONT St,Small,Active
4402,1018,Intersection of BANKS St & Cowperthwaite St,BANKS St & Cowperthwaite St,Large,Inactive
4403,1005,Intersection of BEECH St & MASSACHUSETTS Ave,BEECH St & MASSACHUSETTS Ave,Small,Active
4404,1019,"100 WHITE St Site","100 WHITE St",Medium,Inactive
4405,1015,Intersection of Mount Auburn St & PUTNAM Ave,Mount Auburn St & PUTNAM Ave,Large,Inactive
4406,1028,"100 Fresh Pond Pl Site","100 Fresh Pond Pl",Small,Active
4407,1008,Intersection of BINNEY St & FIRST St,BINNEY St & FIRST St,Small,Active
4408,1020,Intersection of MEMORIAL DR & Broadway,MEMORIAL DR & Broadway,Small,Inactive
4409,1017,Intersection of Lancaster St & Agassiz St,Lancaster St & Agassiz St,Small,Inactive
4410,1001,"100 RINDGE Ave Site","100 RINDGE Ave",Small,Active
4411,1012,Woodbridge St Site,Woodbridge St,Large,Active
4412,1026,Intersection of HAMPSHIRE St & Prospect St,HAMPSHIRE St & Prospect St,Small,Active
4413,1019,"1300 Massachusetts Ave Site","1300 Massachusetts Ave",Large,Active
4414,1015,"100 YERXA Rd Site","100 YERXA Rd",Small,Active
4415,1009,"200 COOLIDGE Ave Site","200 COOLIDGE Ave",Medium,Active
4416,1007,Intersection of JFK St & Winthrop St,JFK St & Winthrop St,Medium,Inactive
4417,1002,Intersection of FARRAR St & Holden St,FARRAR St & Holden St,Small,Active
4418,1029,Intersection of CARLISLE St & Prospect St,CARLISLE St & Prospect St,Medium,Active
4419,1009,Intersection of Alewife Brook Pky & RINDGE Ave,Alewife Brook Pky & RINDGE Ave,Large,Active
4420,1010,Intersection of BLANCHARD Rd & CONCORD Ave,BLANCHARD Rd & CONCORD Ave,Small,Active
4421,1002,Intersection of Pleasant St & Chalk St,Pleasant St & Chalk St,Large,Inactive
4422,1019,"700 Kendall Sq Site","700 Kendall Sq",Small,Active
4423,1011,Intersection of PUTNAM Ave & River St,PUTNAM Ave & River St,Medium,Active
4424,1013,Hampshire St Site,Hampshire St,Large,Active
4425,1010,Intersection of APPLETON St & HUTCHINSON St,APPLETON St & HUTCHINSON St,Medium,Active
4426,1014,"100 Portland St Site","100 Portland St",Medium,Active
4427,1018,Intersection of MASON St & Mason St,MASON St & Mason St,Small,Active
4428,1019,Intersection of Third St & Bent St,Third St & Bent St,Large,Active
4429,1022,Intersection of CONCORD Ave & GARDEN St,CONCORD Ave & GARDEN St,Medium,Inactive
4430,1009,"300 GREEN St Site","300 GREEN St",Small,Inactive
4431,1025,Intersection of BRISTOL St & CARDINAL MEDEIROS Ave,BRISTOL St & CARDINAL MEDEIROS Ave,Small,Inactive
4432,1007,Intersection of CAMBRIDGE St & LEONARD Ave,CAMBRIDGE St & LEONARD Ave,Small,Active
4433,1028,Intersection of MONTAGUE St & WESTERN Ave,MONTAGUE St & WESTERN Ave,Medium,Active
4434,1003,Intersection of Washington St & Pine St,Washington St & Pine St,Small,Active
4435,1020,Western Ave Site,Western Ave,Large,Inactive
4436,1006,Intersection of AUBURN St & PlEASANT St,AUBURN St & PlEASANT St,Large,Active
4437,1027,Intersection of EAST St & GLASSWORKS Ave,EAST St & GLASSWORKS Ave,Medium,Active
4438,1021,Intersection of Upland Rd & Whittier St,Upland Rd & Whittier St,Large,Active
4439,1002,Intersection of MASSACHUSETTS Ave & DUNSTER St,MASSACHUSETTS Ave & DUNSTER St,Small,Active
4440,1029,Intersection of FAYERWEATHER St & Fayerweather St,FAYERWEATHER St & Fayerweather St,Medium,Active
4441,1006,Intersection of PROSPECT St & Prospect St,PROSPECT St & Prospect St,Small,Inactive
4442,1003,Intersection of INMAN St & MASSACHUSETTS Ave,INMAN St & MASSACHUSETTS Ave,Medium,Active
4443,1016,Intersection of COLUMBIA St & Market St,COLUMBIA St & Market St,Medium,Active
4444,1030,Intersection of Columbia St & BROADWAY,Columbia St & BROADWAY,Small,Active
4445,1008,"100 Irving St Site","100 Irving St",Large,Active
4446,1002,Intersection of ORCHARD St & BEECH St,ORCHARD St & BEECH St,Large,Inactive
4447,1017,Intersection of Massachusetts Ave & Dover St,Massachusetts Ave & Dover St,Medium,Active
4448,1009,Intersection of Galileo Galilei Way & Main St,Galileo Galilei Way & Main St,Small,Inactive
4449,1030,Intersection of Martin St & Hurlbut St,Martin St & Hurlbut St,Small,Active
4450,1012,Intersection of ARROW St & BOW St,ARROW St & BOW St,Medium,Active
4451,1003,Intersection of OXFORD St & WENDELL St,OXFORD St & WENDELL St,Large,Active
4452,1011,FISKE Pl Site,FISKE Pl,Small,Active
4453,1001,Intersection of GARDNER Rd & TREMONT St,GARDNER Rd & TREMONT St,Large,Active
4454,1023,Intersection of BLANCHARD Rd & Glenn Ter,BLANCHARD Rd & Glenn Ter,Large,Active
4455,1013,Intersection of COGSWELL Pl & MEAD St,COGSWELL Pl & MEAD St,Medium,Active
4456,1015,"500 Kendall St Site","500 Kendall St",Medium,Inactive
4457,1026,Intersection of Sherman St & PEMBERTON St,Sherman St & PEMBERTON St,Large,Inactive
4458,1005,Columbia Ter Site,Columbia Ter,Small,Active
4459,1021,Intersection of Massachusetts Ave & Vassar St,Massachusetts Ave & Vassar St,Small,Inactive
4460,1030,Intersection of ROOSEVELT TOWERS & Willow St,ROOSEVELT TOWERS & Willow St,Medium,Active
4461,1017,Intersection of DINSMORE CT & WILLARD St,DINSMORE CT & WILLARD St,Large,Active
4462,1025,Intersection of Windsor St & Evereteze Way,Windsor St & Evereteze Way,Small,Inactive
4463,1023,Intersection of Everett St & Massachusetts Ave,Everett St & Massachusetts Ave,Small,Active
4464,1024,Intersection of Magazine St & Cottage St,Magazine St & Cottage St,Medium,Active
4465,1025,Intersection of FIFTH St & WINTER St,FIFTH St & WINTER St,Large,Inactive
4466,1006,Intersection of EAST St & MONSIGNOR OBRIEN HWY,EAST St & MONSIGNOR OBRIEN HWY,Small,Active
4467,1028,Intersection of MASSACHUSETTS Ave & RINDGE Ave,MASSACHUSETTS Ave & RINDGE Ave,Medium,Active
4468,1021,Intersection of Craigie St & Berkeley St,Craigie St & Berkeley St,Small,Active
4469,1022,Intersection of BROADWAY & Antrim St,BROADWAY & Antrim St,Small,Active
4470,1011,Intersection of Highland Park & Highland Ave,Highland Park & Highland Ave,Small,Inactive
4471,1018,Intersection of WHITE St & White St,WHITE St & White St,Medium,Active
4472,1004,"100 BROADWAY Site","100 BROADWAY",Large,Active
4473,1003,Intersection of WASHINGTON St & Norfolk St,WASHINGTON St & Norfolk St,Medium,Active
4474,1013,Intersection of Norfolk St & WASHINGTON St,Norfolk St & WASHINGTON St,Large,Inactive
4475,1023,Intersection of Brookline Pl & Pacific St,Brookline Pl & Pacific St,Small,Active
4476,1009,Intersection of Bay St & Kinnaird St,Bay St & Kinnaird St,Large,Active
4477,1021,Intersection of MEAD St & Cogswell Ave,MEAD St & Cogswell Ave,Small,Active
4478,1006,Intersection of MASSACHUSETTS Ave & Porter Sq,MASSACHUSETTS Ave & Porter Sq,Small,Inactive
4479,1026,Intersection of GROZIER Rd & HURON Ave,GROZIER Rd & HURON Ave,Medium,Active
4480,1030,Intersection of Pleasant St & Fairmont St,Pleasant St & Fairmont St,Small,Inactive
4481,1028,Intersection of RIVER St & MASSACHUSETTS Ave,RIVER St & MASSACHUSETTS Ave,Medium,Inactive
4482,1012,Intersection of CONCORD Ave & SMITH Pl,CONCORD Ave & SMITH Pl,Large,Inactive
4483,1002,"1000 Jackson Pl Site","1000 Jackson Pl",Large,Inactive
4484,1003,Intersection of WATER St & Water St,WATER St & Water St,Small,Active
4485,1003,Intersection of Ames St & Main St,Ames St & Main St,Medium,Active
4486,1028,"200 Garden St Site","200 Garden St",Small,Inactive
4487,1012,Intersection of GLACKEN FIELD & HURON Ave,GLACKEN FIELD & HURON Ave,Medium,Active
4488,1015,Intersection of Massachusetts Ave & Massachusetts Ave,Massachusetts Ave & Massachusetts Ave,Medium,Inactive
4489,1009,LANGDON Sq Site,LANGDON Sq,Medium,Active
4490,1023,Intersection of Cambridge St & Massachusetts Ave,Cambridge St & Massachusetts Ave,Large,Inactive
4491,1008,Intersection of Franklin St & PUTNAM Ave,Franklin St & PUTNAM Ave,Medium,Active
4492,1011,Intersection of WINTHROP St & JFK St,WINTHROP St & JFK St,Large,Active
4493,1016,Intersection of CAMBRIDGE St & Massachusetts Ave,CAMBRIDGE St & Massachusetts Ave,Medium,Inactive
4494,1026,Intersection of WEBSTER Ave & Clark St,WEBSTER Ave & Clark St,Large,Active
4495,1027,Intersection of HUNTING St & Hunting St,HUNTING St & Hunting St,Large,Active
4496,1025,Intersection of BOARDMAN St & HARVARD St,BOARDMAN St & HARVARD St,Large,Inactive
4497,1022,Intersection of HUNTING St & Cambridge St,HUNTING St & Cambridge St,Small,Active
4498,1004,"300 Bent St Site","300 Bent St",Medium,Active
4499,1028,Intersection of BROOKLINE St & Franklin St,BROOKLINE St & Franklin St,Small,Inactive
4500,1001,Intersection of Massachusetts Ave & Alewife Brook Pky,Massachusetts Ave & Alewife Brook Pky,Medium,Active
4501,1024,Intersection of BELMONT St & Cushing St,BELMONT St & Cushing St,Medium,Active
4502,1007,Intersection of SODEN St & Franklin St,SODEN St & Franklin St,Small,Inactive
4503,1002,SODEN Pl Site,SODEN Pl,Large,Inactive
4504,1024,Intersection of NORTH POINT BLVD & Leighton St,NORTH POINT BLVD & Leighton St,Medium,Inactive
4505,1028,"600 Cambridge St Site","600 Cambridge St",Large,Active
4506,1005,Intersection of Main St & Broadway,Main St & Broadway,Small,Active
4507,1007,Intersection of JFK St & Brattle Sq,JFK St & Brattle Sq,Large,Inactive
4508,1004,Intersection of MAGAZINE St & Green St,MAGAZINE St & Green St,Medium,Active
4509,1005,Intersection of Banks St & Cowperthwaite St,Banks St & Cowperthwaite St,Medium,Active
4510,1024,Intersection of COOLIDGE Ave & COOLIDGE HILL,COOLIDGE Ave & COOLIDGE HILL,Medium,Active
4511,1001,Intersection of BROOKLINE St & VALENTINE St,BROOKLINE St & VALENTINE St,Small,Active
4512,1001,Intersection of CHESTNUT St & WHITNEY Ave,CHESTNUT St & WHITNEY Ave,Medium,Active
4513,1015,Intersection of Gore St & Sixth St,Gore St & Sixth St,Small,Active
4514,1020,WILLIAM St Site,WILLIAM St,Large,Active
4515,1019,Intersection of COLUMBUS Ave & MASSACHUSETTS Ave,COLUMBUS Ave & MASSACHUSETTS Ave,Medium,Active
4516,1029,Intersection of MASSACHUSETTS Ave & Norfolk St,MASSACHUSETTS Ave & Norfolk St,Medium,Inactive
4517,1010,Intersection of ESSEX St & Bishop Allen Dr,ESSEX St & Bishop Allen Dr,Medium,Active
4518,1028,Intersection of MASSACHUSETTS Ave & Chauncy St,MASSACHUSETTS Ave & Chauncy St,Large,Active
4519,1018,GORDON Pl Site,GORDON Pl,Medium,Active
4520,1028,Intersection of Binney St & Fulkerson St,Binney St & Fulkerson St,Small,Active
4521,1003,Intersection of PUTNAM Ave & Franklin St,PUTNAM Ave & Franklin St,Large,Active
4522,1011,Intersection of Garden St & Cambridge Common,Garden St & Cambridge Common,Large,Active
4523,1015,Gold Star Rd Site,Gold Star Rd,Large,Active
4524,1027,Gerrys Landing Site,Gerrys Landing,Large,Active
4525,1030,"100 Hancock St Site","100 Hancock St",Large,Inactive
4526,1011,NORFOLK St Site,NORFOLK St,Small,Inactive
4527,1017,Intersection of MANASSAS Ave & Huron Ave,MANASSAS Ave & Huron Ave,Large,Inactive
4528,1017,Intersection of Harvard St & Cherry St,Harvard St & Cherry St,Medium,Active
4529,1006,Intersection of MASSACHUSETTS Ave & WESTERN Ave,MASSACHUSETTS Ave & WESTERN Ave,Large,Inactive
4530,1005,Intersection of WINDSOR St & Broadway,WINDSOR St & Broadway,Large,Active
4531,1008,Intersection of ERIE St & Pearl St,ERIE St & Pearl St,Large,Active
4532,1002,Intersection of CONCORD Ave & FOLLEN St,CONCORD Ave & FOLLEN St,Large,Active
4533,1016,Cowperthwaite St Site,Cowperthwaite St,Large,Active
4534,1020,"900 MASSACHUSETTS Ave Site","900 MASSACHUSETTS Ave",Small,Active
4535,1024,"300 Lakeview Ave Site","300 Lakeview Ave",Small,Inactive
4536,1012,Intersection of Bigelow St & Massachusetts Ave,Bigelow St & Massachusetts Ave,Large,Inactive
4537,1006,Intersection of KELLY Rd & RIVER St,KELLY Rd & RIVER St,Small,Active
4538,1001,Intersection of Fresh Pond Pky & Concord Ave,Fresh Pond Pky & Concord Ave,Medium,Active
4539,1004,Intersection of THIRD St & Broadway,THIRD St & Broadway,Large,Inactive
4540,1017,Intersection of GORHAM St & HAMMOND St,GORHAM St & HAMMOND St,Medium,Inactive
4541,1013,CLEMENT CIR Site,CLEMENT CIR,Medium,Active
4542,1018,"200 BROADWAY Site","200 BROADWAY",Large,Active
4543,1005,Intersection of WATERHOUSE St & Concord Ave,WATERHOUSE St & Concord Ave,Medium,Inactive
4544,1030,WINDSOR St Site,WINDSOR St,Medium,Active
4545,1024,Intersection of Brookline St & Auburn St,Brookline St & Auburn St,Medium,Active
4546,1024,Intersection of Washington St & Portland St,Washington St & Portland St,Large,Active
4547,1027,"100 Lincoln Way Site","100 Lincoln Way",Large,Active
4548,1003,Intersection of BRATTLE St & HUBBARD PARK Rd,BRATTLE St & HUBBARD PARK Rd,Medium,Inactive
4549,1011,"1500 MASSACHUSETTS Ave Site","1500 MASSACHUSETTS Ave",Large,Inactive
4550,1013,Intersection of MASSACHUSETTS Ave & Sidney St,MASSACHUSETTS Ave & Sidney St,Large,Active
4551,1004,Intersection of Prince St & Magazine St,Prince St & Magazine St,Medium,Active
4552,1026,Intersection of EAST St & NORTH POINT BLVD,EAST St & NORTH POINT BLVD,Large,Inactive
4553,1027,Intersection of THORNDIKE WAY & First St,THORNDIKE WAY & First St,Small,Active
4554,1014,Albany St Site,Albany St,Large,Active
4555,1022,Intersection of AMES St & MEMORIAL DR,AMES St & MEMORIAL DR,Small,Active
4556,1011,Intersection of VANDINE St & Berkshire St,VANDINE St & Berkshire St,Medium,Active
4557,1027,Intersection of JEFFERSON St & WARREN St,JEFFERSON St & WARREN St,Large,Inactive
4558,1010,Intersection of Plympton St & Memorial Dr,Plympton St & Memorial Dr,Medium,Inactive
4559,1019,Oxford Ave Site,Oxford Ave,Medium,Active
4560,1018,Intersection of IRVING Ter & SUMNER Rd,IRVING Ter & SUMNER Rd,Medium,Active
4561,1006,Intersection of COGSWELL Ave & MASSACHUSETTS Ave,COGSWELL Ave & MASSACHUSETTS Ave,Medium,Inactive
4562,1027,Intersection of CONCORD Ave & NEW St,CONCORD Ave & NEW St,Medium,Active
4563,1029,"100 BROADWAY Site","100 BROADWAY",Large,Active
4564,1015,Intersection of GREEN St & HANCOCK St,GREEN St & HANCOCK St,Small,Inactive
4565,1021,Intersection of PALMER St & Massachusetts Ave,PALMER St & Massachusetts Ave,Large,Active
4566,1030,Intersection of CUSHING St & HURON Ave,CUSHING St & HURON Ave,Large,Active
4567,1010,"400 RINDGE Ave Site","400 RINDGE Ave",Large,Active
4568,1005,Intersection of River St & Massachusetts Ave,River St & Massachusetts Ave,Large,Inactive
4569,1026,"200 Elm St Site","200 Elm St",Small,Active
4570,1029,Intersection of MASSACHUSETTS Ave & Vassar St,MASSACHUSETTS Ave & Vassar St,Large,Active
4571,1005,Intersection of Mount Auburn St & Aberdeen Ave,Mount Auburn St & Aberdeen Ave,Medium,Active
4572,1010,Intersection of Mount Auburn St & Brattle St,Mount Auburn St & Brattle St,Large,Inactive
4573,1028,"200 Cushing St Site","200 Cushing St",Large,Active
4574,1005,DUNSTABLE Rd Site,DUNSTABLE Rd,Small,Active
4575,1003,Intersection of Cambridge St & Second St,Cambridge St & Second St,Small,Active
4576,1023,Intersection of JFK St & JFK St,JFK St & JFK St,Medium,Active
4577,1006,Warwick Park Site,Warwick Park,Large,Active
4578,1004,Intersection of BROADWAY & MOORE St,BROADWAY & MOORE St,Large,Active
4579,1018,Intersection of AVON St & LINNAEAN St,AVON St & LINNAEAN St,Large,Active
4580,1028,Intersection of Ash St & Brattle St,Ash St & Brattle St,Medium,Inactive
4581,1009,Intersection of LAND BLVD & Land Blvd,LAND BLVD & Land Blvd,Small,Active
4582,1017,Intersection of Mount Auburn St & BRATTLE St,Mount Auburn St & BRATTLE St,Medium,Active
4583,1029,Intersection of Harvey St & Clifton St,Harvey St & Clifton St,Large,Active
4584,1013,Intersection of BELMONT St & NORMAN St,BELMONT St & NORMAN St,Small,Active
4585,1027,Intersection of Sherman St & Rindge Ave,Sherman St & Rindge Ave,Small,Active
4586,1015,Intersection of FAYERWEATHER St & WALDEN St,FAYERWEATHER St & WALDEN St,Medium,Active
4587,1030,Intersection of Memorial Dr & Plympton St,Memorial Dr & Plympton St,Small,Inactive
4588,1020,Intersection of WESTERN Ave & Putnam Ave,WESTERN Ave & Putnam Ave,Small,Active
4589,1017,Intersection of HARVARD St & Centre St,HARVARD St & Centre St,Large,Active
4590,1013,Intersection of Vassar St & Massachusetts Ave,Vassar St & Massachusetts Ave,Large,Active
4591,1016,Intersection of Fairmont St & River St,Fairmont St & River St,Small,Inactive
4592,1022,Intersection of MASSACHUSETTS Ave & Allen St,MASSACHUSETTS Ave & Allen St,Small,Active
4593,1004,Intersection of WINDSOR St & Evereteze Way,WINDSOR St & Evereteze Way,Medium,Active
4594,1005,"500 MAIN St Site","500 MAIN St",Medium,Active
4595,1005,PUTNAM Ave Site,PUTNAM Ave,Small,Active
4596,1009,BROOKLINE St Site,BROOKLINE St,Large,Inactive
4597,1017,Intersection of AMESBURY St & VASSAR St,AMESBURY St & VASSAR St,Small,Active
4598,1013,"300 HAMPSHIRE St Site","300 HAMPSHIRE St",Small,Active
4599,1002,Intersection of GORE St & Lambert St,GORE St & Lambert St,Large,Active
4600,1013,Intersection of DUDLEY St & REED St,DUDLEY St & REED St,Large,Active
4601,1022,Intersection of Brattle St & Massachusetts Ave,Brattle St & Massachusetts Ave,Medium,Inactive
4602,1021,"100 Kendall Sq Site","100 Kendall Sq",Medium,Inactive
4603,1027,Intersection of HAMLIN St & PlYMOUTH St,HAMLIN St & PlYMOUTH St,Medium,Active
4604,1023,Intersection of BOWDOIN St & Hudson St,BOWDOIN St & Hudson St,Medium,Active
4605,1019,MACARELLI WAY Site,MACARELLI WAY,Large,Active
4606,1003,Intersection of Evereteze Way & Cambridge St,Evereteze Way & Cambridge St,Small,Active
4607,1010,"100 Line St Site","100 Line St",Medium,Active
4608,1002,Intersection of Green St & River St,Green St & River St,Medium,Active
4609,1013,"1500 Kendall Sq Site","1500 Kendall Sq",Large,Inactive
4610,1019,Intersection of BROADWAY & Broadway,BROADWAY & Broadway,Large,Inactive
4611,1026,"300 Prentiss St Site","300 Prentiss St",Small,Active
4612,1017,EVERETEZE WAY Site,EVERETEZE WAY,Small,Active
4613,1021,Intersection of Massachusetts Ave & Porter Sq,Massachusetts Ave & Porter Sq,Large,Active
4614,1014,Intersection of HURON Ave & RESERVOIR St,HURON Ave & RESERVOIR St,Medium,Active
4615,1012,Intersection of HARRIS St & PRENTISS St,HARRIS St & PRENTISS St,Medium,Inactive
4616,1021,Intersection of LANCASTER St & MASSACHUSETTS Ave,LANCASTER St & MASSACHUSETTS Ave,Medium,Active
4617,1012,Intersection of TREMONT St & Cambridge St,TREMONT St & Cambridge St,Small,Active
4618,1011,Intersection of HIGHLAND Ave & Highland Park,HIGHLAND Ave & Highland Park,Medium,Inactive
4619,1007,Intersection of Cambridge St & Sciarappa St,Cambridge St & Sciarappa St,Medium,Active
4620,1004,"100 Mooney St Site","100 Mooney St",Large,Active
4621,1019,Intersection of KIRKLAND Rd & KIRKLAND St,KIRKLAND Rd & KIRKLAND St,Medium,Inactive
4622,1001,CHAUNCY Ter Site,CHAUNCY Ter,Large,Inactive
4623,1028,"100 Bennett St Site","100 Bennett St",Medium,Active
4624,1024,Intersection of Alewife Brook Pky & CAMBRIDGEPARK DR,Alewife Brook Pky & CAMBRIDGEPARK DR,Small,Active
4625,1029,Essex St Site,Essex St,Medium,Active
4626,1003,Intersection of Pleasant St & Franklin St,Pleasant St & Franklin St,Medium,Active
4627,1013,Intersection of Canal Park & First St,Canal Park & First St,Large,Inactive
4628,1015,Intersection of RIVER St & Franklin St,RIVER St & Franklin St,Large,Active
4629,1002,PORTER CIR Site,PORTER CIR,Large,Inactive
4630,1011,Intersection of WALDEN St & Esten St,WALDEN St & Esten St,Medium,Active
4631,1004,Intersection of Massachusetts Ave & Upland Rd,Massachusetts Ave & Upland Rd,Medium,Active
4632,1019,HASTINGS Ave Site,HASTINGS Ave,Small,Inactive
4633,1029,Intersection of STANDISH St & WATERMAN Rd,STANDISH St & WATERMAN Rd,Medium,Active
4634,1017,Intersection of Memorial Dr & Banks St,Memorial Dr & Banks St,Small,Active
4635,1003,Intersection of BERKSHIRE St & YORK St,BERKSHIRE St & YORK St,Large,Active
4636,1028,Intersection of AUBURN St & SALEM St,AUBURN St & SALEM St,Large,Active
4637,1018,Intersection of GREEN St & Magazine St,GREEN St & Magazine St,Large,Inactive
4638,1008,Intersection of Mount Auburn St & SHALER LN,Mount Auburn St & SHALER LN,Small,Active
4639,1022,Intersection of HAMPSHIRE St & Tremont St,HAMPSHIRE St & Tremont St,Medium,Active
4640,1025,Intersection of BROADWAY & NORFOLK St,BROADWAY & NORFOLK St,Large,Active
4641,1024,Intersection of CARLISLE St & TREMONT St,CARLISLE St & TREMONT St,Medium,Inactive
4642,1026,Intersection of BRATTLE St & CRAIGIE St,BRATTLE St & CRAIGIE St,Medium,Active
4643,1019,Intersection of HAMPSHIRE St & PROSPECT St,HAMPSHIRE St & PROSPECT St,Large,Inactive
4644,1005,Intersection of Auburn Park & Sidney St,Auburn Park & Sidney St,Small,Active
4645,1007,Intersection of Main St & Portland St,Main St & Portland St,Medium,Inactive
4646,1021,Intersection of PLEASANT St & Pleasant St,PLEASANT St & Pleasant St,Large,Active
4647,1008,Worcester St Site,Worcester St,Medium,Active
4648,1028,Intersection of LINSKY WAY & SECOND St,LINSKY WAY & SECOND St,Medium,Active
4649,1005,Intersection of KINNAIRD St & Putnam Ave,KINNAIRD St & Putnam Ave,Medium,Active
4650,1017,Intersection of Raymond St & Raymond St,Raymond St & Raymond St,Medium,Active
4651,1005,Intersection of May St & Lawn St,May St & Lawn St,Medium,Active
4652,1004,Intersection of RIVER St & Massachusetts Ave,RIVER St & Massachusetts Ave,Small,Active
4653,1022,Intersection of CITIZENS Pl & COLUMBIA St,CITIZENS Pl & COLUMBIA St,Small,Active
4654,1019,"100 OXFORD St Site","100 OXFORD St",Large,Active
4655,1027,"100 ALPINE St Site","100 ALPINE St",Small,Inactive
4656,1021,Intersection of Berkshire St & York St,Berkshire St & York St,Small,Inactive
4657,1002,"1700 MASSACHUSETTS Ave Site","1700 MASSACHUSETTS Ave",Small,Inactive
4658,1011,Intersection of MASSACHUSETTS Ave & Somerville Ave,MASSACHUSETTS Ave & Somerville Ave,Medium,Inactive
4659,1022,FAIR OAKS St Site,FAIR OAKS St,Medium,Active
4660,1013,Intersection of BENNETT St & Eliot St,BENNETT St & Eliot St,Large,Active
4661,1015,Intersection of Prospect St & Harvard St,Prospect St & Harvard St,Large,Active
4662,1012,Intersection of BAY StATE Rd & New St,BAY StATE Rd & New St,Large,Active
4663,1022,"400 BROADWAY Site","400 BROADWAY",Medium,Active
4664,1021,Intersection of Cambridge St & Fifth St,Cambridge St & Fifth St,Small,Active
4665,1022,"900 ELLERY St Site","900 ELLERY St",Small,Inactive
4666,1011,Intersection of MAGAZINE St & UPTON St,MAGAZINE St & UPTON St,Medium,Active
4667,1007,Intersection of ATHENAEUM St & SECOND St,ATHENAEUM St & SECOND St,Large,Inactive
4668,1028,Intersection of MILLER Ave & ORCHARD St,MILLER Ave & ORCHARD St,Large,Inactive
4669,1005,Intersection of GARDEN LN & GARDEN St,GARDEN LN & GARDEN St,Large,Inactive
4670,1017,Intersection of Gilmore St & Mildred Hamilton Pl,Gilmore St & Mildred Hamilton Pl,Medium,Active
4671,1024,Intersection of Massachusetts Ave & Blake St,Massachusetts Ave & Blake St,Large,Inactive
4672,1020,"1400 Massachusetts Ave Site","1400 Massachusetts Ave",Large,Active
4673,1009,Intersection of GORE St & SECOND St,GORE St & SECOND St,Medium,Active
4674,1014,Intersection of Concord Ave & Royal Ave,Concord Ave & Royal Ave,Small,Inactive
4675,1026,Intersection of RIVER St & ROCKWELL St,RIVER St & ROCKWELL St,Medium,Active
4676,1012,Intersection of NORFOLK St & RICHARDSON St,NORFOLK St & RICHARDSON St,Medium,Inactive
4677,1006,Intersection of MASSACHUSETTS Ave & Brookline St,MASSACHUSETTS Ave & Brookline St,Medium,Inactive
4678,1017,"100 CONCORD Ave Site","100 CONCORD Ave",Medium,Active
4679,1019,BELMONT CT Site,BELMONT CT,Small,Active
4680,1019,Intersection of HARVARD St & Trowbridge Pl,HARVARD St & Trowbridge Pl,Large,Inactive
4681,1026,Intersection of Pearl St & Lopez St,Pearl St & Lopez St,Medium,Active
4682,1016,Intersection of Pearl St & Massachusetts Ave,Pearl St & Massachusetts Ave,Small,Active
4683,1012,Intersection of ROGERS St & Fifth St,ROGERS St & Fifth St,Large,Active
4684,1012,Intersection of MASSACHUSETTS Ave & Garden St,MASSACHUSETTS Ave & Garden St,Large,Active
4685,1020,Intersection of Norfolk St & Suffolk St,Norfolk St & Suffolk St,Large,Active
4686,1006,Intersection of PORTLAND St & WASHINGTON St,PORTLAND St & WASHINGTON St,Medium,Active
4687,1023,Intersection of LINNAEAN St & Humboldt St,LINNAEAN St & Humboldt St,Medium,Inactive
4688,1026,"1700 MASSACHUSETTS Ave Site","1700 MASSACHUSETTS Ave",Large,Active
4689,1004,Intersection of WALDEN St & Sherman St,WALDEN St & Sherman St,Large,Active
4690,1006,Intersection of Jackson Pl & Rindge Ave,Jackson Pl & Rindge Ave,Large,Active
4691,1011,Intersection of Magazine St & Allston St,Magazine St & Allston St,Large,Active
4692,1001,Intersection of Cambridge St & Leonard Ave,Cambridge St & Leonard Ave,Large,Active
4693,1030,Intersection of MASSACHUSETTS Ave & Garden St,MASSACHUSETTS Ave & Garden St,Large,Active
4694,1024,"700 East Kendall St Site","700 East Kendall St",Small,Active
4695,1023,Intersection of KIRKLAND St & Oxford Ave,KIRKLAND St & Oxford Ave,Large,Active
4696,1015,FOUNTAIN Ter Site,FOUNTAIN Ter,Medium,Active
4697,1027,Intersection of ALPINE St & FIELD St,ALPINE St & FIELD St,Medium,Active
4698,1011,Intersection of LINNAEAN St & WASHINGTON Ave,LINNAEAN St & WASHINGTON Ave,Medium,Active
4699,1025,Intersection of CHALK St & Chalk St,CHALK St & Chalk St,Large,Inactive
4700,1019,Intersection of Kelly Rd & PlEASANT St,Kelly Rd & PlEASANT St,Medium,Active
4701,1018,Intersection of PEARL St & Hamilton St,PEARL St & Hamilton St,Small,Inactive
4702,1017,Intersection of HURLEY St & Third St,HURLEY St & Third St,Large,Inactive
4703,1019,Intersection of MASSACHUSETTS Ave & SHEA Rd,MASSACHUSETTS Ave & SHEA Rd,Medium,Active
4704,1021,Intersection of MOORE St & Harvard St,MOORE St & Harvard St,Small,Active
4705,1014,"200 Rindge Ave Site","200 Rindge Ave",Small,Active
4706,1027,CHILD St Site,CHILD St,Medium,Active
4707,1018,Intersection of PURRINGTON St & Purrington St,PURRINGTON St & Purrington St,Small,Active
4708,1028,Intersection of Fern St & Concord Ave,Fern St & Concord Ave,Medium,Active
4709,1019,Intersection of FERN St & Concord Ave,FERN St & Concord Ave,Small,Active
4710,1015,Intersection of FIRST St & LINSKY WAY,FIRST St & LINSKY WAY,Large,Active
4711,1015,Intersection of Oxford Ave & Everett St,Oxford Ave & Everett St,Large,Active
4712,1004,Intersection of Chilton St & Huron Ave,Chilton St & Huron Ave,Large,Active
4713,1007,DIVINITY Ave Site,DIVINITY Ave,Large,Active
4714,1013,"200 BROADWAY Site","200 BROADWAY",Large,Active
4715,1003,Intersection of MASSACHUSETTS Ave & PEABODY St,MASSACHUSETTS Ave & PEABODY St,Medium,Active
4716,1016,Intersection of CAMERON Ave & Fair Oaks St,CAMERON Ave & Fair Oaks St,Large,Inactive
4717,1009,Blakeslee St Site,Blakeslee St,Large,Active
4718,1008,Intersection of APPIAN WAY & Garden St,APPIAN WAY & Garden St,Large,Active
4719,1020,"700 Cambridge St Site","700 Cambridge St",Large,Active
4720,1013,Intersection of PEABODY St & Massachusetts Ave,PEABODY St & Massachusetts Ave,Small,Active
4721,1017,Intersection of SPRING St & Fifth St,SPRING St & Fifth St,Large,Active
4722,1017,Intersection of THIRD St & Binney St,THIRD St & Binney St,Large,Active
4723,1017,Mount Auburn St Site,Mount Auburn St,Medium,Active
4724,1001,"600 PUTNAM Ave Site","600 PUTNAM Ave",Small,Inactive
4725,1008,Intersection of ERICSSON St & THINGVALLA Ave,ERICSSON St & THINGVALLA Ave,Medium,Inactive
4726,1019,Intersection of LEXINGTON Ave & WORTHINGTON St,LEXINGTON Ave & WORTHINGTON St,Large,Active
4727,1006,Intersection of THIRD St & Potter St,THIRD St & Potter St,Medium,Inactive
4728,1003,Intersection of CLARK St & MARKET St,CLARK St & MARKET St,Medium,Active
4729,1027,Central Sq Site,Central Sq,Large,Active
4730,1005,Intersection of MASSACHUSETTS Ave & Brattle St,MASSACHUSETTS Ave & Brattle St,Small,Active
4731,1013,Intersection of CEDAR St & RINDGE Ave,CEDAR St & RINDGE Ave,Small,Active
4732,1015,Intersection of DANA St & Massachusetts Ave,DANA St & Massachusetts Ave,Medium,Active
4733,1014,"100 Thingvalla Ave Site","100 Thingvalla Ave",Large,Inactive
4734,1029,Intersection of MASSACHUSETTS Ave & Plympton St,MASSACHUSETTS Ave & Plympton St,Medium,Active
4735,1023,Intersection of Brattle St & Eliot St,Brattle St & Eliot St,Medium,Active
4736,1016,"400 Technology Sq Site","400 Technology Sq",Medium,Active
4737,1018,Intersection of GARDEN Ter & Garden Ter,GARDEN Ter & Garden Ter,Large,Active
4738,1022,Intersection of CONCORD Ave & Fawcett St,CONCORD Ave & Fawcett St,Large,Active
4739,1029,Intersection of AVON HILL St & AVON Pl,AVON HILL St & AVON Pl,Small,Active
4740,1022,Intersection of FOWLER St & Memorial Dr,FOWLER St & Memorial Dr,Large,Active
4741,1011,Intersection of GREEN St & Sellers St,GREEN St & Sellers St,Medium,Active
4742,1003,LOPEZ St Site,LOPEZ St,Medium,Active
4743,1022,Intersection of PEARL St & Perry St,PEARL St & Perry St,Small,Active
4744,1010,Intersection of Windsor St & Front St,Windsor St & Front St,Large,Inactive
4745,1010,Intersection of DOUGLASS St & Howard St,DOUGLASS St & Howard St,Medium,Active
4746,1030,Intersection of CARVER St & WENDELL St,CARVER St & WENDELL St,Small,Active
4747,1021,Vassar St Site,Vassar St,Small,Active
4748,1016,Intersection of CALLENDER St & Putnam Ave,CALLENDER St & Putnam Ave,Medium,Inactive
4749,1012,Intersection of DODGE St & Western Ave,DODGE St & Western Ave,Medium,Active
4750,1002,Intersection of DANA Pl & Harvard Bridge,DANA Pl & Harvard Bridge,Large,Active
4751,1009,Intersection of Upland Rd & Raymond St,Upland Rd & Raymond St,Small,Active
4752,1024,Intersection of BINNEY St & FULKERSON St,BINNEY St & FULKERSON St,Medium,Inactive
4753,1003,Intersection of First St & Land Blvd,First St & Land Blvd,Small,Active
4754,1024,Intersection of Cadbury Rd & Sherman St,Cadbury Rd & Sherman St,Large,Active
4755,1030,Intersection of ALLEN St & MASSACHUSETTS Ave,ALLEN St & MASSACHUSETTS Ave,Medium,Active
4756,1025,Intersection of OXFORD St & Sacramento St,OXFORD St & Sacramento St,Large,Active
4757,1030,Intersection of Inman St & Harvard St,Inman St & Harvard St,Small,Active
4758,1015,Intersection of Third St & Charles St,Third St & Charles St,Large,Inactive
4759,1003,Windsor St Site,Windsor St,Large,Active
4760,1019,Intersection of AMORY St & St Mary Rd,AMORY St & St Mary Rd,Small,Active
4761,1018,Intersection of MAGAZINE St & Erie St,MAGAZINE St & Erie St,Large,Active
4762,1008,"500 MASSACHUSETTS Ave Site","500 MASSACHUSETTS Ave",Small,Active
4763,1026,Intersection of Charles St & Sixth St,Charles St & Sixth St,Medium,Inactive
4764,1017,Intersection of Massachusetts Ave & Holyoke Pl,Massachusetts Ave & Holyoke Pl,Small,Active
4765,1008,"300 HARVARD St Site","300 HARVARD St",Small,Active
4766,1007,Intersection of Kendall Sq & Binney St,Kendall Sq & Binney St,Medium,Active
4767,1030,Intersection of Magazine St & Fairmont St,Magazine St & Fairmont St,Small,Active
4768,1007,Intersection of Jefferson St & Marion St,Jefferson St & Marion St,Medium,Active
4769,1003,Intersection of CARDINAL MEDEIROS Ave & VANDINE St,CARDINAL MEDEIROS Ave & VANDINE St,Medium,Active
4770,1001,Intersection of Land Blvd & Cambridge Pky,Land Blvd & Cambridge Pky,Small,Inactive
4771,1004,Intersection of ATHENAEUM St & Athenaeum St,ATHENAEUM St & Athenaeum St,Large,Active
4772,1025,Intersection of Pemberton St & Yerxa Rd,Pemberton St & Yerxa Rd,Large,Active
4773,1005,"700 WEST KENDALL St Site","700 WEST KENDALL St",Medium,Active
4774,1001,Intersection of PORTSMOUTH St & WEBSTER Ave,PORTSMOUTH St & WEBSTER Ave,Large,Inactive
4775,1015,Intersection of PLEASANT St & Prince St,PLEASANT St & Prince St,Large,Active
4776,1005,Intersection of BISHOP ALLEN DR & Essex St,BISHOP ALLEN DR & Essex St,Small,Active
4777,1013,"100 Cambridgepark Dr Site","100 Cambridgepark Dr",Medium,Active
4778,1008,"700 EAST KENDALL St Site","700 EAST KENDALL St",Medium,Active
4779,1008,Intersection of CAMBRIDGE St & Hampshire St,CAMBRIDGE St & Hampshire St,Small,Active
4780,1005,Intersection of EARHART St & NORTH POINT BLVD,EARHART St & NORTH POINT BLVD,Large,Inactive
4781,1028,Intersection of WARE St & Broadway,WARE St & Broadway,Medium,Active
4782,1009,Intersection of Massachusetts Ave & Roseland St,Massachusetts Ave & Roseland St,Large,Active
4783,1001,Soden St Site,Soden St,Medium,Inactive
4784,1004,Intersection of NORFOLK St & Cambridge St,NORFOLK St & Cambridge St,Medium,Inactive
4785,1003,Intersection of Plympton St & Mill St,Plympton St & Mill St,Medium,Active
4786,1002,NORFOLK Pl Site,NORFOLK Pl,Medium,Inactive
4787,1008,Upton St Site,Upton St,Large,Active
4788,1023,Intersection of COLUMBIA St & LINCOLN St,COLUMBIA St & LINCOLN St,Large,Active
4789,1009,Intersection of BRATTLE Sq & Massachusetts Ave,BRATTLE Sq & Massachusetts Ave,Large,Active
4790,1002,Intersection of BROADWAY & Columbia St,BROADWAY & Columbia St,Large,Inactive
4791,1014,Birch St Site,Birch St,Small,Active
4792,1014,"100 Bristol St Site","100 Bristol St",Medium,Active
4793,1004,Intersection of Cambridge St & Warren St,Cambridge St & Warren St,Medium,Active
4794,1030,Intersection of Main St & Albany St,Main St & Albany St,Medium,Active
4795,1006,Intersection of GARDEN St & Winslow St,GARDEN St & Winslow St,Small,Active
4796,1011,"100 ESSEX St Site","100 ESSEX St",Large,Active
4797,1003,Intersection of CHATHAM St & Hancock St,CHATHAM St & Hancock St,Medium,Active
4798,1008,"100 BRATTLE St Site","100 BRATTLE St",Large,Inactive
4799,1003,Intersection of COTTAGE St & RIVER St,COTTAGE St & RIVER St,Large,Active
4800,1014,Intersection of CREIGHTON St & Massachusetts Ave,CREIGHTON St & Massachusetts Ave,Small,Active
4801,1028,Intersection of New St & Bay State Rd,New St & Bay State Rd,Small,Active
4802,1013,"300 BINNEY St Site","300 BINNEY St",Large,Inactive
4803,1013,Intersection of MASSACHUSETTS Ave & Memorial Dr,MASSACHUSETTS Ave & Memorial Dr,Medium,Inactive
4804,1002,Intersection of MONSIGNOR OBRIEN HWY & WATER St,MONSIGNOR OBRIEN HWY & WATER St,Medium,Inactive
4805,1013,Intersection of Windsor St & Cambridge St,Windsor St & Cambridge St,Small,Active
4806,1029,AMORY St Site,AMORY St,Small,Active
4807,1019,JAY StREET Pl Site,JAY StREET Pl,Small,Inactive
4808,1027,Intersection of Huron Ave & Raymond St,Huron Ave & Raymond St,Small,Inactive
4809,1006,Intersection of Cambridge St & Springfield St,Cambridge St & Springfield St,Small,Active
4810,1016,Intersection of BERKELEY St & CRAIGIE St,BERKELEY St & CRAIGIE St,Small,Active
4811,1002,Intersection of ALLSTON St & GROVE Ave,ALLSTON St & GROVE Ave,Small,Active
4812,1008,York St Site,York St,Medium,Active
4813,1017,Intersection of Elm Street North & Russell St,Elm Street North & Russell St,Small,Active
4814,1023,"600 Putnam Ave Site","600 Putnam Ave",Small,Inactive
4815,1002,Green St Site,Green St,Medium,Active
4816,1010,"200 Binney St Site","200 Binney St",Medium,Active
4817,1028,Intersection of TIERNEY St & WINSLOW St,TIERNEY St & WINSLOW St,Large,Inactive
4818,1016,Intersection of MASSACHUSETTS Ave & Sidney St,MASSACHUSETTS Ave & Sidney St,Small,Active
4819,1006,DUNSTER St Site,DUNSTER St,Small,Active
4820,1028,Intersection of CAMBRIDGE St & Monsignor OBrien Hwy,CAMBRIDGE St & Monsignor OBrien Hwy,Small,Inactive
4821,1002,Intersection of Spring St & Third St,Spring St & Third St,Small,Active
4822,1002,SOUTH St Site,SOUTH St,Large,Inactive
4823,1026,Intersection of ALEWIFE Pl & Terminal Rd,ALEWIFE Pl & Terminal Rd,Medium,Active
4824,1013,Intersection of FIFTH St & Gore St,FIFTH St & Gore St,Medium,Active
4825,1024,Intersection of CONCORD Ave & Wheeler St,CONCORD Ave & Wheeler St,Small,Active
4826,1015,Intersection of University Rd & Mount Auburn St,University Rd & Mount Auburn St,Small,Active
4827,1028,Intersection of Eliot St & JFK St,Eliot St & JFK St,Small,Inactive
4828,1002,First St Site,First St,Large,Active
4829,1007,Acorn Park Site,Acorn Park,Large,Inactive
4830,1003,Intersection of SUFFOLK St & Norfolk St,SUFFOLK St & Norfolk St,Medium,Inactive
4831,1008,Intersection of RAYMOND St & ROBINSON St,RAYMOND St & ROBINSON St,Small,Inactive
4832,1023,Intersection of HUMBOLDT St & LANCASTER St,HUMBOLDT St & LANCASTER St,Small,Active
4833,1014,Intersection of HASKELL St & RINDGE Ave,HASKELL St & RINDGE Ave,Small,Active
4834,1024,Intersection of Chapman Pl & Brewer St,Chapman Pl & Brewer St,Small,Inactive
4835,1030,Marvin Pl Site,Marvin Pl,Large,Active
4836,1023,"100 GREEN St Site","100 GREEN St",Medium,Inactive
4837,1027,Intersection of HARDING St & PORTER St,HARDING St & PORTER St,Medium,Inactive
4838,1022,Berkshire St Site,Berkshire St,Large,Active
4839,1029,Intersection of WESTERN Ave & Putnam Ave,WESTERN Ave & Putnam Ave,Small,Inactive
4840,1007,GRAY St Site,GRAY St,Medium,Active
4841,1021,Intersection of Pearl St & Putnam Ave,Pearl St & Putnam Ave,Medium,Active
4842,1007,Intersection of CADBURY Rd & Sherman St,CADBURY Rd & Sherman St,Large,Active
4843,1001,Intersection of MASSACHUSETTS Ave & NEWMAN St,MASSACHUSETTS Ave & NEWMAN St,Small,Active
4844,1017,Intersection of Garden St & Waterhouse St,Garden St & Waterhouse St,Medium,Active
4845,1009,Intersection of MAX Ave & OTIS St,MAX Ave & OTIS St,Small,Active
4846,1030,"500 Main St Site","500 Main St",Medium,Active
4847,1021,Intersection of Massachusetts Ave & Landsdowne St,Massachusetts Ave & Landsdowne St,Large,Active
4848,1013,"900 Memorial Dr Site","900 Memorial Dr",Small,Active
4849,1021,Broad Canal Way Site,Broad Canal Way,Large,Active
4850,1019,Intersection of Cambridgeside Pl & First St,Cambridgeside Pl & First St,Medium,Active
4851,1021,Highland Ave Site,Highland Ave,Large,Active
4852,1019,Hovey Ave Site,Hovey Ave,Large,Inactive
4853,1025,Intersection of Gore St & Third St,Gore St & Third St,Large,Active
4854,1025,PORTER Rd Site,PORTER Rd,Medium,Inactive
4855,1022,Intersection of BROADWAY Ter & WEST St,BROADWAY Ter & WEST St,Small,Inactive
4856,1017,Intersection of Sciarappa St & Third St,Sciarappa St & Third St,Large,Active
4857,1023,Intersection of Dunster St & MASSACHUSETTS Ave,Dunster St & MASSACHUSETTS Ave,Small,Inactive
4858,1023,Intersection of Mount Auburn St & JFK St,Mount Auburn St & JFK St,Medium,Active
4859,1030,Intersection of PEARL St & Massachusetts Ave,PEARL St & Massachusetts Ave,Small,Active
4860,1010,"100 Columbia St Site","100 Columbia St",Large,Active
4861,1010,Intersection of GRISWOLD St & SUNSET Rd,GRISWOLD St & SUNSET Rd,Large,Active
4862,1004,Intersection of UPLAND Rd & Vincent St,UPLAND Rd & Vincent St,Large,Active
4863,1008,Intersection of CUSHING St & LAWN St,CUSHING St & LAWN St,Large,Inactive
4864,1022,Intersection of Lincoln St & Webster Ave,Lincoln St & Webster Ave,Large,Active
4865,1020,Potter Park Site,Potter Park,Large,Active
4866,1020,Intersection of Washington St & Windsor St,Washington St & Windsor St,Medium,Active
4867,1018,Intersection of Magee St & Putnam Ave,Magee St & Putnam Ave,Medium,Active
4868,1014,Intersection of Green St & Blanche St,Green St & Blanche St,Medium,Inactive
4869,1018,"600 Green St Site","600 Green St",Small,Active
4870,1028,Intersection of MASSACHUSETTS Ave & Windsor St,MASSACHUSETTS Ave & Windsor St,Small,Active
4871,1014,Intersection of Fenno St & Sherman St,Fenno St & Sherman St,Medium,Inactive
4872,1020,Intersection of LEIGHTON St & NORTH POINT BLVD,LEIGHTON St & NORTH POINT BLVD,Small,Inactive
4873,1021,"100 North Point Blvd Site","100 North Point Blvd",Small,Active
4874,1024,Intersection of Davenport St & Massachusetts Ave,Davenport St & Massachusetts Ave,Large,Active
4875,1015,ROCKINGHAM Pl Site,ROCKINGHAM Pl,Large,Active
4876,1022,Intersection of ALLSTON St & Brookline Pl,ALLSTON St & Brookline Pl,Small,Inactive
4877,1030,"100 Cambridgepark Dr Site","100 Cambridgepark Dr",Small,Active
4878,1004,Intersection of CAMBRIDGEPARK DR & Alewife Brook Pky,CAMBRIDGEPARK DR & Alewife Brook Pky,Medium,Active
4879,1013,"100 BISHOP ALLEN DR Site","100 BISHOP ALLEN DR",Small,Inactive
4880,1027,Intersection of FAYERWEATHER St & RESERVOIR St,FAYERWEATHER St & RESERVOIR St,Large,Active
4881,1023,Intersection of Bent St & Fifth St,Bent St & Fifth St,Small,Inactive
4882,1008,Intersection of FAYERWEATHER St & SAVILLE St,FAYERWEATHER St & SAVILLE St,Medium,Active
4883,1018,"100 LOOMIS St Site","100 LOOMIS St",Large,Active
4884,1012,"200 Green St Site","200 Green St",Large,Active
4885,1023,"100 Cherry St Site","100 Cherry St",Large,Active
4886,1014,Intersection of GREEN St & Brookline St,GREEN St & Brookline St,Large,Active
4887,1002,Intersection of FIRST St & Charles St,FIRST St & Charles St,Small,Active
4888,1018,Intersection of BLANCHARD Rd & NORMANDY Ave,BLANCHARD Rd & NORMANDY Ave,Medium,Active
4889,1024,"700 Main St Site","700 Main St",Small,Active
4890,1002,"1500 MASSACHUSETTS Ave Site","1500 MASSACHUSETTS Ave",Small,Active
4891,1011,Intersection of LILAC CT & Cardinal Medeiros Ave,LILAC CT & Cardinal Medeiros Ave,Large,Inactive
4892,1009,Intersection of KELLY Rd & Magazine St,KELLY Rd & Magazine St,Medium,Inactive
4893,1012,Intersection of Alewife Brook Pky & Cambridgepark Dr,Alewife Brook Pky & Cambridgepark Dr,Large,Active
4894,1017,"100 PARKER St Site","100 PARKER St",Small,Active
4895,1015,Intersection of FAIRMONT Ave & FAIRMONT St,FAIRMONT Ave & FAIRMONT St,Small,Active
4896,1025,Intersection of OXFORD St & Wendell St,OXFORD St & Wendell St,Large,Inactive
4897,1017,Intersection of Massachusetts Ave & Temple St,Massachusetts Ave & Temple St,Small,Active
4898,1026,Intersection of NOTRE DAME Ave & SARGENT St,NOTRE DAME Ave & SARGENT St,Small,Active
4899,1029,Intersection of RAYMOND St & RICHDALE Ave,RAYMOND St & RICHDALE Ave,Large,Active
4900,1026,Intersection of BELMONT St & Mount Auburn St,BELMONT St & Mount Auburn St,Small,Active
4901,1018,Intersection of SCOTT St & Holden St,SCOTT St & Holden St,Medium,Active
4902,1022,Felton St Site,Felton St,Large,Active
4903,1006,Spring St Site,Spring St,Medium,Active
4904,1017,Intersection of Amherst Alley & DANFORTH St,Amherst Alley & DANFORTH St,Small,Inactive
4905,1023,Donnell St Site,Donnell St,Small,Inactive
4906,1024,SPRING St Site,SPRING St,Large,Active
4907,1018,"100 PILGRIM St Site","100 PILGRIM St",Small,Inactive
4908,1008,"100 CORNELIUS WAY Site","100 CORNELIUS WAY",Large,Inactive
4909,1009,Intersection of Marion St & Cambridge St,Marion St & Cambridge St,Large,Active
4910,1006,Intersection of Leighton St & North Point Blvd,Leighton St & North Point Blvd,Large,Inactive
4911,1005,Intersection of CAMBRIDGE St & Inman Sq,CAMBRIDGE St & Inman Sq,Large,Inactive
4912,1012,"400 MAIN St Site","400 MAIN St",Large,Active
4913,1025,Intersection of PLYMPTON St & Bow St,PLYMPTON St & Bow St,Medium,Active
4914,1029,"600 TECHNOLOGY Sq Site","600 TECHNOLOGY Sq",Large,Active
4915,1028,Intersection of HARVEY St & Jackson St,HARVEY St & Jackson St,Medium,Active
4916,1011,Intersection of Clifton St & Dudley St,Clifton St & Dudley St,Small,Inactive
4917,1025,Homer Ave Site,Homer Ave,Large,Active
4918,1001,ARROW St Site,ARROW St,Small,Active
4919,1011,Intersection of ALBERTA Ter & CEDAR St,ALBERTA Ter & CEDAR St,Large,Active
4920,1019,Intersection of Harvey St & Cedar St,Harvey St & Cedar St,Medium,Active
4921,1009,Intersection of APPLETON St & CONCORD Ave,APPLETON St & CONCORD Ave,Medium,Active
4922,1027,Intersection of CONCORD Ave & Fawcett St,CONCORD Ave & Fawcett St,Medium,Active
4923,1002,Intersection of BROOKLINE St & Sidney St,BROOKLINE St & Sidney St,Small,Active
4924,1012,Intersection of Porter Sq & Porter Sq,Porter Sq & Porter Sq,Large,Active
4925,1004,Intersection of ESTEN St & StEARNS St,ESTEN St & StEARNS St,Small,Active
4926,1004,Intersection of CENTRAL Sq & WESTERN Ave,CENTRAL Sq & WESTERN Ave,Medium,Active
4927,1018,Intersection of FOSTER St & GIBSON St,FOSTER St & GIBSON St,Small,Active
4928,1015,Intersection of ROYAL Ave & Concord Ave,ROYAL Ave & Concord Ave,Medium,Inactive
4929,1019,"1400 MASSACHUSETTS Ave Site","1400 MASSACHUSETTS Ave",Medium,Active
4930,1013,Intersection of Putnam Gdns & Callender St,Putnam Gdns & Callender St,Medium,Active
4931,1019,Intersection of SIDNEY St & TUDOR St,SIDNEY St & TUDOR St,Large,Active
4932,1017,Intersection of Vassar St & MAIN St,Vassar St & MAIN St,Large,Active
4933,1006,Intersection of Blake St & Orchard St,Blake St & Orchard St,Medium,Inactive
4934,1016,Intersection of SPERIDAKIS Ter & Pearl St,SPERIDAKIS Ter & Pearl St,Small,Active
4935,1024,Intersection of Bow St & Dewolfe St,Bow St & Dewolfe St,Small,Inactive
4936,1012,Intersection of CAMBRIDGE St & MONSIGNOR OBRIEN HWY,CAMBRIDGE St & MONSIGNOR OBRIEN HWY,Large,Active
4937,1019,Intersection of State St & Village St,State St & Village St,Medium,Active
4938,1005,Intersection of Mount Auburn St & Holyoke Pl,Mount Auburn St & Holyoke Pl,Small,Active
4939,1017,Intersection of CAMERON Ave & FAIR OAKS St,CAMERON Ave & FAIR OAKS St,Medium,Active
4940,1026,Intersection of MASSACHUSETTS Ave & MILTON St,MASSACHUSETTS Ave & MILTON St,Small,Active
4941,1023,Intersection of Brattle St & Channing St,Brattle St & Channing St,Large,Active
4942,1026,"100 Coolidge Hill Rd Site","100 Coolidge Hill Rd",Medium,Active
4943,1029,"200 Alewife Brook Pky Site","200 Alewife Brook Pky",Medium,Active
4944,1001,Intersection of Galileo Galilei Way & Broadway,Galileo Galilei Way & Broadway,Small,Active
4945,1028,Intersection of DODGE St & WESTERN Ave,DODGE St & WESTERN Ave,Small,Active
4946,1027,Intersection of FLAGG St & Memorial Dr,FLAGG St & Memorial Dr,Small,Active
4947,1025,Intersection of Memorial Dr & River St,Memorial Dr & River St,Medium,Active
4948,1024,"100 Exeter Park Site","100 Exeter Park",Large,Inactive
4949,1023,Intersection of RAYMOND St & Walden St,RAYMOND St & Walden St,Large,Active
4950,1010,Intersection of GURNEY St & HURON Ave,GURNEY St & HURON Ave,Small,Active
4951,1015,FELTON St Site,FELTON St,Large,Active
4952,1023,Intersection of WINDSOR St & Newtowne Ct,WINDSOR St & Newtowne Ct,Small,Inactive
4953,1021,Intersection of ROBINSON St & Robinson St,ROBINSON St & Robinson St,Large,Active
4954,1021,Intersection of VASSAL LN & WALDEN St,VASSAL LN & WALDEN St,Medium,Active
4955,1011,KIRKLAND Rd Site,KIRKLAND Rd,Small,Active
4956,1013,Intersection of Winter St & Monsignor OBrien Hwy,Winter St & Monsignor OBrien Hwy,Large,Active
4957,1005,"200 Walden Park Site","200 Walden Park",Medium,Active
4958,1001,Intersection of FROST St & Roseland St,FROST St & Roseland St,Large,Active
4959,1024,Hampshire St Site,Hampshire St,Medium,Active
4960,1012,Intersection of Alewife Brook Pky & CONCORD Ave,Alewife Brook Pky & CONCORD Ave,Medium,Inactive
4961,1011,"700 Concord Ave Site","700 Concord Ave",Large,Active
4962,1017,Intersection of MADISON St & Concord Ave,MADISON St & Concord Ave,Large,Active
4963,1004,Intersection of PLEASANT St & Auburn St,PLEASANT St & Auburn St,Medium,Inactive
4964,1015,Intersection of BENNETT St & JFK Park,BENNETT St & JFK Park,Medium,Active
4965,1025,Intersection of Flagg St & Memorial Dr,Flagg St & Memorial Dr,Medium,Active
4966,1030,Intersection of Waterhouse St & Concord Ave,Waterhouse St & Concord Ave,Small,Active
4967,1009,Intersection of BROOKLINE Pl & FRANKLIN St,BROOKLINE Pl & FRANKLIN St,Medium,Active
4968,1021,Intersection of WEBSTER Ave & Lilac Ct,WEBSTER Ave & Lilac Ct,Small,Inactive
4969,1020,Intersection of SOMERVILLE Ave & Porter Sq,SOMERVILLE Ave & Porter Sq,Medium,Active
4970,1019,Intersection of CUSHING St & THINGVALLA Ave,CUSHING St & THINGVALLA Ave,Small,Active
4971,1019,Loomis St Site,Loomis St,Medium,Inactive
4972,1012,Intersection of CONCORD Ave & Moulton St,CONCORD Ave & Moulton St,Medium,Active
4973,1005,Intersection of DUDLEY St & MONTGOMERY St,DUDLEY St & MONTGOMERY St,Medium,Active
4974,1010,Intersection of CHESTNUT St & WAVERLY St,CHESTNUT St & WAVERLY St,Large,Inactive
4975,1017,Intersection of Sidney St & Putnam Ave,Sidney St & Putnam Ave,Large,Active
4976,1005,Intersection of HUDSON St & MASSACHUSETTS Ave,HUDSON St & MASSACHUSETTS Ave,Medium,Active
4977,1022,Intersection of WOOD St & Cadbury Rd,WOOD St & Cadbury Rd,Small,Active
4978,1016,Intersection of ENDICOTT St & MEMORIAL DR,ENDICOTT St & MEMORIAL DR,Small,Active
4979,1007,Intersection of SECKEL St & WINDSOR St,SECKEL St & WINDSOR St,Medium,Inactive
4980,1028,Intersection of CHARLES St & LOPEZ Ave,CHARLES St & LOPEZ Ave,Large,Active
4981,1009,Intersection of GORE St & MONSIGNOR OBRIEN HWY,GORE St & MONSIGNOR OBRIEN HWY,Small,Inactive
4982,1003,"200 BROADWAY Site","200 BROADWAY",Large,Inactive
4983,1015,"100 CHAUNCY St Site","100 CHAUNCY St",Small,Inactive
4984,1016,Intersection of FRANCIS Ave & Francis Ave,FRANCIS Ave & Francis Ave,Medium,Active
4985,1018,Pemberton St Site,Pemberton St,Large,Active
4986,1014,Intersection of MAIN St & OSBORN St,MAIN St & OSBORN St,Small,Active
4987,1003,Intersection of PLEASANT St & Florence St,PLEASANT St & Florence St,Medium,Active
4988,1012,Intersection of CAMBRIDGE St & HOVEY Ave,CAMBRIDGE St & HOVEY Ave,Medium,Active
4989,1009,Intersection of Monsignor OBrien Hwy & Sciarappa St,Monsignor OBrien Hwy & Sciarappa St,Medium,Active
4990,1028,Intersection of MASSACHUSETTS Ave & Newport Rd,MASSACHUSETTS Ave & Newport Rd,Large,Active
4991,1007,"100 HARDING St Site","100 HARDING St",Large,Active
4992,1009,"100 Kirkland St Site","100 Kirkland St",Medium,Inactive
4993,1013,Intersection of CARDINAL MEDEIROS Ave & MICHAEL WAY,CARDINAL MEDEIROS Ave & MICHAEL WAY,Large,Active
4994,1018,ELMWOOD Ave Site,ELMWOOD Ave,Small,Active
4995,1005,"400 PROSPECT St Site","400 PROSPECT St",Medium,Active
4996,1013,Intersection of SULLIVAN Rd & THINGVALLA Ave,SULLIVAN Rd & THINGVALLA Ave,Medium,Active
4997,1004,Intersection of FULKERSON St & Charles St,FULKERSON St & Charles St,Large,Inactive
4998,1002,Intersection of LEXINGTON Ave & POPLAR Rd,LEXINGTON Ave & POPLAR Rd,Medium,Active
4999,1016,Intersection of DONNELL St & KELLEY St,DONNELL St & KELLEY St,Small,Active
5000,1009,Intersection of BRATTLE St & FAYERWEATHER St,BRATTLE St & FAYERWEATHER St,Large,Active
5001,1009,"1500 MASSACHUSETTS Ave Site","1500 MASSACHUSETTS Ave",Large,Active
5002,1006,Intersection of ALPINE St & VASSAL LN,ALPINE St & VASSAL LN,Medium,Active
5003,1011,Wilson Ave Site,Wilson Ave,Medium,Active
5004,1022,"1300 MASSACHUSETTS Ave Site","1300 MASSACHUSETTS Ave",Medium,Active
5005,1024,WHITE St Site,WHITE St,Large,Active
5006,1022,Intersection of HARVARD Sq & MASSACHUSETTS Ave,HARVARD Sq & MASSACHUSETTS Ave,Medium,Inactive
5007,1001,"300 Broad Canal Way Site","300 Broad Canal Way",Small,Active
5008,1004,Intersection of Jackson Pl & Jackson Cir,Jackson Pl & Jackson Cir,Medium,Active
5009,1013,Intersection of HARVEY St & Cross St,HARVEY St & Cross St,Medium,Active
5010,1023,CHAUNCY St Site,CHAUNCY St,Large,Inactive
5011,1013,BANCROFT St Site,BANCROFT St,Medium,Inactive
5012,1013,Intersection of SCOUTING WAY & Broadway,SCOUTING WAY & Broadway,Large,Active
5013,1002,Intersection of ACACIA St & Hawthorne St,ACACIA St & Hawthorne St,Medium,Active
5014,1009,"100 Thorndike St Site","100 Thorndike St",Small,Inactive
5015,1024,Intersection of CHESTNUT St & PEARL St,CHESTNUT St & PEARL St,Small,Inactive
5016,1008,Intersection of KING Pl & Amory St,KING Pl & Amory St,Large,Active
5017,1007,Intersection of Garden St & MASSACHUSETTS Ave,Garden St & MASSACHUSETTS Ave,Large,Active
5018,1004,Intersection of CAMBRIDGE St & Pacific St,CAMBRIDGE St & Pacific St,Medium,Inactive
5019,1018,Intersection of Prospect St & Hampshire St,Prospect St & Hampshire St,Medium,Active
5020,1003,Harwell Dr Site,Harwell Dr,Small,Active
5021,1028,Intersection of Linsky Way & Second St,Linsky Way & Second St,Medium,Active
5022,1006,Intersection of Elm Street North & Davenport St,Elm Street North & Davenport St,Small,Active
5023,1012,Intersection of MEMORIAL DR & PlEASANT St,MEMORIAL DR & PlEASANT St,Large,Active
5024,1012,Intersection of Quincy St & Kirkland St,Quincy St & Kirkland St,Medium,Active
5025,1021,Intersection of Massachusetts Ave & Meacham Rd,Massachusetts Ave & Meacham Rd,Large,Active
5026,1028,Intersection of PUTNAM Ave & Mount Auburn St,PUTNAM Ave & Mount Auburn St,Medium,Inactive
5027,1008,Intersection of SHERMAN St & Bellis Cir,SHERMAN St & Bellis Cir,Small,Inactive
5028,1022,Hews St Site,Hews St,Large,Active
5029,1022,Intersection of ELLSWORTH Ave & GREENOUGH Ave,ELLSWORTH Ave & GREENOUGH Ave,Large,Active
5030,1001,Intersection of NEWELL St & StEARNS St,NEWELL St & StEARNS St,Medium,Active
5031,1004,Intersection of FIELD St & Danehy Park,FIELD St & Danehy Park,Large,Active
5032,1021,Intersection of Putnam Ave & Massachusetts Ave,Putnam Ave & Massachusetts Ave,Small,Active
5033,1028,Intersection of Columbia Ter & Columbia St,Columbia Ter & Columbia St,Large,Active
5034,1011,Intersection of HANCOCK St & Franklin St,HANCOCK St & Franklin St,Large,Active
5035,1003,Intersection of WILLIAM St & Magazine St,WILLIAM St & Magazine St,Medium,Active
5036,1013,Intersection of Buckingham St & Parker St,Buckingham St & Parker St,Large,Active
5037,1025,Intersection of ANDREW St & FAIRMONT St,ANDREW St & FAIRMONT St,Medium,Active
5038,1017,"100 Francis Ave Site","100 Francis Ave",Medium,Active
5039,1022,Intersection of AUDREY St & Memorial Dr,AUDREY St & Memorial Dr,Large,Active
5040,1022,DAVIS St Site,DAVIS St,Small,Active
5041,1010,Intersection of BOW St & PlYMPTON St,BOW St & PlYMPTON St,Medium,Active
5042,1021,HOLDEN GREEN Site,HOLDEN GREEN,Large,Inactive
5043,1012,Intersection of BROOKLINE St & Decatur St,BROOKLINE St & Decatur St,Medium,Active
5044,1015,Intersection of THORNDIKE St & Seventh St,THORNDIKE St & Seventh St,Small,Active
5045,1021,"1200 CAMBRIDGE St Site","1200 CAMBRIDGE St",Small,Active
5046,1010,Intersection of MACARELLI WAY & WARREN St,MACARELLI WAY & WARREN St,Medium,Active
5047,1014,Intersection of CAMBRIDGE St & Berkshire St,CAMBRIDGE St & Berkshire St,Small,Active
5048,1013,Lancaster St Site,Lancaster St,Large,Active
5049,1005,Intersection of SAVILLE St & WALDEN St,SAVILLE St & WALDEN St,Large,Active
5050,1006,MARKET St Site,MARKET St,Medium,Inactive
5051,1024,PORTLAND St Site,PORTLAND St,Small,Inactive
5052,1002,"100 BOLTON St Site","100 BOLTON St",Large,Active
5053,1022,"100 Essex St Site","100 Essex St",Large,Active
5054,1017,Intersection of Linsky Way & First St,Linsky Way & First St,Large,Inactive
5055,1004,"300 Monsignor OBrien Hwy Site","300 Monsignor OBrien Hwy",Medium,Active
5056,1014,Intersection of JFK St & MEMORIAL DR,JFK St & MEMORIAL DR,Medium,Active
5057,1010,Intersection of CARDINAL MEDEIROS Ave & JAMES WAY,CARDINAL MEDEIROS Ave & JAMES WAY,Large,Active
5058,1003,Intersection of PARKER St & Healey St,PARKER St & Healey St,Large,Active
5059,1025,Intersection of HAMPSHIRE St & Hampshire St,HAMPSHIRE St & Hampshire St,Small,Inactive
5060,1003,CAMBRIDGE St Site,CAMBRIDGE St,Small,Active
5061,1015,Intersection of LAKEVIEW Ave & VASSAL LN,LAKEVIEW Ave & VASSAL LN,Small,Active
5062,1006,Intersection of JACKSON St & Rindge Ave,JACKSON St & Rindge Ave,Medium,Active
5063,1017,BROADWAY CT Site,BROADWAY CT,Large,Active
5064,1012,"100 CROSS St Site","100 CROSS St",Medium,Inactive
5065,1022,Intersection of YORK St & York St,YORK St & York St,Large,Inactive
5066,1020,"100 HARVEY St Site","100 HARVEY St",Small,Active
5067,1024,Intersection of Hunting St & Cambridge St,Hunting St & Cambridge St,Small,Active
5068,1029,Intersection of Magee St & Callender St,Magee St & Callender St,Small,Active
5069,1011,Irving St Site,Irving St,Small,Active
5070,1025,Intersection of HURON Ave & MANASSAS Ave,HURON Ave & MANASSAS Ave,Large,Active
5071,1004,Intersection of CHARLES St & SCIARAPPA St,CHARLES St & SCIARAPPA St,Small,Active
5072,1026,Intersection of Dudley St & Montgomery St,Dudley St & Montgomery St,Large,Active
5073,1028,Intersection of Cambridgepark Dr & Alewife Brook Pky,Cambridgepark Dr & Alewife Brook Pky,Large,Active
5074,1026,Intersection of Gore St & Rufo Rd,Gore St & Rufo Rd,Medium,Active
5075,1006,Hilliard St Site,Hilliard St,Small,Active
5076,1001,Intersection of DUDLEY St & Reed St,DUDLEY St & Reed St,Small,Inactive
5077,1020,Intersection of MAYNARD Pl & Mount Auburn St,MAYNARD Pl & Mount Auburn St,Medium,Inactive
5078,1023,Farwell Pl Site,Farwell Pl,Large,Active
5079,1028,Robinson St Site,Robinson St,Small,Active
5080,1016,"100 BRYANT St Site","100 BRYANT St",Large,Active
5081,1015,"700 Brookline St Site","700 Brookline St",Medium,Active
5082,1017,"300 HOLDEN GREEN Site","300 HOLDEN GREEN",Large,Active
5083,1008,Intersection of Scouting Way & Broadway,Scouting Way & Broadway,Small,Active
5084,1028,"100 MARNEY St Site","100 MARNEY St",Large,Active
5085,1026,Intersection of WILLOW St & Cambridge St,WILLOW St & Cambridge St,Large,Active
5086,1012,Intersection of MASSACHUSETTS Ave & Langdon St,MASSACHUSETTS Ave & Langdon St,Small,Active
5087,1027,Intersection of MAGAZINE St & WESTERN Ave,MAGAZINE St & WESTERN Ave,Small,Active
5088,1022,Intersection of MIFFLIN Pl & Mifflin Pl,MIFFLIN Pl & Mifflin Pl,Large,Active
5089,1021,Intersection of CONCORD TPKE & Concord Tpke,CONCORD TPKE & Concord Tpke,Large,Active
5090,1010,Intersection of WESTERN Ave & Green St,WESTERN Ave & Green St,Medium,Inactive
5091,1027,Intersection of Massachusetts Ave & Putnam Ave,Massachusetts Ave & Putnam Ave,Small,Active
5092,1015,Intersection of EDUCATION St & NORTH POINT BLVD,EDUCATION St & NORTH POINT BLVD,Large,Active
5093,1030,"300 Evereteze Way Site","300 Evereteze Way",Small,Active
5094,1009,Intersection of Warren St & Cambridge St,Warren St & Cambridge St,Medium,Active
5095,1002,Intersection of Banks St & Akron St,Banks St & Akron St,Large,Active
5096,1005,CLIFTON Pl Site,CLIFTON Pl,Large,Active
5097,1006,Intersection of MASSACHUSETTS Ave & Bow St,MASSACHUSETTS Ave & Bow St,Large,Active
5098,1007,Intersection of MASSACHUSETTS Ave & Beech St,MASSACHUSETTS Ave & Beech St,Small,Active
5099,1021,Intersection of MASSACHUSETTS Ave & Roseland St,MASSACHUSETTS Ave & Roseland St,Medium,Active
5100,1025,Intersection of NEWELL St & UPLAND Rd,NEWELL St & UPLAND Rd,Small,Inactive
5101,1001,Intersection of Memorial Dr & Mount Auburn St,Memorial Dr & Mount Auburn St,Large,Inactive
5102,1023,Intersection of North Point Blvd & East St,North Point Blvd & East St,Medium,Active
5103,1026,Intersection of MONTAGUE St & Western Ave,MONTAGUE St & Western Ave,Large,Active
5104,1007,"100 MASSACHUSETTS Ave Site","100 MASSACHUSETTS Ave",Large,Inactive
5105,1020,"200 BOND St Site","200 BOND St",Small,Active
5106,1025,Intersection of Elm Street North & Miller Ave,Elm Street North & Miller Ave,Large,Inactive
5107,1030,Intersection of Granite St & Pearl St,Granite St & Pearl St,Medium,Inactive
5108,1012,Intersection of Massachusetts Ave & MASSACHUSETTS Ave,Massachusetts Ave & MASSACHUSETTS Ave,Large,Active
5109,1016,Intersection of ANDREW St & Andrew St,ANDREW St & Andrew St,Large,Active
5110,1016,Intersection of FLAGG St & Putnam Ave,FLAGG St & Putnam Ave,Small,Active
5111,1011,"100 GORE StREET Pl Site","100 GORE StREET Pl",Medium,Inactive
5112,1021,CLIFTON CIR Site,CLIFTON CIR,Small,Active
5113,1004,Intersection of PUTNAM Ave & Surrey St,PUTNAM Ave & Surrey St,Large,Inactive
5114,1013,Intersection of BROADWAY & Galileo Galilei Way,BROADWAY & Galileo Galilei Way,Small,Active
5115,1007,"100 Frost St Site","100 Frost St",Small,Active
5116,1004,Intersection of MAGAZINE St & Kelley St,MAGAZINE St & Kelley St,Small,Active
5117,1015,Intersection of Massachusetts Ave & Pearl St,Massachusetts Ave & Pearl St,Small,Active
5118,1019,Oakland St Site,Oakland St,Large,Active
5119,1009,Intersection of WASHINGTON St & Suffolk St,WASHINGTON St & Suffolk St,Large,Active
5120,1011,"500 Franklin St Site","500 Franklin St",Medium,Active
5121,1008,Intersection of Cambridge Pky & Land Blvd,Cambridge Pky & Land Blvd,Small,Active
5122,1001,Intersection of INMAN St & MASSACHUSETTS Ave,INMAN St & MASSACHUSETTS Ave,Small,Active
5123,1023,Intersection of CAMBRIDGEPARK DR & Steel Pl,CAMBRIDGEPARK DR & Steel Pl,Medium,Active
5124,1025,Traill St Site,Traill St,Small,Active
5125,1024,"100 CUSHING St Site","100 CUSHING St",Medium,Inactive
5126,1008,Intersection of BROADWAY & ELLERY Sq,BROADWAY & ELLERY Sq,Large,Active
5127,1013,Intersection of Flagg St & Putnam Ave,Flagg St & Putnam Ave,Medium,Active
5128,1022,Intersection of Massachusetts Ave & Arrow St,Massachusetts Ave & Arrow St,Small,Inactive
5129,1027,Intersection of INMAN St & WEST St,INMAN St & WEST St,Medium,Active
5130,1004,Intersection of CONCORD Ave & WALDEN St,CONCORD Ave & WALDEN St,Large,Inactive
5131,1008,"1500 Massachusetts Ave Site","1500 Massachusetts Ave",Small,Active
5132,1003,Intersection of Otis St & Max Ave,Otis St & Max Ave,Large,Inactive
5133,1029,Intersection of LOWELL St & Brattle St,LOWELL St & Brattle St,Large,Active
5134,1009,Intersection of MASSACHUSETTS Ave & Upland Rd,MASSACHUSETTS Ave & Upland Rd,Medium,Active
5135,1029,Matignon Rd Site,Matignon Rd,Large,Active
5136,1002,Intersection of Portland St & Main St,Portland St & Main St,Small,Active
5137,1002,Intersection of CONCORD Ave & GARDEN St,CONCORD Ave & GARDEN St,Large,Active
5138,1028,Intersection of Andrew St & Allston St,Andrew St & Allston St,Large,Active
5139,1013,Intersection of ACACIA St & Hawthorne St,ACACIA St & Hawthorne St,Medium,Active
5140,1015,Intersection of Hawthorne St & WILLARD St,Hawthorne St & WILLARD St,Large,Active
5141,1028,"400 THIRD St Site","400 THIRD St",Medium,Active
5142,1023,Intersection of GORE St & SEVENTH St,GORE St & SEVENTH St,Medium,Inactive
5143,1012,ALBANY St Site,ALBANY St,Small,Active
5144,1026,Intersection of MAGAZINE St & Kelly Rd,MAGAZINE St & Kelly Rd,Small,Inactive
5145,1004,CONCORD Ave Site,CONCORD Ave,Small,Active
5146,1026,Intersection of HARVARD St & MASSACHUSETTS Ave,HARVARD St & MASSACHUSETTS Ave,Small,Active
5147,1008,Intersection of CUSHING St & LOCUST St,CUSHING St & LOCUST St,Medium,Active
5148,1009,Intersection of FRANCIS Ave & IRVING St,FRANCIS Ave & IRVING St,Large,Inactive
5149,1023,Intersection of THIRD St & Spring St,THIRD St & Spring St,Small,Active
5150,1005,JACKSON CIR Site,JACKSON CIR,Small,Active
5151,1024,Intersection of JACKSON Pl & Rindge Ave,JACKSON Pl & Rindge Ave,Small,Inactive
5152,1020,"600 Kendall Sq Site","600 Kendall Sq",Large,Active
5153,1018,Intersection of HURON Ave & Huron Ave,HURON Ave & Huron Ave,Small,Inactive
5154,1011,"200 PROSPECT St Site","200 PROSPECT St",Large,Active
5155,1015,Intersection of Roseland St & Frost St,Roseland St & Frost St,Medium,Active
5156,1028,Intersection of HIGH St & HOLWORTHY St,HIGH St & HOLWORTHY St,Medium,Active
5157,1022,Intersection of Russell Field & Alewife Brook Pky,Russell Field & Alewife Brook Pky,Medium,Active
5158,1009,Seagrave Rd Site,Seagrave Rd,Large,Active
5159,1017,Intersection of Brattle St & MASSACHUSETTS Ave,Brattle St & MASSACHUSETTS Ave,Small,Active
5160,1027,White St Site,White St,Small,Active
5161,1026,Intersection of HAMPSHIRE St & Hampshire St,HAMPSHIRE St & Hampshire St,Small,Active
5162,1012,Intersection of FISKE Pl & WASHINGTON St,FISKE Pl & WASHINGTON St,Small,Active
5163,1007,"300 BINNEY St Site","300 BINNEY St",Small,Active
5164,1010,Intersection of COLUMBIA St & Market St,COLUMBIA St & Market St,Large,Active
5165,1025,"600 FRANKLIN St Site","600 FRANKLIN St",Medium,Active
5166,1026,Intersection of MONTAGUE St & River St,MONTAGUE St & River St,Small,Inactive
5167,1025,Intersection of Cambridge St & Felton St,Cambridge St & Felton St,Medium,Active
5168,1010,Intersection of HANCOCK St & Kinnaird St,HANCOCK St & Kinnaird St,Large,Inactive
5169,1027,Intersection of Van Norden St & Middlesex St,Van Norden St & Middlesex St,Large,Active
5170,1013,LANGDON St Site,LANGDON St,Small,Active
5171,1019,COGSWELL Pl Site,COGSWELL Pl,Large,Active
5172,1011,"300 PROSPECT St Site","300 PROSPECT St",Medium,Active
5173,1013,Intersection of Elm Street North & RUSSELL St,Elm Street North & RUSSELL St,Small,Inactive
5174,1021,Intersection of Norfolk St & Bishop Allen Dr,Norfolk St & Bishop Allen Dr,Small,Active
5175,1008,COGSWELL Ave Site,COGSWELL Ave,Medium,Active
5176,1008,CLIFTON CIR Site,CLIFTON CIR,Small,Active
5177,1004,"1700 Cambridge St Site","1700 Cambridge St",Small,Active
5178,1015,Intersection of BROADWAY & MERRILL St,BROADWAY & MERRILL St,Medium,Inactive
5179,1028,"100 RUSSELL St Site","100 RUSSELL St",Small,Active
5180,1011,"400 MARKET St Site","400 MARKET St",Small,Active
5181,1011,"100 ATHENAEUM St Site","100 ATHENAEUM St",Medium,Active
5182,1001,Intersection of CAMBRIDGE St & HAMPSHIRE St,CAMBRIDGE St & HAMPSHIRE St,Large,Inactive
5183,1017,Intersection of RIVER St & Kinnaird St,RIVER St & Kinnaird St,Medium,Active
5184,1015,Hurlbut St Site,Hurlbut St,Small,Active
5185,1020,Intersection of BROADWAY & Moore St,BROADWAY & Moore St,Medium,Active
5186,1006,Intersection of FOWLER St & MEMORIAL DR,FOWLER St & MEMORIAL DR,Small,Inactive
5187,1024,Intersection of Emily St & Brookline St,Emily St & Brookline St,Small,Active
5188,1022,"100 HOLWORTHY St Site","100 HOLWORTHY St",Medium,Inactive
5189,1028,"100 SHERMAN St Site","100 SHERMAN St",Small,Active
5190,1025,Intersection of CLINTON St & MASSACHUSETTS Ave,CLINTON St & MASSACHUSETTS Ave,Large,Inactive
5191,1015,Intersection of EMILY St & Brookline St,EMILY St & Brookline St,Small,Active
5192,1009,Intersection of Massachusetts Ave & Clarendon Ave,Massachusetts Ave & Clarendon Ave,Medium,Active
5193,1014,Intersection of Pleasant St & Upton St,Pleasant St & Upton St,Large,Active
5194,1018,Intersection of MASON St & Garden St,MASON St & Garden St,Large,Active
5195,1026,Intersection of CHAUNCY St & CONCORD Ave,CHAUNCY St & CONCORD Ave,Small,Active
5196,1017,"800 MASSACHUSETTS Ave Site","800 MASSACHUSETTS Ave",Medium,Active
5197,1018,Intersection of GARDEN St & HAZEL St,GARDEN St & HAZEL St,Small,Active
5198,1005,EDUCATION CIR Site,EDUCATION CIR,Small,Active
5199,1020,"100 FRANKLIN St Site","100 FRANKLIN St",Medium,Active
5200,1020,Intersection of BROADWAY & THIRD St,BROADWAY & THIRD St,Medium,Active
5201,1009,Intersection of BROADWAY & HANCOCK St,BROADWAY & HANCOCK St,Small,Active
5202,1011,Intersection of BEECH St & Orchard St,BEECH St & Orchard St,Large,Active
5203,1024,Intersection of THINGVALLA Ave & Cushing St,THINGVALLA Ave & Cushing St,Small,Active
5204,1022,Intersection of River St & Pleasant St,River St & Pleasant St,Large,Active
5205,1001,"1800 CAMBRIDGE St Site","1800 CAMBRIDGE St",Small,Active
5206,1018,"100 Dudley St Site","100 Dudley St",Medium,Inactive
5207,1006,Fifth St Site,Fifth St,Large,Active
5208,1027,"200 BROADWAY Site","200 BROADWAY",Medium,Active
5209,1002,Intersection of COTTAGE St & PlEASANT St,COTTAGE St & PlEASANT St,Medium,Inactive
5210,1015,Intersection of BOW St & Plympton St,BOW St & Plympton St,Medium,Inactive
5211,1029,Intersection of LAND BLVD & Monsignor OBrien Hwy,LAND BLVD & Monsignor OBrien Hwy,Medium,Active
5212,1026,"100 Cushing St Site","100 Cushing St",Medium,Inactive
5213,1021,Intersection of HARVEY St & MONTGOMERY St,HARVEY St & MONTGOMERY St,Small,Active
5214,1014,Intersection of PEMBERTON St & SARGENT St,PEMBERTON St & SARGENT St,Large,Active
5215,1005,Intersection of BROADWAY & Third St,BROADWAY & Third St,Small,Inactive
5216,1006,"400 SIDNEY St Site","400 SIDNEY St",Small,Active
5217,1006,Intersection of ROGERS St & SIXTH St,ROGERS St & SIXTH St,Small,Active
5218,1030,Amherst St Site,Amherst St,Medium,Active
5219,1022,Washington Ave Site,Washington Ave,Small,Active
5220,1030,Intersection of Auburn Park & Brookline St,Auburn Park & Brookline St,Large,Active
5221,1018,Intersection of BRATTLE St & Mount Pleasant St,BRATTLE St & Mount Pleasant St,Small,Inactive
5222,1014,"300 MASSACHUSETTS Ave Site","300 MASSACHUSETTS Ave",Medium,Active
5223,1010,Mount Auburn St Site,Mount Auburn St,Large,Active
5224,1014,Intersection of BERKSHIRE St & Marney St,BERKSHIRE St & Marney St,Large,Active
5225,1013,Intersection of Museum Way & Education St,Museum Way & Education St,Large,Active
5226,1030,"100 Main St Site","100 Main St",Large,Active
5227,1003,Intersection of Stearns St & Sherman St,Stearns St & Sherman St,Small,Active
5228,1030,"200 Washington Elms Site","200 Washington Elms",Medium,Active
5229,1006,Intersection of MASSACHUSETTS Ave & VILLAGE St,MASSACHUSETTS Ave & VILLAGE St,Large,Active
5230,1029,Intersection of ROCKINGHAM St & Granite St,ROCKINGHAM St & Granite St,Large,Active
5231,1008,Intersection of HAMMOND St & Oxford St,HAMMOND St & Oxford St,Medium,Inactive
5232,1012,Intersection of MAIN St & Main St,MAIN St & Main St,Small,Inactive
5233,1013,Intersection of BINNEY St & Sixth St,BINNEY St & Sixth St,Large,Active
5234,1011,Intersection of Mount Vernon St & Massachusetts Ave,Mount Vernon St & Massachusetts Ave,Small,Inactive
5235,1012,Intersection of ROBERTS Rd & Cambridge St,ROBERTS Rd & Cambridge St,Small,Active
5236,1001,Intersection of HARVARD St & NORFOLK St,HARVARD St & NORFOLK St,Small,Active
5237,1017,Intersection of Vassar St & Main St,Vassar St & Main St,Small,Active
5238,1016,FLANDERS Rd Site,FLANDERS Rd,Large,Inactive
5239,1011,"200 Jacobs St Site","200 Jacobs St",Large,Active
5240,1013,Intersection of Brattle St & Church St,Brattle St & Church St,Small,Active
5241,1018,Intersection of HAMPSHIRE St & Windsor St,HAMPSHIRE St & Windsor St,Small,Active
5242,1011,Intersection of JFK St & Eliot St,JFK St & Eliot St,Medium,Active
5243,1028,"100 Massachusetts Ave Site","100 Massachusetts Ave",Medium,Inactive
5244,1012,"1400 MASSACHUSETTS Ave Site","1400 MASSACHUSETTS Ave",Medium,Active
5245,1006,Intersection of MAX Ave & Cambridge St,MAX Ave & Cambridge St,Large,Active
5246,1009,Intersection of Fifth St & Spring St,Fifth St & Spring St,Medium,Active
5247,1016,Intersection of Harvard St & Moore St,Harvard St & Moore St,Large,Active
5248,1004,Dover St Site,Dover St,Large,Active
5249,1003,Intersection of MASSACHUSETTS Ave & WOODBRIDGE St,MASSACHUSETTS Ave & WOODBRIDGE St,Large,Active
5250,1028,Intersection of LOCUST St & Locust St,LOCUST St & Locust St,Large,Active
5251,1016,Intersection of Columbia St & Broadway,Columbia St & Broadway,Medium,Active
5252,1024,LOCUST Ter Site,LOCUST Ter,Small,Inactive
5253,1027,Intersection of Tremont St & Hampshire St,Tremont St & Hampshire St,Small,Active
5254,1026,GOLD StAR ROAD CT Site,GOLD StAR ROAD CT,Small,Active
5255,1030,Intersection of Mill St & Plympton St,Mill St & Plympton St,Medium,Active
5256,1025,Intersection of DOYLE WAY & INMAN St,DOYLE WAY & INMAN St,Small,Inactive
5257,1012,Intersection of Massachusetts Ave & Douglass St,Massachusetts Ave & Douglass St,Medium,Active
5258,1011,Intersection of LONGFELLOW BRIDGE & Main St,LONGFELLOW BRIDGE & Main St,Medium,Active
5259,1005,"100 Broadway Site","100 Broadway",Medium,Active
5260,1025,Intersection of BRATTLE St & ELMWOOD Ave,BRATTLE St & ELMWOOD Ave,Small,Active
5261,1018,Intersection of Hancock St & Massachusetts Ave,Hancock St & Massachusetts Ave,Small,Active
5262,1019,Intersection of Gray Gardens East & RAYMOND St,Gray Gardens East & RAYMOND St,Small,Inactive
5263,1023,"100 INMAN St Site","100 INMAN St",Large,Active
5264,1023,Intersection of Massachusetts Ave & Mount Auburn St,Massachusetts Ave & Mount Auburn St,Medium,Active
5265,1006,Intersection of COLUMBIA St & Columbia St,COLUMBIA St & Columbia St,Large,Inactive
5266,1022,Intersection of Kendall St & Third St,Kendall St & Third St,Medium,Active
5267,1018,Intersection of WARREN St & Cambridge St,WARREN St & Cambridge St,Small,Active
5268,1026,Intersection of MASSACHUSETTS Ave & PORTER Rd,MASSACHUSETTS Ave & PORTER Rd,Medium,Active
5269,1006,Intersection of Jefferson St & Warren St,Jefferson St & Warren St,Medium,Active
5270,1004,Intersection of GREEN St & River St,GREEN St & River St,Large,Active
5271,1012,Intersection of BRUCE St & PUTNAM Ave,BRUCE St & PUTNAM Ave,Medium,Active
5272,1019,Intersection of Linnaean St & MASSACHUSETTS Ave,Linnaean St & MASSACHUSETTS Ave,Small,Active
5273,1029,Intersection of Mount Auburn St & Hilliard St,Mount Auburn St & Hilliard St,Medium,Active
5274,1027,"300 Franklin St Site","300 Franklin St",Medium,Active
5275,1029,Intersection of PEMBERTON St & Pemberton St,PEMBERTON St & Pemberton St,Medium,Active
5276,1002,BROAD CANAL WAY Site,BROAD CANAL WAY,Large,Active
5277,1017,Intersection of Frost St & Prentiss St,Frost St & Prentiss St,Medium,Active
5278,1011,Intersection of BREWER St & ROSS St,BREWER St & ROSS St,Medium,Inactive
5279,1011,Intersection of Willow St & Palermo St,Willow St & Palermo St,Large,Inactive
5280,1021,Intersection of WILLOW St & York St,WILLOW St & York St,Large,Active
5281,1016,Intersection of Massachusetts Ave & Hancock St,Massachusetts Ave & Hancock St,Large,Active
5282,1002,PARKWAY Ter Site,PARKWAY Ter,Large,Inactive
5283,1002,Intersection of SECOND St & Binney St,SECOND St & Binney St,Small,Active
5284,1023,Intersection of MAGAZINE St & Green St,MAGAZINE St & Green St,Small,Active
5285,1008,Intersection of SECOND St & Rogers St,SECOND St & Rogers St,Medium,Active
5286,1013,Intersection of UNIVERSITY Rd & Bennett St,UNIVERSITY Rd & Bennett St,Small,Inactive
5287,1010,Intersection of Sidney St & Main St,Sidney St & Main St,Medium,Active
5288,1008,Intersection of CAMBRIDGE St & Cambridge St,CAMBRIDGE St & Cambridge St,Small,Active
5289,1030,Intersection of Rindge Ave & Jackson Cir,Rindge Ave & Jackson Cir,Large,Active
5290,1004,WHITE StREET Pl Site,WHITE StREET Pl,Large,Active
5291,1015,Intersection of BISHOP ALLEN DR & Galileo Galilei Way,BISHOP ALLEN DR & Galileo Galilei Way,Small,Active
5292,1030,Intersection of Linear Park & HARVEY St,Linear Park & HARVEY St,Small,Inactive
5293,1001,Intersection of COOLIDGE Ave & Coolidge Ave,COOLIDGE Ave & Coolidge Ave,Medium,Active
5294,1011,Intersection of DIVINITY Ave & KIRKLAND St,DIVINITY Ave & KIRKLAND St,Medium,Active
5295,1007,"1600 Cambridge Cemetery Site","1600 Cambridge Cemetery",Medium,Inactive
5296,1017,Intersection of DOUGLASS St & MASSACHUSETTS Ave,DOUGLASS St & MASSACHUSETTS Ave,Large,Inactive
5297,1027,"800 Memorial Dr Site","800 Memorial Dr",Large,Active
5298,1020,Intersection of CAMBRIDGE St & Springfield St,CAMBRIDGE St & Springfield St,Large,Active
5299,1024,Intersection of Columbia St & Market St,Columbia St & Market St,Large,Active
5300,1018,Intersection of LANCASTER St & Lancaster St,LANCASTER St & Lancaster St,Medium,Active
5301,1022,UNIVERSITY Rd Site,UNIVERSITY Rd,Large,Active
5302,1029,Intersection of BERKELEY Pl & BERKELEY St,BERKELEY Pl & BERKELEY St,Large,Inactive
5303,1022,School St Site,School St,Large,Active
5304,1012,Henry St Site,Henry St,Large,Active
5305,1009,Intersection of MASSACHUSETTS Ave & Green St,MASSACHUSETTS Ave & Green St,Small,Active
5306,1005,Intersection of PEABODY St & Garden St,PEABODY St & Garden St,Medium,Active
5307,1010,Intersection of Forest St & Oxford St,Forest St & Oxford St,Medium,Active
5308,1004,Norfolk St Site,Norfolk St,Large,Inactive
5309,1005,Intersection of BANCROFT St & WESTERN Ave,BANCROFT St & WESTERN Ave,Small,Active
5310,1028,Intersection of CONCORD Ave & SPINELLI Pl,CONCORD Ave & SPINELLI Pl,Medium,Active
5311,1028,Intersection of ALBANY St & ERIE St,ALBANY St & ERIE St,Medium,Active
5312,1010,Intersection of CHARLES St & Sixth St,CHARLES St & Sixth St,Large,Active
5313,1011,Intersection of PURRINGTON St & Pacific St,PURRINGTON St & Pacific St,Large,Active
5314,1021,Intersection of CENTRAL Sq & WESTERN Ave,CENTRAL Sq & WESTERN Ave,Medium,Active
5315,1024,"100 CHURCH St Site","100 CHURCH St",Medium,Active
5316,1010,Intersection of York St & Willow St,York St & Willow St,Small,Active
5317,1028,Intersection of Fulkerson St & Otis St,Fulkerson St & Otis St,Medium,Active
5318,1008,"3800 Pearl St Site","3800 Pearl St",Medium,Active
5319,1002,Intersection of Cambridge St & Marion St,Cambridge St & Marion St,Large,Active
5320,1023,Intersection of HARVARD St & PROSPECT St,HARVARD St & PROSPECT St,Medium,Active
5321,1008,Intersection of GRISWOLD St & LOOMIS St,GRISWOLD St & LOOMIS St,Large,Inactive
5322,1016,Intersection of BROADWAY & Ellery St,BROADWAY & Ellery St,Medium,Inactive
5323,1027,Intersection of Granite St & Brookline St,Granite St & Brookline St,Medium,Inactive
5324,1022,Intersection of MAGAZINE St & Hamilton St,MAGAZINE St & Hamilton St,Medium,Active
5325,1005,Intersection of BELMONT St & Holworthy St,BELMONT St & Holworthy St,Small,Active
5326,1027,Intersection of Beech St & MASSACHUSETTS Ave,Beech St & MASSACHUSETTS Ave,Large,Active
5327,1025,Intersection of MILL St & PlYMPTON St,MILL St & PlYMPTON St,Small,Inactive
5328,1029,"100 Lincoln St Site","100 Lincoln St",Medium,Active
5329,1003,Intersection of Sidney St & Franklin St,Sidney St & Franklin St,Small,Active
5330,1012,Intersection of CLAY St & HARVEY St,CLAY St & HARVEY St,Large,Active
5331,1013,Intersection of BROOKLINE St & Emily St,BROOKLINE St & Emily St,Medium,Active
5332,1013,"200 JACOBS St Site","200 JACOBS St",Small,Inactive
5333,1010,Intersection of Garden St & Concord Ave,Garden St & Concord Ave,Small,Inactive
5334,1004,Intersection of Massachusetts Ave & Shepard St,Massachusetts Ave & Shepard St,Large,Inactive
5335,1009,Intersection of BANKS St & HINGHAM St,BANKS St & HINGHAM St,Small,Active
5336,1022,BEDFORD St Site,BEDFORD St,Large,Active
5337,1024,Intersection of FRANKLIN St & Western Ave,FRANKLIN St & Western Ave,Medium,Active
5338,1023,Intersection of Aberdeen Ave & Huron Ave,Aberdeen Ave & Huron Ave,Medium,Active
5339,1027,"100 PINE St Site","100 PINE St",Small,Active
5340,1002,Intersection of HOVEY Ave & Cambridge St,HOVEY Ave & Cambridge St,Medium,Inactive
5341,1019,"200 ALBANY St Site","200 ALBANY St",Medium,Active
5342,1001,Intersection of HANCOCK Pl & HANCOCK St,HANCOCK Pl & HANCOCK St,Small,Inactive
5343,1025,LINWOOD Pl Site,LINWOOD Pl,Medium,Active
5344,1029,Intersection of PLEASANT St & Putnam Ave,PLEASANT St & Putnam Ave,Small,Active
5345,1007,Intersection of SECOND St & Otis St,SECOND St & Otis St,Large,Active
5346,1017,Intersection of BATES St & Bates St,BATES St & Bates St,Large,Inactive
5347,1003,Intersection of FOSTER St & WILLARD St,FOSTER St & WILLARD St,Large,Active
5348,1020,Intersection of MASSACHUSETTS Ave & Pearl St,MASSACHUSETTS Ave & Pearl St,Small,Active
5349,1020,Intersection of ABERDEEN Ave & ABERDEEN CT,ABERDEEN Ave & ABERDEEN CT,Small,Active
5350,1021,Intersection of TEMPLE St & Temple St,TEMPLE St & Temple St,Medium,Active
5351,1030,Harding St Site,Harding St,Medium,Active
5352,1003,Intersection of Massachusetts Ave & Hancock Park,Massachusetts Ave & Hancock Park,Medium,Active
5353,1003,Intersection of White St & Massachusetts Ave,White St & Massachusetts Ave,Medium,Active
5354,1017,"500 WATER St Site","500 WATER St",Medium,Inactive
5355,1007,Intersection of ELLSWORTH Ave & Broadway,ELLSWORTH Ave & Broadway,Small,Inactive
5356,1027,Intersection of Shepard St & Massachusetts Ave,Shepard St & Massachusetts Ave,Small,Active
5357,1026,Intersection of Fresh Pond Pky & LARCHWOOD DR,Fresh Pond Pky & LARCHWOOD DR,Large,Active
5358,1014,Prentiss St Site,Prentiss St,Large,Active
5359,1017,"100 WASHINGTON ELMS Site","100 WASHINGTON ELMS",Large,Active
5360,1018,Central Pl Site,Central Pl,Large,Active
5361,1013,Intersection of MASSACHUSETTS Ave & Cottage Park Ave,MASSACHUSETTS Ave & Cottage Park Ave,Small,Active
5362,1020,Intersection of Mount Auburn St & HOMER Ave,Mount Auburn St & HOMER Ave,Small,Active
5363,1029,Intersection of GOLD StAR Rd & SEVEN PINES Ave,GOLD StAR Rd & SEVEN PINES Ave,Small,Inactive
5364,1020,Intersection of PETERS St & PUTNAM Ave,PETERS St & PUTNAM Ave,Medium,Active
5365,1021,"100 SIDNEY St Site","100 SIDNEY St",Medium,Inactive
5366,1027,Intersection of THORNDIKE St & Fulkerson St,THORNDIKE St & Fulkerson St,Large,Active
5367,1018,Intersection of WESTERN Ave & Jay St,WESTERN Ave & Jay St,Medium,Active
5368,1004,Intersection of Cambridge Pky & Cambridge Pky,Cambridge Pky & Cambridge Pky,Small,Inactive
5369,1001,Intersection of WESTERN Ave & Howard St,WESTERN Ave & Howard St,Large,Active
5370,1018,Intersection of MONSIGNOR OBRIEN HWY & First St,MONSIGNOR OBRIEN HWY & First St,Large,Active
5371,1001,"100 LARCH Rd Site","100 LARCH Rd",Medium,Active
5372,1026,Intersection of TREMONT St & Broadway,TREMONT St & Broadway,Large,Active
5373,1026,Intersection of DOANE St & FOSTER St,DOANE St & FOSTER St,Medium,Active
5374,1013,Intersection of DOANE St & KENWAY St,DOANE St & KENWAY St,Medium,Inactive
5375,1020,Intersection of SHERIDAN St & WOOD St,SHERIDAN St & WOOD St,Large,Active
5376,1020,Intersection of WHITTEMORE Ave & Madison St,WHITTEMORE Ave & Madison St,Medium,Inactive
5377,1023,Intersection of Florence St & Magazine St,Florence St & Magazine St,Medium,Active
5378,1010,"1700 MASSACHUSETTS Ave Site","1700 MASSACHUSETTS Ave",Medium,Active
5379,1027,"300 PROSPECT St Site","300 PROSPECT St",Medium,Active
5380,1011,Intersection of Windsor St & Washington St,Windsor St & Washington St,Large,Inactive
5381,1009,"700 Massachusetts Ave Site","700 Massachusetts Ave",Small,Inactive
5382,1009,Intersection of Berkshire St & Marcella St,Berkshire St & Marcella St,Small,Inactive
5383,1005,Intersection of ASHBURTON Pl & Ashburton Pl,ASHBURTON Pl & Ashburton Pl,Medium,Active
5384,1026,Intersection of BRATTLE St & Eliot Sq,BRATTLE St & Eliot Sq,Medium,Active
5385,1001,Intersection of CHAUNCY LN & CHAUNCY St,CHAUNCY LN & CHAUNCY St,Medium,Active
5386,1017,Intersection of GRANITE St & Magazine St,GRANITE St & Magazine St,Small,Inactive
5387,1022,ERICSSON St Site,ERICSSON St,Medium,Inactive
5388,1002,Intersection of Binney St & First St,Binney St & First St,Large,Inactive
5389,1024,"600 GREEN St Site","600 GREEN St",Large,Inactive
5390,1013,Intersection of OAKLAND St & Cambridge St,OAKLAND St & Cambridge St,Large,Active
5391,1009,Intersection of VINCENT St & WALDEN St,VINCENT St & WALDEN St,Small,Active
5392,1029,"100 LANGDON Sq Site","100 LANGDON Sq",Medium,Active
5393,1004,Erie St Site,Erie St,Medium,Inactive
5394,1005,Intersection of Gray Gardens East & Gray Gardens East,Gray Gardens East & Gray Gardens East,Medium,Inactive
5395,1011,Intersection of WAVERLY St & WAVERLY St,WAVERLY St & WAVERLY St,Small,Active
5396,1024,Intersection of EAST St & East St,EAST St & East St,Small,Active
5397,1019,Intersection of HARDING St & Willow St,HARDING St & Willow St,Small,Active
5398,1021,Intersection of Pleasant St & WESTERN Ave,Pleasant St & WESTERN Ave,Small,Active
5399,1003,"100 WINSLOW St Site","100 WINSLOW St",Large,Active
5400,1012,"100 Pemberton St Site","100 Pemberton St",Small,Inactive
5401,1026,Intersection of FAINWOOD CIR & FAYETTE St,FAINWOOD CIR & FAYETTE St,Small,Active
5402,1019,Intersection of MARION St & Marion St,MARION St & Marion St,Small,Active
5403,1019,Education Cir Site,Education Cir,Medium,Active
5404,1013,Intersection of HENRY St & ROCKINGHAM St,HENRY St & ROCKINGHAM St,Medium,Active
5405,1028,Intersection of MORGAN Ave & Water St,MORGAN Ave & Water St,Medium,Active
5406,1007,NEWELL St Site,NEWELL St,Large,Active
5407,1015,Intersection of CARDINAL MEDEIROS Ave & LILAC CT,CARDINAL MEDEIROS Ave & LILAC CT,Large,Active
5408,1023,Intersection of Western Ave & Franklin St,Western Ave & Franklin St,Small,Active
5409,1007,Intersection of PROSPECT St & Bishop Allen Dr,PROSPECT St & Bishop Allen Dr,Medium,Inactive
5410,1026,Intersection of MONSIGNOR OBRIEN HWY & Monsignor OBrien Hwy,MONSIGNOR OBRIEN HWY & Monsignor OBrien Hwy,Large,Active
5411,1008,Intersection of Moore St & Harvard St,Moore St & Harvard St,Medium,Inactive
5412,1005,Intersection of FRANKLIN St & Magazine St,FRANKLIN St & Magazine St,Large,Inactive
5413,1021,Intersection of LINSKY WAY & First St,LINSKY WAY & First St,Large,Inactive
5414,1014,"400 WATER St Site","400 WATER St",Small,Active
5415,1004,Intersection of MASSACHUSETTS Ave & Alewife Brook Pky,MASSACHUSETTS Ave & Alewife Brook Pky,Small,Active
5416,1023,Intersection of OSBORN St & StATE St,OSBORN St & StATE St,Large,Active
5417,1010,Intersection of Sciarappa St & Winter St,Sciarappa St & Winter St,Small,Inactive
5418,1020,Intersection of RAYMOND St & Raymond St,RAYMOND St & Raymond St,Large,Active
5419,1015,Intersection of TROWBRIDGE Pl & TROWBRIDGE St,TROWBRIDGE Pl & TROWBRIDGE St,Large,Active
5420,1018,Intersection of MAGAZINE St & Upton St,MAGAZINE St & Upton St,Medium,Inactive
5421,1020,Intersection of WAVERLY St & WAVERLY St,WAVERLY St & WAVERLY St,Small,Active
5422,1013,Intersection of MASSACHUSETTS Ave & PEARL St,MASSACHUSETTS Ave & PEARL St,Small,Active
5423,1029,Kassul Park Site,Kassul Park,Small,Active
5424,1008,Intersection of Sidney St & Erie St,Sidney St & Erie St,Medium,Active
5425,1009,Intersection of MASSACHUSETTS Ave & Landsdowne St,MASSACHUSETTS Ave & Landsdowne St,Medium,Active
5426,1016,SYCAMORE St Site,SYCAMORE St,Medium,Active
5427,1019,Intersection of FAIR OAKS St & Cameron Ave,FAIR OAKS St & Cameron Ave,Small,Active
5428,1016,"100 BISHOP ALLEN DR Site","100 BISHOP ALLEN DR",Small,Inactive
5429,1007,Intersection of Huron Ave & Concord Ave,Huron Ave & Concord Ave,Small,Active
5430,1014,Intersection of PUTNAM Ave & Newton St,PUTNAM Ave & Newton St,Medium,Active
5431,1028,"200 SMITH Pl Site","200 SMITH Pl",Medium,Inactive
5432,1014,Intersection of BERKELEY Pl & Berkeley St,BERKELEY Pl & Berkeley St,Large,Active
5433,1025,Intersection of Brattle St & Lowell St,Brattle St & Lowell St,Medium,Active
5434,1027,Intersection of Water St & Monsignor OBrien Hwy,Water St & Monsignor OBrien Hwy,Large,Active
5435,1004,Central Sq Site,Central Sq,Small,Inactive
5436,1026,"200 River St Site","200 River St",Medium,Active
5437,1015,Erie St Site,Erie St,Small,Inactive
5438,1003,Intersection of BROOKLINE St & Brookline St,BROOKLINE St & Brookline St,Small,Active
5439,1005,Gracewood Park Site,Gracewood Park,Small,Inactive
5440,1001,LINCOLN LN Site,LINCOLN LN,Small,Active
5441,1003,Gladstone St Site,Gladstone St,Medium,Active
5442,1015,Intersection of AMORY Pl & Broadway,AMORY Pl & Broadway,Small,Active
5443,1024,Intersection of Massachusetts Ave & Norris St,Massachusetts Ave & Norris St,Large,Active
5444,1027,Intersection of GILMORE BRIDGE & Leighton St,GILMORE BRIDGE & Leighton St,Medium,Active
5445,1008,GOLD StAR ROAD Pl Site,GOLD StAR ROAD Pl,Small,Inactive
5446,1029,Intersection of Sciarappa St & Cambridge St,Sciarappa St & Cambridge St,Medium,Active
5447,1004,Intersection of Fulkerson St & Spring St,Fulkerson St & Spring St,Large,Active
5448,1002,"100 HUDSON Pl Site","100 HUDSON Pl",Small,Active
5449,1029,Intersection of QUINCY St & Cambridge St,QUINCY St & Cambridge St,Large,Active
5450,1024,Wheeler St Site,Wheeler St,Small,Active
5451,1024,Intersection of CAMBRIDGE St & Columbia St,CAMBRIDGE St & Columbia St,Large,Active
5452,1010,Intersection of FROST St & Forest St,FROST St & Forest St,Small,Active
5453,1004,Intersection of RIVER St & Blackstone St,RIVER St & Blackstone St,Medium,Inactive
5454,1003,Intersection of GLASSWORKS Ave & Glassworks Ave,GLASSWORKS Ave & Glassworks Ave,Small,Active
5455,1002,Intersection of BLANCHE St & FRANKLIN St,BLANCHE St & FRANKLIN St,Medium,Active
5456,1025,Intersection of CYPRESS St & Cypress St,CYPRESS St & Cypress St,Small,Active
5457,1017,Intersection of LEE St & Harvard St,LEE St & Harvard St,Small,Active
5458,1023,Chalk St Site,Chalk St,Large,Active
5459,1021,CHAPMAN Pl Site,CHAPMAN Pl,Large,Active
5460,1024,Intersection of WRIGHT St & Wright St,WRIGHT St & Wright St,Large,Inactive
5461,1020,Intersection of BROOKLINE St & Chestnut St,BROOKLINE St & Chestnut St,Small,Active
5462,1023,Intersection of Brattle St & Fayerweather St,Brattle St & Fayerweather St,Small,Inactive
5463,1013,Intersection of Brookline St & Decatur St,Brookline St & Decatur St,Small,Active
5464,1005,"900 Cambridge St Site","900 Cambridge St",Medium,Active
5465,1030,Intersection of EDUCATION St & Museum St,EDUCATION St & Museum St,Medium,Inactive
5466,1021,"300 Upland Rd Site","300 Upland Rd",Small,Active
5467,1030,Intersection of Warren St & Warren St,Warren St & Warren St,Large,Active
5468,1009,Intersection of COLUMBIA St & Bishop Allen Dr,COLUMBIA St & Bishop Allen Dr,Large,Inactive
5469,1025,"100 PEMBERTON St Site","100 PEMBERTON St",Large,Active
5470,1029,"100 EARHART St Site","100 EARHART St",Small,Active
5471,1025,Intersection of Cambridge St & Elm St,Cambridge St & Elm St,Large,Active
5472,1028,Intersection of ATHENAEUM St & THIRD St,ATHENAEUM St & THIRD St,Small,Active
5473,1022,Intersection of CUSHING St & St SAUVEUR CT,CUSHING St & St SAUVEUR CT,Medium,Active
5474,1006,Intersection of ROGERS St & Sixth St,ROGERS St & Sixth St,Large,Active
5475,1005,Intersection of HAMPSHIRE St & ANTRIM St,HAMPSHIRE St & ANTRIM St,Medium,Active
5476,1025,"100 PEMBERTON CT Site","100 PEMBERTON CT",Large,Inactive
5477,1010,Intersection of GREEN St & PlEASANT St,GREEN St & PlEASANT St,Small,Active
5478,1008,Intersection of WESTERN Ave & Franklin St,WESTERN Ave & Franklin St,Small,Active
5479,1007,"300 MORGAN Ave Site","300 MORGAN Ave",Small,Active
5480,1007,"200 Mount Auburn St Site","200 Mount Auburn St",Small,Active
5481,1006,"200 Lakeview Ave Site","200 Lakeview Ave",Large,Inactive
5482,1021,"500 Water St Site","500 Water St",Medium,Active
5483,1029,Langdon St Site,Langdon St,Small,Active
5484,1020,Intersection of Church St & Brattle St,Church St & Brattle St,Large,Inactive
5485,1003,Intersection of Banks St & Peabody Ter,Banks St & Peabody Ter,Medium,Active
5486,1019,Intersection of BROOKLINE St & Memorial Dr,BROOKLINE St & Memorial Dr,Small,Inactive
5487,1022,Intersection of PUTNAM GDNS & Callender St,PUTNAM GDNS & Callender St,Medium,Active
5488,1015,"500 BROOKLINE St Site","500 BROOKLINE St",Small,Inactive
5489,1004,Intersection of LAND BLVD & Binney St,LAND BLVD & Binney St,Medium,Active
5490,1028,Intersection of MAIN St & Newtowne Ct,MAIN St & Newtowne Ct,Medium,Active
5491,1012,"300 Columbia St Site","300 Columbia St",Small,Inactive
5492,1006,"900 MASSACHUSETTS Ave Site","900 MASSACHUSETTS Ave",Large,Active
5493,1019,Intersection of WINDSOR St & Market St,WINDSOR St & Market St,Medium,Active
5494,1004,Intersection of Putnam Ave & Hingham St,Putnam Ave & Hingham St,Small,Inactive
5495,1015,Intersection of CHATHAM St & MERRILL St,CHATHAM St & MERRILL St,Medium,Active
5496,1009,"300 Mount Auburn Pl Site","300 Mount Auburn Pl",Medium,Active
5497,1005,Intersection of BROADWAY & SCOUTING WAY,BROADWAY & SCOUTING WAY,Large,Inactive
5498,1013,"100 North First St Site","100 North First St",Medium,Active
5499,1023,"200 Norfolk St Site","200 Norfolk St",Medium,Inactive
5500,1026,Intersection of Harvard St & Windsor St,Harvard St & Windsor St,Small,Active
5501,1018,Intersection of BROADWAY & Windsor St,BROADWAY & Windsor St,Small,Inactive
5502,1030,Intersection of FAWCETT St & Fawcett St,FAWCETT St & Fawcett St,Large,Active
5503,1030,Intersection of DONNELL St & GARDEN St,DONNELL St & GARDEN St,Medium,Active
5504,1005,Intersection of CONCORD Ave & Royal Ave,CONCORD Ave & Royal Ave,Medium,Inactive
5505,1025,Intersection of RIVERSIDE Rd & Memorial Dr,RIVERSIDE Rd & Memorial Dr,Medium,Inactive
5506,1016,JFK St Site,JFK St,Large,Active
5507,1027,Hancock St Site,Hancock St,Medium,Active
5508,1019,Intersection of LANGDON St & RUTLAND St,LANGDON St & RUTLAND St,Small,Active
5509,1014,Intersection of ACORN St & CHESTNUT St,ACORN St & CHESTNUT St,Large,Active
5510,1025,Intersection of Massachusetts Ave & Ellery St,Massachusetts Ave & Ellery St,Small,Inactive
5511,1030,"100 Bow St Site","100 Bow St",Small,Active
5512,1016,Intersection of MAGAZINE St & Chestnut St,MAGAZINE St & Chestnut St,Large,Inactive
5513,1027,Intersection of Magazine St & Tufts St,Magazine St & Tufts St,Small,Active
5514,1015,Intersection of Concord Ave & Alewife Brook Pky,Concord Ave & Alewife Brook Pky,Medium,Inactive
5515,1022,Intersection of PEARL St & Green St,PEARL St & Green St,Large,Active
5516,1004,Intersection of HARVEY St & Westley Ave,HARVEY St & Westley Ave,Small,Active
5517,1007,"100 CHILTON St Site","100 CHILTON St",Medium,Active
5518,1016,Intersection of PALMER St & Church St,PALMER St & Church St,Medium,Inactive
5519,1024,Intersection of MAGNOLIA Ave & Lamont Ave,MAGNOLIA Ave & Lamont Ave,Small,Active
5520,1022,Intersection of Mount Auburn Pl & SPARKS St,Mount Auburn Pl & SPARKS St,Medium,Inactive
5521,1021,Intersection of BROOKLINE St & BU Bridge,BROOKLINE St & BU Bridge,Large,Active
5522,1022,Intersection of DOUGLASS St & Douglass St,DOUGLASS St & Douglass St,Small,Inactive
5523,1021,Intersection of Blackstone St & River St,Blackstone St & River St,Medium,Active
5524,1008,Intersection of BATES St & RAYMOND St,BATES St & RAYMOND St,Medium,Active
5525,1017,Intersection of GLENWOOD Ave & PEARL St,GLENWOOD Ave & PEARL St,Small,Active
5526,1016,Intersection of MASSACHUSETTS Ave & Linden St,MASSACHUSETTS Ave & Linden St,Small,Active
5527,1027,CAMP St Site,CAMP St,Small,Inactive
5528,1023,Intersection of CHILTON St & FIELD St,CHILTON St & FIELD St,Small,Active
5529,1010,"700 MASSACHUSETTS Ave Site","700 MASSACHUSETTS Ave",Large,Active
5530,1010,Intersection of MAIN St & Portland St,MAIN St & Portland St,Small,Active
5531,1027,Intersection of Charles Park & Charles Park,Charles Park & Charles Park,Large,Active
5532,1002,Intersection of HEWS St & Western Ave,HEWS St & Western Ave,Large,Inactive
5533,1030,Intersection of CREIGHTON St & MASSACHUSETTS Ave,CREIGHTON St & MASSACHUSETTS Ave,Small,Inactive
5534,1009,Intersection of RIVERSIDE Pl & WESTERN Ave,RIVERSIDE Pl & WESTERN Ave,Large,Active
5535,1017,Intersection of DANA St & Chatham St,DANA St & Chatham St,Small,Active
5536,1011,Intersection of BROADWAY & Clark St,BROADWAY & Clark St,Small,Active
5537,1010,Intersection of GARDEN St & MASSACHUSETTS Ave,GARDEN St & MASSACHUSETTS Ave,Medium,Inactive
5538,1022,Intersection of Magazine St & Auburn St,Magazine St & Auburn St,Small,Active
5539,1025,Intersection of WOOD St & Wood St,WOOD St & Wood St,Medium,Active
5540,1017,OXFORD St Site,OXFORD St,Large,Active
5541,1004,"100 Raymond St Site","100 Raymond St",Medium,Active
5542,1016,Intersection of HARVARD St & Clinton St,HARVARD St & Clinton St,Large,Active
5543,1020,Intersection of Centre St & Hancock St,Centre St & Hancock St,Small,Active
5544,1015,"100 Trowbridge St Site","100 Trowbridge St",Large,Active
5545,1025,"100 PORTSMOUTH St Site","100 PORTSMOUTH St",Large,Inactive
5546,1027,Intersection of Binney St & Binney St,Binney St & Binney St,Small,Active
5547,1021,Intersection of SIXTH St & Cambridge St,SIXTH St & Cambridge St,Large,Active
5548,1005,Intersection of SCOTT St & Irving St,SCOTT St & Irving St,Small,Active
5549,1006,Intersection of Erie St & Pearl St,Erie St & Pearl St,Medium,Inactive
5550,1017,Intersection of PRESCOTT St & Harvard St,PRESCOTT St & Harvard St,Small,Inactive
5551,1001,Intersection of SPARKS St & Brattle St,SPARKS St & Brattle St,Small,Active
5552,1025,Intersection of PLEASANT Pl & Pleasant Pl,PLEASANT Pl & Pleasant Pl,Large,Active
5553,1019,Intersection of WHITE St & Somerville Ave,WHITE St & Somerville Ave,Medium,Inactive
5554,1004,LAWN CT Site,LAWN CT,Small,Inactive
5555,1017,"400 NORFOLK St Site","400 NORFOLK St",Medium,Active
5556,1009,Intersection of ACORN St & PUTNAM Ave,ACORN St & PUTNAM Ave,Medium,Inactive
5557,1024,"400 MORGAN Ave Site","400 MORGAN Ave",Large,Active
5558,1002,"100 Richdale Ave Site","100 Richdale Ave",Small,Active
5559,1008,"400 Kendall Sq Site","400 Kendall Sq",Large,Active
5560,1015,Intersection of DUNSTABLE Rd & Dunstable Rd,DUNSTABLE Rd & Dunstable Rd,Small,Active
5561,1007,EVERETT St Site,EVERETT St,Medium,Inactive
5562,1027,Intersection of LINCOLN WAY & SHERIDAN St,LINCOLN WAY & SHERIDAN St,Small,Active
5563,1006,"300 HARVARD St Site","300 HARVARD St",Small,Active
5564,1001,MASSACHUSETTS Ave Site,MASSACHUSETTS Ave,Medium,Active
5565,1015,Locke St Site,Locke St,Medium,Inactive
5566,1023,Intersection of Green St & Magazine St,Green St & Magazine St,Small,Active
5567,1026,Intersection of SCOUTING WAY & Prospect St,SCOUTING WAY & Prospect St,Large,Inactive
5568,1007,"200 River St Site","200 River St",Small,Active
5569,1029,Intersection of EVERETEZE WAY & WINDSOR St,EVERETEZE WAY & WINDSOR St,Medium,Inactive
5570,1030,"200 Miller Ave Site","200 Miller Ave",Large,Active
5571,1025,"300 RIVER St Site","300 RIVER St",Medium,Active
5572,1017,Intersection of EDUCATION St & Education Cir,EDUCATION St & Education Cir,Medium,Active
5573,1002,"200 MORGAN Ave Site","200 MORGAN Ave",Large,Active
5574,1027,Intersection of LANGDON St & Chauncy St,LANGDON St & Chauncy St,Medium,Active
5575,1009,Intersection of SPRING St & Eighth St,SPRING St & Eighth St,Medium,Inactive
5576,1029,Intersection of DANFORTH St & Danforth St,DANFORTH St & Danforth St,Medium,Active
5577,1009,"100 Rindge Ave Site","100 Rindge Ave",Medium,Active
5578,1013,Intersection of MASSACHUSETTS Ave & SELLERS St,MASSACHUSETTS Ave & SELLERS St,Medium,Active
5579,1006,Intersection of Spring St & Sciarappa St,Spring St & Sciarappa St,Medium,Inactive
5580,1006,Intersection of THORNDIKE St & Second St,THORNDIKE St & Second St,Medium,Active
5581,1020,"400 FRANKLIN St Site","400 FRANKLIN St",Medium,Active
5582,1020,Intersection of FRANKLIN St & Soden St,FRANKLIN St & Soden St,Medium,Active
5583,1021,Intersection of RESERVOIR St & Huron Ave,RESERVOIR St & Huron Ave,Small,Inactive
5584,1003,Mount Auburn Pl Site,Mount Auburn Pl,Small,Active
5585,1017,Intersection of HURON Ave & Grove St,HURON Ave & Grove St,Medium,Inactive
5586,1017,"300 GARDEN St Site","300 GARDEN St",Small,Active
5587,1012,Intersection of HARVEY St & Reed St,HARVEY St & Reed St,Large,Inactive
5588,1016,Intersection of MASSACHUSETTS Ave & Arlington St,MASSACHUSETTS Ave & Arlington St,Small,Active
5589,1015,Intersection of BROAD CANAL WAY & MAIN St,BROAD CANAL WAY & MAIN St,Medium,Inactive
5590,1013,Intersection of CLINTON St & Clinton St,CLINTON St & Clinton St,Medium,Active
5591,1023,Intersection of Seventh St & Cambridge St,Seventh St & Cambridge St,Small,Active
5592,1001,Intersection of MORGAN Ave & Education Cir,MORGAN Ave & Education Cir,Medium,Inactive
5593,1017,Intersection of GREEN St & MAGAZINE St,GREEN St & MAGAZINE St,Large,Active
5594,1003,Intersection of WESTERN Ave & Franklin St,WESTERN Ave & Franklin St,Large,Active
5595,1026,Intersection of Somerville Ave & Massachusetts Ave,Somerville Ave & Massachusetts Ave,Medium,Active
5596,1015,Intersection of RUFO Rd & Gore St,RUFO Rd & Gore St,Large,Active
5597,1004,Intersection of FAIRMONT St & Fairmont Ave,FAIRMONT St & Fairmont Ave,Large,Active
5598,1004,Intersection of HURON Ave & SPARKS St,HURON Ave & SPARKS St,Small,Inactive
5599,1018,Intersection of CAMBRIDGEPARK DR & StEEL Pl,CAMBRIDGEPARK DR & StEEL Pl,Large,Active
5600,1017,Intersection of MASSACHUSETTS Ave & Pleasant St,MASSACHUSETTS Ave & Pleasant St,Small,Active
5601,1019,Intersection of CALLENDER St & Howard St,CALLENDER St & Howard St,Medium,Active
5602,1011,Intersection of HURLEY St & Sixth St,HURLEY St & Sixth St,Small,Inactive
5603,1020,Intersection of BOLTON St & SHERMAN St,BOLTON St & SHERMAN St,Medium,Active
5604,1003,"300 Charles St Site","300 Charles St",Medium,Active
5605,1008,"400 PROSPECT St Site","400 PROSPECT St",Medium,Active
5606,1014,Intersection of FOREST St & MASSACHUSETTS Ave,FOREST St & MASSACHUSETTS Ave,Medium,Inactive
5607,1026,Intersection of Pearl St & Franklin St,Pearl St & Franklin St,Medium,Inactive
5608,1001,Intersection of Banks St & Mount Auburn St,Banks St & Mount Auburn St,Small,Inactive
5609,1014,Intersection of AUBURN St & Salem St,AUBURN St & Salem St,Medium,Active
5610,1002,Intersection of JFK St & Mount Auburn St,JFK St & Mount Auburn St,Large,Active
5611,1029,Intersection of PLEASANT St & Franklin St,PLEASANT St & Franklin St,Large,Active
5612,1023,HAYWARD St Site,HAYWARD St,Medium,Active
5613,1004,"100 Mount Auburn St Site","100 Mount Auburn St",Large,Inactive
5614,1024,Intersection of Allston St & Brookline St,Allston St & Brookline St,Small,Active
5615,1027,Intersection of MAGAZINE St & Prince St,MAGAZINE St & Prince St,Small,Active
5616,1029,"100 New St Site","100 New St",Medium,Active
5617,1019,"300 ELM St Site","300 ELM St",Medium,Inactive
5618,1006,CALLENDER St Site,CALLENDER St,Medium,Inactive
5619,1025,Intersection of MASSACHUSETTS Ave & Upland Rd,MASSACHUSETTS Ave & Upland Rd,Large,Active
5620,1001,Intersection of BROOKLINE St & Hamilton St,BROOKLINE St & Hamilton St,Large,Active
5621,1017,Intersection of Surrey St & Putnam Ave,Surrey St & Putnam Ave,Small,Active
5622,1008,Intersection of JFK Park & JFK Park,JFK Park & JFK Park,Large,Active
5623,1019,RICE CIR Site,RICE CIR,Small,Inactive
5624,1021,Intersection of ALLSTON St & ANDREW St,ALLSTON St & ANDREW St,Large,Active
5625,1001,"100 WILLOW St Site","100 WILLOW St",Small,Active
5626,1005,"100 Hammond St Site","100 Hammond St",Medium,Active
5627,1027,"100 GROVE St Site","100 GROVE St",Large,Active
5628,1016,Intersection of THERIAULT CT & Clifton St,THERIAULT CT & Clifton St,Small,Inactive
5629,1006,"100 ELMWOOD St Site","100 ELMWOOD St",Large,Active
5630,1008,Intersection of MASSACHUSETTS Ave & Massachusetts Ave,MASSACHUSETTS Ave & Massachusetts Ave,Medium,Active
5631,1013,Orchard St Site,Orchard St,Small,Active
5632,1016,Intersection of DICKINSON St & MOORE St,DICKINSON St & MOORE St,Large,Active
5633,1030,"200 MONSIGNOR OBRIEN HWY Site","200 MONSIGNOR OBRIEN HWY",Large,Active
5634,1003,SIDNEY St Site,SIDNEY St,Medium,Inactive
5635,1019,NOTRE DAME Ave Site,NOTRE DAME Ave,Medium,Active
5636,1012,Intersection of HOLDEN St & SHADY HILL Sq,HOLDEN St & SHADY HILL Sq,Small,Active
5637,1016,Intersection of Cambridgeside Pl & FIRST St,Cambridgeside Pl & FIRST St,Large,Active
5638,1027,Intersection of BROADWAY & Technology Sq,BROADWAY & Technology Sq,Large,Active
5639,1011,"500 Kendall Sq Site","500 Kendall Sq",Medium,Active
5640,1010,SECOND St Site,SECOND St,Medium,Active
5641,1025,Intersection of Auburn St & River St,Auburn St & River St,Small,Active
5642,1020,CORLISS Pl Site,CORLISS Pl,Large,Active
5643,1004,"100 Fayerweather St Site","100 Fayerweather St",Large,Inactive
5644,1012,Intersection of Kirkland Pl & Quincy St,Kirkland Pl & Quincy St,Small,Active
5645,1023,Intersection of Alewife Brook Pky & CONCORD TPKE,Alewife Brook Pky & CONCORD TPKE,Small,Active
5646,1002,NORTH FIRST St Site,NORTH FIRST St,Medium,Active
5647,1024,Intersection of ALLSTON St & KENWOOD St,ALLSTON St & KENWOOD St,Medium,Active
5648,1022,Intersection of HILLIARD St & Mount Auburn St,HILLIARD St & Mount Auburn St,Small,Active
5649,1019,Intersection of PLEASANT St & Kelley St,PLEASANT St & Kelley St,Small,Active
5650,1025,Intersection of CARDINAL MEDEIROS Ave & HAMPSHIRE St,CARDINAL MEDEIROS Ave & HAMPSHIRE St,Large,Active
5651,1005,Whitney Ave Site,Whitney Ave,Small,Active
5652,1008,"200 FAYERWEATHER St Site","200 FAYERWEATHER St",Small,Inactive
5653,1007,Intersection of Massachusetts Ave & Western Ave,Massachusetts Ave & Western Ave,Large,Active
5654,1014,Intersection of HARVARD St & Moore St,HARVARD St & Moore St,Small,Active
5655,1024,Intersection of Columbia St & WEBSTER Ave,Columbia St & WEBSTER Ave,Medium,Inactive
5656,1023,Intersection of CAMBRIDGE St & Norfolk St,CAMBRIDGE St & Norfolk St,Medium,Active
5657,1003,Intersection of GROVE Ave & Grove Ave,GROVE Ave & Grove Ave,Large,Active
5658,1018,Intersection of SIDNEY St & WAVERLY St,SIDNEY St & WAVERLY St,Small,Active
5659,1016,Bradbury St Site,Bradbury St,Medium,Active
5660,1023,Intersection of Western Ave & Putnam Ave,Western Ave & Putnam Ave,Medium,Active
5661,1019,Intersection of COPLEY St & WALDEN St,COPLEY St & WALDEN St,Medium,Active
5662,1019,"400 Concord Ave Site","400 Concord Ave",Medium,Active
5663,1018,"100 HAMPSHIRE St Site","100 HAMPSHIRE St",Small,Inactive
5664,1020,Unknown Site,Unknown,Small,Active
5665,1016,Intersection of ELLERY Pl & ELLERY St,ELLERY Pl & ELLERY St,Small,Active
5666,1008,Intersection of CHESTNUT St & NEWTON St,CHESTNUT St & NEWTON St,Small,Active
5667,1028,Intersection of Holden St & Farrar St,Holden St & Farrar St,Medium,Inactive
5668,1001,Intersection of FOLLEN St & Follen St,FOLLEN St & Follen St,Large,Active
5669,1017,Intersection of CAMBRIDGE St & Prospect St,CAMBRIDGE St & Prospect St,Large,Inactive
5670,1012,BAY StATE Rd Site,BAY StATE Rd,Medium,Active
5671,1030,"200 FRANKLIN St Site","200 FRANKLIN St",Medium,Active
5672,1021,Intersection of MASSACHUSETTS Ave & Main St,MASSACHUSETTS Ave & Main St,Large,Active
5673,1011,"200 NORTH FIRST St Site","200 NORTH FIRST St",Large,Active
5674,1005,Intersection of PLEASANT St & Kinnaird St,PLEASANT St & Kinnaird St,Medium,Active
5675,1027,Intersection of HOLLIS St & RINDGE Ave,HOLLIS St & RINDGE Ave,Medium,Inactive
5676,1012,"400 ALLSTON St Site","400 ALLSTON St",Small,Active
5677,1017,"100 Buckingham St Site","100 Buckingham St",Small,Active
5678,1006,"400 MASSACHUSETTS Ave Site","400 MASSACHUSETTS Ave",Large,Inactive
5679,1001,Intersection of Massachusetts Ave & Tyler Ct,Massachusetts Ave & Tyler Ct,Medium,Active
5680,1005,Intersection of AMES St & MAIN St,AMES St & MAIN St,Large,Active
5681,1025,"100 BROOKLINE Pl Site","100 BROOKLINE Pl",Small,Active
5682,1028,Intersection of FRANKLIN St & WESTERN Ave,FRANKLIN St & WESTERN Ave,Small,Inactive
5683,1014,Intersection of QUINCY St & Harvard St,QUINCY St & Harvard St,Large,Active
5684,1005,WHITE St Site,WHITE St,Small,Active
5685,1022,Robinson St Site,Robinson St,Medium,Active
5686,1024,Intersection of Market St & Windsor St,Market St & Windsor St,Large,Inactive
5687,1027,Intersection of FRONT St & Front St,FRONT St & Front St,Medium,Active
5688,1001,Intersection of CARVER St & SACRAMENTO St,CARVER St & SACRAMENTO St,Medium,Active
5689,1030,"100 Broadway Ct Site","100 Broadway Ct",Small,Active
5690,1018,ATHENAEUM St Site,ATHENAEUM St,Medium,Inactive
5691,1016,Intersection of Fresh Pond Pky & VASSAL LN,Fresh Pond Pky & VASSAL LN,Large,Active
5692,1009,Intersection of SIDNEY St & Pacific St,SIDNEY St & Pacific St,Medium,Active
5693,1019,Intersection of Roseland St & MASSACHUSETTS Ave,Roseland St & MASSACHUSETTS Ave,Medium,Active
5694,1022,Intersection of COWPERTHWAITE St & Banks St,COWPERTHWAITE St & Banks St,Medium,Active
5695,1005,Intersection of Regent St & MASSACHUSETTS Ave,Regent St & MASSACHUSETTS Ave,Medium,Active
5696,1027,Intersection of CORPORAL BURNS Rd & FIELD St,CORPORAL BURNS Rd & FIELD St,Medium,Inactive
5697,1002,Intersection of WEST Pl & WEST St,WEST Pl & WEST St,Small,Inactive
5698,1030,Intersection of Cambridge St & Berkshire St,Cambridge St & Berkshire St,Large,Active
5699,1015,Intersection of Massachusetts Ave & Cameron Ave,Massachusetts Ave & Cameron Ave,Small,Inactive
5700,1007,Intersection of SALEM St & Auburn St,SALEM St & Auburn St,Large,Active
5701,1004,"200 CLIFTON Pl Site","200 CLIFTON Pl",Large,Active
5702,1001,"1500 Massachusetts Ave Site","1500 Massachusetts Ave",Large,Active
5703,1013,Intersection of SURREY St & Surrey St,SURREY St & Surrey St,Large,Inactive
5704,1020,Intersection of TROWBRIDGE St & Harvard St,TROWBRIDGE St & Harvard St,Large,Active
5705,1022,Intersection of Roseland St & Massachusetts Ave,Roseland St & Massachusetts Ave,Medium,Active
5706,1007,Intersection of NORTH POINT BLVD & Education Cir,NORTH POINT BLVD & Education Cir,Small,Inactive
5707,1015,Intersection of Columbia St & Webster Ave,Columbia St & Webster Ave,Small,Active
5708,1023,Intersection of West St & West Pl,West St & West Pl,Medium,Inactive
5709,1014,"1200 CAMBRIDGE St Site","1200 CAMBRIDGE St",Large,Active
5710,1023,Intersection of CHATHAM St & Dana St,CHATHAM St & Dana St,Small,Inactive
5711,1019,Intersection of MAGNOLIA Ave & ROBERTS Rd,MAGNOLIA Ave & ROBERTS Rd,Medium,Active
5712,1022,Intersection of UNIVERSITY Rd & Mount Auburn St,UNIVERSITY Rd & Mount Auburn St,Medium,Inactive
5713,1029,"500 Putnam Ave Site","500 Putnam Ave",Small,Active
5714,1024,Intersection of HOLWORTHY St & Fountain Ter,HOLWORTHY St & Fountain Ter,Small,Active
5715,1020,"300 WASHINGTON St Site","300 WASHINGTON St",Large,Inactive
5716,1029,Intersection of BREWER St & Memorial Dr,BREWER St & Memorial Dr,Large,Active
5717,1024,MAGAZINE St Site,MAGAZINE St,Small,Inactive
5718,1018,Intersection of EVERETT St & MASSACHUSETTS Ave,EVERETT St & MASSACHUSETTS Ave,Large,Inactive
5719,1010,Intersection of CLARENDON Ave & Clarendon Ave,CLARENDON Ave & Clarendon Ave,Medium,Inactive
5720,1009,"1000 MASSACHUSETTS Ave Site","1000 MASSACHUSETTS Ave",Large,Active
5721,1025,"1400 MASSACHUSETTS Ave Site","1400 MASSACHUSETTS Ave",Large,Active
5722,1008,"100 NORTH FIRST St Site","100 NORTH FIRST St",Medium,Active
5723,1026,Hunting St Site,Hunting St,Large,Active
5724,1030,Intersection of MASSACHUSETTS Ave & Prospect St,MASSACHUSETTS Ave & Prospect St,Medium,Active
5725,1029,Intersection of Lopez St & Brookline St,Lopez St & Brookline St,Large,Inactive
5726,1010,Intersection of CLARK St & Broadway,CLARK St & Broadway,Small,Active
5727,1017,"200 TerMINAL Rd Site","200 TerMINAL Rd",Large,Active
5728,1002,Intersection of Acacia St & Ash St,Acacia St & Ash St,Small,Active
5729,1006,Intersection of LINE St & Leonard Ave,LINE St & Leonard Ave,Small,Inactive
5730,1026,Intersection of HARVARD BRIDGE & MEMORIAL DR,HARVARD BRIDGE & MEMORIAL DR,Small,Active
5731,1005,Intersection of APPIAN WAY & GARDEN St,APPIAN WAY & GARDEN St,Small,Active
5732,1028,Intersection of FIELD St & Hazel St,FIELD St & Hazel St,Small,Active
5733,1030,Intersection of BLANCHARD Rd & Concord Ave,BLANCHARD Rd & Concord Ave,Medium,Active
5734,1009,NORFOLK CT Site,NORFOLK CT,Medium,Inactive
5735,1005,"800 Massachusetts Ave Site","800 Massachusetts Ave",Medium,Active
5736,1018,Intersection of MAGOUN St & MASSACHUSETTS Ave,MAGOUN St & MASSACHUSETTS Ave,Small,Active
5737,1026,Intersection of MAGAZINE St & Magazine St,MAGAZINE St & Magazine St,Large,Active
5738,1020,"100 COOLIDGE Ave Site","100 COOLIDGE Ave",Medium,Inactive
5739,1009,Intersection of Main St & Vassar St,Main St & Vassar St,Large,Active
5740,1017,Rogers St Site,Rogers St,Large,Active
5741,1027,Intersection of PUTNAM Ave & Allston St,PUTNAM Ave & Allston St,Small,Active
5742,1017,"200 Galileo Galilei Way Site","200 Galileo Galilei Way",Small,Active
5743,1012,Intersection of AMES St & Main St,AMES St & Main St,Small,Active
5744,1007,Intersection of STANDISH St & VASSAL LN,STANDISH St & VASSAL LN,Medium,Inactive
5745,1027,"300 WINDSOR St Site","300 WINDSOR St",Small,Inactive
5746,1003,Intersection of CLAY St & DUDLEY St,CLAY St & DUDLEY St,Medium,Active
5747,1010,Intersection of LAMBERT St & Cambridge St,LAMBERT St & Cambridge St,Medium,Inactive
5748,1002,Intersection of BALLORD Pl & Ballord Pl,BALLORD Pl & Ballord Pl,Medium,Inactive
5749,1025,Intersection of HARVARD St & Inman St,HARVARD St & Inman St,Medium,Inactive
5750,1003,"300 WATER St Site","300 WATER St",Small,Active
5751,1016,Intersection of RINDGE Ave & Cedar St,RINDGE Ave & Cedar St,Medium,Active
5752,1002,Amory St Site,Amory St,Small,Inactive
5753,1028,Intersection of PEARL St & Allston St,PEARL St & Allston St,Small,Active
5754,1024,Intersection of MAIN St & Osborn St,MAIN St & Osborn St,Medium,Inactive
5755,1010,HILLIARD Pl Site,HILLIARD Pl,Small,Active
5756,1006,CORCORAN LN Site,CORCORAN LN,Large,Active
5757,1022,Intersection of Broadway & Davis St,Broadway & Davis St,Small,Active
5758,1026,"100 Plymouth St Site","100 Plymouth St",Small,Active
5759,1011,"300 HURLEY St Site","300 HURLEY St",Medium,Active
5760,1023,PORTER Rd Site,PORTER Rd,Medium,Active
5761,1007,Intersection of MEMORIAL DR & Brookline St,MEMORIAL DR & Brookline St,Small,Active
5762,1027,Intersection of Norfolk St & Massachusetts Ave,Norfolk St & Massachusetts Ave,Medium,Inactive
5763,1029,Intersection of SMITH Pl & Wilson Rd,SMITH Pl & Wilson Rd,Large,Active
5764,1015,Intersection of CHURCH St & Brattle St,CHURCH St & Brattle St,Large,Inactive
5765,1006,Intersection of HILLIARD St & Hilliard St,HILLIARD St & Hilliard St,Medium,Active
5766,1020,Intersection of Sidney St & MASSACHUSETTS Ave,Sidney St & MASSACHUSETTS Ave,Small,Active
5767,1027,Intersection of LEIGHTON St & MORGAN Ave,LEIGHTON St & MORGAN Ave,Large,Active
5768,1009,Intersection of Mount Auburn St & Mifflin Pl,Mount Auburn St & Mifflin Pl,Large,Inactive
5769,1022,Intersection of BROOKFORD St & MASSACHUSETTS Ave,BROOKFORD St & MASSACHUSETTS Ave,Small,Inactive
5770,1020,"400 Fresh Pond Golf Course Site","400 Fresh Pond Golf Course",Medium,Active
5771,1012,Intersection of COLUMBIA St & HARRINGTON Ter,COLUMBIA St & HARRINGTON Ter,Large,Active
5772,1019,"100 Mount Auburn St Site","100 Mount Auburn St",Small,Active
5773,1020,Intersection of HARVARD YARD & Harvard Yard,HARVARD YARD & Harvard Yard,Small,Inactive
5774,1003,Intersection of GERRYS LANDING Rd & Memorial Dr,GERRYS LANDING Rd & Memorial Dr,Large,Active
5775,1015,Salem St Site,Salem St,Medium,Active
5776,1002,Intersection of Otis St & Second St,Otis St & Second St,Large,Active
5777,1030,Intersection of ELLERY St & MASSACHUSETTS Ave,ELLERY St & MASSACHUSETTS Ave,Small,Active
5778,1021,Intersection of Felton St & Cambridge St,Felton St & Cambridge St,Large,Active
5779,1002,Intersection of Shepard St & Garden St,Shepard St & Garden St,Medium,Active
5780,1022,"500 TECHNOLOGY Sq Site","500 TECHNOLOGY Sq",Small,Inactive
5781,1003,Intersection of Walden St & Massachusetts Ave,Walden St & Massachusetts Ave,Medium,Inactive
5782,1006,"200 ELM St Site","200 ELM St",Large,Active
5783,1015,LINNAEAN St Site,LINNAEAN St,Large,Active
5784,1027,Intersection of NEWELL St & WALDEN St,NEWELL St & WALDEN St,Medium,Active
5785,1010,Intersection of ERIE St & Magazine St,ERIE St & Magazine St,Large,Active
5786,1009,Intersection of Spring St & Second St,Spring St & Second St,Medium,Inactive
5787,1001,Intersection of CARDINAL MEDEIROS Ave & CORNELIUS WAY,CARDINAL MEDEIROS Ave & CORNELIUS WAY,Large,Active
5788,1016,Intersection of PUTNAM Ave & Magee St,PUTNAM Ave & Magee St,Medium,Inactive
5789,1006,Decatur St Site,Decatur St,Medium,Inactive
5790,1009,Intersection of MONSIGNOR OBRIEN HWY & Gore St,MONSIGNOR OBRIEN HWY & Gore St,Small,Active
5791,1027,Intersection of BERKSHIRE St & Cambridge St,BERKSHIRE St & Cambridge St,Small,Active
5792,1004,Intersection of SOUTH St & Dunster St,SOUTH St & Dunster St,Medium,Active
5793,1027,Intersection of Clifton St & Rindge Ave,Clifton St & Rindge Ave,Large,Inactive
5794,1028,Intersection of BIGELOW St & Harvard St,BIGELOW St & Harvard St,Large,Active
5795,1002,Intersection of CAMBRIDGE St & WARREN St,CAMBRIDGE St & WARREN St,Large,Active
5796,1029,"900 MASSACHUSETTS Ave Site","900 MASSACHUSETTS Ave",Medium,Inactive
5797,1004,TEMPLE St Site,TEMPLE St,Medium,Active
5798,1001,"600 WINDSOR St Site","600 WINDSOR St",Medium,Active
5799,1019,Holmes St Site,Holmes St,Medium,Active
5800,1026,Intersection of CAMERON Ave & SEVEN PINES Ave,CAMERON Ave & SEVEN PINES Ave,Small,Active
5801,1025,Intersection of DOUGLASS St & MASSACHUSETTS Ave,DOUGLASS St & MASSACHUSETTS Ave,Medium,Active
5802,1010,Intersection of HARVARD St & Davis St,HARVARD St & Davis St,Large,Active
5803,1021,Intersection of Dunster St & Massachusetts Ave,Dunster St & Massachusetts Ave,Small,Active
5804,1015,Intersection of MORGAN Ave & Morgan Ave,MORGAN Ave & Morgan Ave,Large,Inactive
5805,1027,"600 WEST KENDALL St Site","600 WEST KENDALL St",Medium,Active
5806,1022,Intersection of YORK Pl & Cardinal Medeiros Ave,YORK Pl & Cardinal Medeiros Ave,Small,Inactive
5807,1019,Intersection of WINDSOR St & Cambridge St,WINDSOR St & Cambridge St,Medium,Active
5808,1016,Intersection of Ellsworth Ave & Ellsworth Park,Ellsworth Ave & Ellsworth Park,Small,Active
5809,1021,Memorial Dr Site,Memorial Dr,Large,Active
5810,1027,Intersection of ABERDEEN Ave & ABERDEEN CT,ABERDEEN Ave & ABERDEEN CT,Medium,Inactive
5811,1024,Intersection of HEMLOCK Rd & SPARKS St,HEMLOCK Rd & SPARKS St,Medium,Active
5812,1022,"100 Montgomery St Site","100 Montgomery St",Small,Inactive
5813,1004,Intersection of GREEN St & MAGAZINE St,GREEN St & MAGAZINE St,Small,Inactive
5814,1002,"100 Hamilton St Site","100 Hamilton St",Medium,Inactive
5815,1030,Intersection of CLIFTON Pl & RINDGE Ave,CLIFTON Pl & RINDGE Ave,Small,Inactive
5816,1025,Intersection of BRATTLE St & Sparks St,BRATTLE St & Sparks St,Medium,Active
5817,1013,Intersection of Waterhouse St & Massachusetts Ave,Waterhouse St & Massachusetts Ave,Small,Inactive
5818,1028,"200 CARDINAL MEDEIROS Ave Site","200 CARDINAL MEDEIROS Ave",Large,Inactive
5819,1001,Intersection of Bow St & Linden St,Bow St & Linden St,Small,Active
5820,1017,Intersection of RUTLAND St & SHEPARD St,RUTLAND St & SHEPARD St,Large,Inactive
5821,1013,Intersection of Main St & Sidney St,Main St & Sidney St,Small,Active
5822,1004,SCHOOL St Site,SCHOOL St,Small,Inactive
5823,1007,Intersection of MUSEUM WAY & Monsignor OBrien Hwy,MUSEUM WAY & Monsignor OBrien Hwy,Medium,Active
5824,1017,Intersection of PROSPECT St & St PAUL St,PROSPECT St & St PAUL St,Small,Active
5825,1009,Intersection of BEDFORD St & PORTER St,BEDFORD St & PORTER St,Small,Inactive
5826,1004,"500 GREEN St Site","500 GREEN St",Large,Active
5827,1019,"1900 Massachusetts Ave Site","1900 Massachusetts Ave",Small,Active
5828,1001,Intersection of PILGRIM St & Brookline St,PILGRIM St & Brookline St,Medium,Active
5829,1010,Intersection of FOREST St & Newport Rd,FOREST St & Newport Rd,Large,Active
5830,1004,"1500 MASSACHUSETTS Ave Site","1500 MASSACHUSETTS Ave",Medium,Active
5831,1009,Intersection of Memorial Dr & Harvard Bridge,Memorial Dr & Harvard Bridge,Medium,Active
5832,1013,Brookline St Site,Brookline St,Medium,Active
5833,1014,Intersection of PROSPECT St & Massachusetts Ave,PROSPECT St & Massachusetts Ave,Medium,Active
5834,1010,"1600 MASSACHUSETTS Ave Site","1600 MASSACHUSETTS Ave",Large,Active
5835,1006,Intersection of Chilton St & Concord Ave,Chilton St & Concord Ave,Small,Inactive
5836,1016,Intersection of EARHART St & MORGAN Ave,EARHART St & MORGAN Ave,Medium,Active
5837,1006,"100 Garfield St Site","100 Garfield St",Large,Inactive
5838,1017,Intersection of MEMORIAL DR & Vassar St,MEMORIAL DR & Vassar St,Medium,Inactive
5839,1010,Intersection of LILAC CT & WEBSTER Ave,LILAC CT & WEBSTER Ave,Small,Inactive
5840,1018,Intersection of Broadway & Merrill St,Broadway & Merrill St,Large,Active
5841,1027,Memorial Dr Site,Memorial Dr,Large,Active
5842,1022,"200 ERIE St Site","200 ERIE St",Small,Active
5843,1018,Intersection of BOW St & LINDEN St,BOW St & LINDEN St,Large,Active
5844,1003,Intersection of ABERDEEN Ave & Mount Auburn St,ABERDEEN Ave & Mount Auburn St,Small,Active
5845,1020,Intersection of MEMORIAL DR & Ash St,MEMORIAL DR & Ash St,Large,Active
5846,1027,Mildred Hamilton Pl Site,Mildred Hamilton Pl,Large,Active
5847,1021,Intersection of DUNSTER St & SOUTH St,DUNSTER St & SOUTH St,Small,Inactive
5848,1025,Intersection of Sumner Rd & Irving Ter,Sumner Rd & Irving Ter,Small,Active
5849,1028,Intersection of ARCADIA St & EUSTIS St,ARCADIA St & EUSTIS St,Large,Active
5850,1015,Intersection of Huron Ave & Lakeview Ave,Huron Ave & Lakeview Ave,Large,Active
5851,1015,GROZIER Rd Site,GROZIER Rd,Small,Active
5852,1004,Intersection of CHESTNUT St & Brookline St,CHESTNUT St & Brookline St,Small,Active
5853,1029,Ross St Site,Ross St,Large,Active
5854,1027,Intersection of MAIN St & MEMORIAL DR,MAIN St & MEMORIAL DR,Large,Active
5855,1009,Intersection of Tudor St & Sidney St,Tudor St & Sidney St,Large,Active
5856,1027,Intersection of Sellers St & Green St,Sellers St & Green St,Small,Inactive
5857,1026,Intersection of BERKSHIRE Pl & BERKSHIRE St,BERKSHIRE Pl & BERKSHIRE St,Large,Active
5858,1019,"400 BROADWAY Site","400 BROADWAY",Medium,Inactive
5859,1024,Intersection of MASSACHUSETTS Ave & TYLER CT,MASSACHUSETTS Ave & TYLER CT,Small,Inactive
5860,1028,"100 Sixth St Site","100 Sixth St",Large,Active
5861,1017,Intersection of ABERDEEN Ave & HURON Ave,ABERDEEN Ave & HURON Ave,Small,Active
5862,1011,"1400 MASSACHUSETTS Ave Site","1400 MASSACHUSETTS Ave",Medium,Active
5863,1025,Intersection of Green St & Sidney St,Green St & Sidney St,Small,Active
5864,1009,Intersection of BOWDOIN St & MARTIN St,BOWDOIN St & MARTIN St,Large,Active
5865,1010,Intersection of Brown St & Foster St,Brown St & Foster St,Medium,Active
5866,1018,Intersection of CONCORD Ave & CONCORD LN,CONCORD Ave & CONCORD LN,Medium,Active
5867,1020,Intersection of HARVARD YARD & Cambridge St,HARVARD YARD & Cambridge St,Large,Active
5868,1013,Hayward St Site,Hayward St,Large,Active
5869,1008,Intersection of BREWSTER St & SPARKS St,BREWSTER St & SPARKS St,Large,Active
5870,1007,"200 Mount Vernon St Site","200 Mount Vernon St",Small,Active
5871,1017,Intersection of Inman St & Hampshire St,Inman St & Hampshire St,Small,Active
5872,1021,Intersection of SYCAMORE St & WALDEN St,SYCAMORE St & WALDEN St,Small,Active
5873,1023,"1000 State St Site","1000 State St",Large,Active
5874,1015,Intersection of Hawthorne St & Memorial Dr,Hawthorne St & Memorial Dr,Large,Active
5875,1020,Intersection of CLIFTON CIR & RINDGE Ave,CLIFTON CIR & RINDGE Ave,Small,Active
5876,1015,Intersection of Bishop Allen Dr & Norfolk Ct,Bishop Allen Dr & Norfolk Ct,Medium,Active
5877,1001,Intersection of Berkshire St & Hardwick St,Berkshire St & Hardwick St,Small,Active
5878,1025,Intersection of Murdock St & Bishop Allen Dr,Murdock St & Bishop Allen Dr,Medium,Active
5879,1014,Intersection of Langdon St & Rutland St,Langdon St & Rutland St,Large,Inactive
5880,1005,Intersection of White St & Elm Street North,White St & Elm Street North,Large,Active
5881,1011,Intersection of PETERS St & Putnam Ave,PETERS St & Putnam Ave,Small,Active
5882,1016,Intersection of FOREST St & Massachusetts Ave,FOREST St & Massachusetts Ave,Small,Active
5883,1002,Cambridgeside Pl Site,Cambridgeside Pl,Large,Active
5884,1008,Intersection of Sacramento St & Massachusetts Ave,Sacramento St & Massachusetts Ave,Small,Active
5885,1011,Intersection of Eliot Bridge & Gerrys Landing Rd,Eliot Bridge & Gerrys Landing Rd,Large,Active
5886,1029,Garden St Site,Garden St,Large,Active
5887,1018,Intersection of Massachusetts Ave & MEACHAM Rd,Massachusetts Ave & MEACHAM Rd,Medium,Active
5888,1003,Intersection of Mount Auburn St & Eliot St,Mount Auburn St & Eliot St,Small,Active
5889,1030,"600 KENDALL St Site","600 KENDALL St",Large,Inactive
5890,1026,Intersection of Mount Auburn St & Putnam Ave,Mount Auburn St & Putnam Ave,Small,Inactive
5891,1001,Intersection of Francis Ave & Francis Ave,Francis Ave & Francis Ave,Medium,Inactive
5892,1011,Intersection of PROSPECT St & Cambridge St,PROSPECT St & Cambridge St,Medium,Active
5893,1016,WASHINGTON CT Site,WASHINGTON CT,Small,Inactive
5894,1018,Intersection of COLUMBIA St & Harvard St,COLUMBIA St & Harvard St,Small,Active
5895,1030,NEW St Site,NEW St,Large,Active
5896,1016,"100 Sixth St Site","100 Sixth St",Medium,Active
